4493,Outline of biology
6834,List of computer scientists
6896,Outline of chemistry
6901,Outline of critical theory
8704,Outline of dance
9986,Outline of education
9987,Outline of engineering
9988,Outline of entertainment
14002,Outline of healthcare science
18247,Index of philosophy articles (A–C)
18341,Outline of linguistics
18342,Outline of law
18345,Outline of literature
19337,Index of motion picture terminology
23638,Outline of physical science
24489,Outline of physics
24490,Outline of parapsychology
24493,Outline of public affairs
24494,Index of painting-related articles
26147,Outline of religion
27893,Glossary of solitaire terms
28651,Outline of statistics
28652,Outline of sociology
28653,Outline of sculpture
30562,Glossary of topology
31001,Outline of theatre
37701,Outline of South Asian history
38877,Standard electrode potential (data page)
55032,Outline of agriculture
55937,Glossary of communication disorders
56345,Glossary of diabetes
57691,Outline of ancient Rome
90075,Index of economics articles
99553,Outline of Hinduism
99965,Index of computing articles
100151,Index of music articles
103944,Index of conservation articles
113612,Glossary of vexillology
150643,Glossary of chess
152736,Index of linguistics articles
161948,Index of cognitive science articles
162445,Index of gaming articles
165346,Index of Thailand-related articles
165351,Index of Belgium-related articles
167473,Index of language articles
169633,Outline of computer science
170646,Outline of criminal justice
173131,Glossary of Islam
184067,Index of Switzerland-related articles
191300,Glossary of Buddhism
191387,Index of religion-related articles
191457,List of statistics articles
192123,Index of accounting articles
207375,List of Laos-related topics
209914,Index of urban studies articles
211600,List of Sweden-related topics
215935,List of Italian musical terms used in English
220046,Index of chemistry articles
220065,Index of international public law articles
220072,Index of standards articles
220090,Index of anatomy articles
220684,Index of Internet-related articles
221797,Index of psychology articles
223876,Index of biology articles
231211,List of Philippines-related topics
231785,List of Finland-related topics
232319,Index of Egypt-related articles
233632,Index of Korea-related articles
233958,Index of Mongolia-related articles
235124,Index of cryptography articles
240465,Glossary of English-language idioms derived from baseball
241742,Outline of organic chemistry
247808,Glossary of library and information science
249268,Glossary of group theory
251095,List of Romania-related topics
251247,Glossary of chess problems
251424,Glossary of ring theory
251755,Index of management articles
255093,Index of ethics articles
255625,Outline of industrial organization
273204,Index of real estate articles
274621,Index of India-related articles
277956,Outline of neuroscience
287513,Index of Cantonese-related articles
291644,Glossary of field theory
295156,Index of electronics articles
295410,Index of Albania-related articles
298760,Outline of commercial law
300470,Index of climbing topics
302178,Index of logic articles
303094,Outline of green politics
306794,Glossary of ecology
315942,Index of aviation articles
325802,Glossary of graph theory
326593,Index of engineering articles
338960,Glossary of musical terminology
342408,Index of Byzantine Empire-related articles
343012,Index of philatelic articles
344933,Index of optics articles
349661,Outline of ants
350204,Outline of combinatorics
354319,Outline of category theory
355814,Outline of discrete mathematics
357616,Outline of software engineering
365510,Index of biochemistry articles
366094,Glossary of Internet-related terms
367975,Glossary of climbing terms
369692,Index of international trade topics
369981,Glossary of tensor theory
370864,Index of video-related articles
374649,List of South Africa-related topics
381675,Index of Canada-related articles
384921,Outline of Christian theology
386128,Outline of scientific method
387878,Outline of probability
401331,Index of civics articles
401433,Index of articles related to the theory of constraints
401586,Index of Germany-related articles
401589,Index of East Germany-related articles
401591,Index of Afghanistan-related articles
401593,Index of Algeria-related articles
401595,Index of Angola-related articles
401596,Index of Anguilla-related articles
401599,Index of Antigua and Barbuda-related articles
401600,Index of Armenia-related articles
401602,Index of Aruba-related articles
401603,Index of Australia-related articles
401604,Index of Austria-related articles
401606,Index of Azerbaijan-related articles
403997,Glossary of the French Revolution
405816,Outline of spirituality
409416,Glossary of partner dance terms
411526,Glossary of ballet
418778,Index of surfing articles
418797,Index of Vietnam-related articles
418853,Index of Cambodia-related articles
419387,Index of philosophy articles (D–H)
419390,Index of philosophy articles (I–Q)
419402,Index of philosophy articles (R–Z)
435358,Index of China-related articles (0–L)
435363,Index of China-related articles (M–Z)
441488,Index of Jewish history-related articles
453204,Glossary of order theory
458943,Outline of the European Union
459936,Index of color-related articles
463755,Glossary of cricket terms
470378,Index of Fiji-related articles
479202,Index of dance articles
480130,Index of wave articles
484853,List of Ireland-related topics
490861,Glossary of Riemannian and metric geometry
493259,Index of logarithm articles
500252,Index of Texas-related articles
503469,Index of articles related to African Americans
505469,Index of Michigan-related articles
506177,Index of fractal-related articles
507354,Glossary of differential geometry and topology
508324,Outline of public relations
512045,Index of feminism articles
519084,Index of Puerto Rico-related articles
528716,Index of Buddhism-related articles
533133,Index of geology articles
559043,Outline of Sikhism
559997,Index of chess articles
560667,Index of Babylon 5 articles
572288,Index of World of Darkness articles
577999,Glossary of scheme theory
578491,Glossary of rail transport terms
579480,List of Czech Republic-related topics
591768,Index of information theory articles
598555,Index of phonetics articles
605431,Outline of martial arts
609425,Index of Soviet Union-related articles
614197,Outline of classical architecture
632582,List of puzzle topics
635016,Index of evolutionary biology articles
657868,Index of literature articles
685261,Index of New Jersey-related articles
692035,Outline of BDSM
699798,Index of geography articles
702680,Index of Hawaii-related articles
733189,Index of Pennsylvania-related articles
782411,Outline of Middle-earth
800138,Index of New Hampshire-related articles
812799,Glossary of Nazi Germany
859962,Glossary of German military terms
861586,Glossary of the Weimar Republic
888264,Glossary of climate change
904443,Outline of human–computer interaction
914857,Index of Egyptian mythology articles
925440,Index of Ontario-related articles
940363,Outline of children
1006227,Glossary of sculpting
1009132,Glossary of steam locomotive components
1028053,Index of British Columbia-related articles
1036810,Glossary of nautical terms
1042164,List of mathematical jargon
1068671,Index of Catholic Church articles
1070569,Glossary of cryptographic keys
1078809,Index of Alberta-related articles
1079114,Index of Quebec-related articles
1092612,Glossary of golf
1107307,Glossary of Canadian football
1113494,Outline of poker
1120426,Index of oncology articles
1172254,Index of Portugal-related articles
1178500,Index of construction articles
1233276,Index of Gabon-related articles
1244912,Index of Kansas-related articles
1289332,Glossary of BDSM
1315071,Index of Baekje-related articles
1334249,List of Iran-related topics
1340054,Index of Islamic and Muslim-related articles
1356771,Outline of video games
1358313,Index of sociology articles
1364854,Index of HIV/AIDS-related articles
1374663,Index of molecular biology articles
1414529,List of Honduras-related topics
1417121,Index of criminology articles
1475381,Glossary of game theory
1481856,Index of Guinea-Bissau-related articles
1506069,Outline of electrical engineering
1527872,Index of journalism articles
1537367,Glossary of firefighting
1539193,Glossary of wildfire terms
1553864,"List of aviation, aerospace and aeronautical abbreviations"
1564228,List of Singapore-related topics
1568987,Index of Cameroon-related articles
1586516,Index of tort articles
1587735,Glossary of curling
1593512,List of Persia-related topics
1593985,Atomic radii of the elements (data page)
1612722,Index of genetics articles
1615824,Glossary of pinball terms
1618791,Melting points of the elements (data page)
1618792,Boiling points of the elements (data page)
1649433,Glossary of firefighting equipment
1662543,Index of Lebanon-related articles
1665940,Ionization energies of the elements (data page)
1684453,Outline of British pornography
1710274,List of Spain-related topics
1714348,Densities of the elements (data page)
1739041,Index of education articles
1744317,Glossary of rowing terms
1769000,Electronegativities of the elements (data page)
1769010,Hardnesses of the elements (data page)
1769015,Elastic properties of the elements (data page)
1833534,List of Sierra Nevada topics
1841288,Outline of energy
1848952,Electrical resistivities of the elements (data page)
1870540,Glossary of darts
1878323,Toluene (data page)
1888356,Outline of The History of the Decline and Fall of the Roman Empire
1894589,Heat capacities of the elements (data page)
1898850,Index of Sufism-related articles
1908138,Glossary of Australian and New Zealand punting
1914405,Heats of fusion of the elements (data page)
1914406,Heats of vaporization of the elements (data page)
1939411,Thermal conductivities of the elements (data page)
1967556,Thermal expansion coefficients of the elements (data page)
1967563,Speeds of sound of the elements (data page)
1996830,Acetic acid (data page)
1997650,Index of waste management articles
1999679,Index of meteorology articles
2001042,Index of forestry articles
2019981,Vapor pressures of the elements (data page)
2036259,Glossary of manias
2042349,List of Microsoft topics
2059101,Sulfuric acid (data page)
2062578,Index of Iraq-related articles
2063740,Index of Bhutan-related articles
2064581,Acetone (data page)
2081308,Ethanol (data page)
2086074,Glossary of tennis terms
2090980,Outline of the Vietnam War
2099006,Index of Georgia (country)-related articles
2114072,Glossary of dance moves
2114377,Outline of autism
2120645,Water (data page)
2131310,Outline of Ayyavazhi
2135259,Index of Turkey-related articles
2142328,Index of Saskatchewan-related articles
2142850,Glossary of probability and statistics
2152371,Methanol (data page)
2163601,Carbon monoxide (data page)
2182370,Formic acid (data page)
2189362,Phosphorus tribromide (data page)
2198117,List of New Zealand-related topics
2252847,Ammonia (data page)
2264346,Electron configurations of the elements (data page)
2270385,Index of aesthetics articles
2306576,Index of soil-related articles
2306605,Index of solar energy articles
2315927,Index of steam energy articles
2331009,Glossary of Japanese history
2349852,Index of radiation articles
2349992,Outline of rail transport
2368714,Outline of fencing
2390056,Glossary of cycling
2390225,Glossary of category theory
2393287,Boric acid (data page)
2393843,Van der Waals constants (data page)
2456429,Octafluoropropane (data page)
2458065,Index of Eastern Christianity-related articles
2464296,Glossary of beekeeping
2476612,Lead(II) chloride (data page)
2483116,Hydrogen iodide (data page)
2559795,Pyrene (data page)
2582747,Dichloromethane (data page)
2596980,Index of Singapore-related articles
2633686,Index of aerospace engineering articles
2635185,Index of mechanical engineering articles
2668437,Propane (data page)
2696160,Index of electrical engineering articles
2702229,Index of software engineering articles
2782732,Phosphoryl chloride (data page)
2893298,Glossary of numismatics
2899818,List of Morocco-related topics
2901271,Glossary of magic (illusion)
2919442,Ethylene (data page)
2965380,Glossary of blogging
3002491,Aluminium oxide (data page)
3002629,Antimony trioxide (data page)
3002779,Arsine (data page)
3002841,Arsenic trioxide (data page)
3013208,Barium chloride (data page)
3013387,Barium hydroxide (data page)
3013420,Barium oxide (data page)
3018251,Beryllium oxide (data page)
3018300,Bismuth(III) oxide (data page)
3030514,Index of Venezuela-related articles
3048838,Glossary of automotive design
3055976,Index of Argentina-related articles
3061787,Methane (data page)
3062468,Butane (data page)
3064022,Outline of the creation–evolution controversy
3072809,Glossary of philosophy
3073531,Outline of philosophy
3104368,Glossary of architecture
3115855,Glossary of Sudoku
3127260,Glossary of anime and manga
3141761,Glossary of arithmetic and Diophantine geometry
3163706,Ethyl acetate (data page)
3181956,Outline of actuarial science
3209485,Outline of food preparation
3209677,Outline of biochemistry
3262761,Outline of archaeology
3318239,Glossary of psychiatry
3349994,Glossary of business and management terms
3382049,Outline of guitars
3400190,Outline of astronomy
3401245,Outline of psychology
3402732,Outline of history
3403168,Outline of music
3403833,Outline of painting
3405245,Outline of sports
3405279,Outline of library science
3405443,Outline of business
3406503,Outline of earth science
3417508,Glossary of contract bridge terms
3436708,Sodium chloride (data page)
3437332,Glossary of Hinduism terms
3445246,Glossary of classical physics
3557760,Glossary of United Kingdom railway terms
3578618,Glossary of basketball terms
3590710,Glossary of North American railway terms
3610614,List of Cumbria-related topics
3622659,"1,3-Butadiene (data page)"
3628684,Lithium chloride (data page)
3631560,Propionic acid (data page)
3637332,Index of genetic engineering articles
3639879,Phosphorus triiodide (data page)
3639984,Phosphorus trichloride (data page)
3640035,Phosphorus trifluoride (data page)
3667008,Index of biomedical engineering articles
3667138,Index of chemical engineering articles
3799993,Glossary of Unified Modeling Language terms
3822296,Glossary of rhetorical terms
3830968,Glossary of professional wrestling terms
3878101,Glossary of literary terms
4014947,Menthol (data page)
4082933,Index of Nebraska-related articles
4119490,Glossary of education terms (A–C)
4119715,Glossary of education terms (D–F)
4120098,Glossary of education terms (G–L)
4120308,Glossary of education terms (M–O)
4120556,Glossary of education terms (P–R)
4120925,Glossary of education terms (S)
4121145,Glossary of education terms (T–Z)
4121912,Glossary of cue sports terms
4163064,Glossary of machine vision
4194949,Hydrochloric acid (data page)
4252070,Index of MS-DOS games
4277031,Index of gardening articles
4288902,Index of articles related to sound art
4371746,Pentane (data page)
4376068,Glossary of owarai terms
4389159,Glossary of wine terms
4408141,Glossary of poetry terms
4435069,Outline of wine
4525196,Index of Arizona-related articles
4543334,Index of Korea-related articles (A)
4595477,Index of Japan-related articles (0–9)
4595671,Index of Japan-related articles (A)
4595715,Index of Japan-related articles (B)
4595776,Index of Japan-related articles (C)
4595825,Index of Japan-related articles (D)
4595921,Index of Japan-related articles (E)
4595968,Index of Japan-related articles (F)
4596017,Index of Japan-related articles (G)
4596082,Index of Japan-related articles (H)
4596164,Index of Japan-related articles (I)
4596204,Index of Japan-related articles (J)
4596297,Index of Japan-related articles (K)
4597659,Index of Japan-related articles (L)
4597698,Index of Japan-related articles (M)
4597736,Index of Japan-related articles (N)
4597852,Index of Japan-related articles (O)
4597910,Index of Japan-related articles (P)
4597945,Index of Japan-related articles (Q–R)
4598014,Index of Japan-related articles (S)
4598092,Index of Japan-related articles (T)
4598161,Index of Japan-related articles (U–V)
4598208,Index of Japan-related articles (Y–Z)
4619831,Index of Korea-related articles (B)
4662047,Index of Korea-related articles (C)
4692938,Index of Korea-related articles (D)
4692952,Index of Korea-related articles (0–9)
4693011,Index of Korea-related articles (E)
4693178,Index of Korea-related articles (F)
4693309,Index of Korea-related articles (G)
4693406,Index of Korea-related articles (H)
4693600,Index of Korea-related articles (I)
4693728,Index of Korea-related articles (K)
4693826,Index of Korea-related articles (L)
4693846,Index of Korea-related articles (J)
4694204,Index of Korea-related articles (M)
4694213,Index of Korea-related articles (N)
4694218,Index of Korea-related articles (O)
4694223,Index of Korea-related articles (P)
4694229,Index of Korea-related articles (Q)
4694232,Index of Korea-related articles (R)
4694236,Index of Korea-related articles (S)
4694244,Index of Korea-related articles (T)
4694248,Index of Korea-related articles (U)
4694251,Index of Korea-related articles (V)
4694255,Index of Korea-related articles (W)
4694266,Index of Korea-related articles (Y)
4694269,Index of Korea-related articles (Z)
4694273,Index of Korea-related articles (X)
4707282,List of topics related to Cornwall
4723731,Critical points of the elements (data page)
4725866,Index of Pakistan-related articles
4797745,Index of biotechnology articles
4820943,Glossary of patent law terms
4950852,Index of modern Egypt-related articles
5072111,Glossary of entomology terms
5093846,Index of Japan-related articles (W–X)
5097271,Arginine (data page)
5100121,Index of Nigeria-related articles
5123787,Alanine (data page)
5124196,Tetramethylethylenediamine (data page)
5126324,Glossary of graffiti
5129572,Fucitol (data page)
5129831,Asparagine (data page)
5140965,Aspartic acid (data page)
5142364,Cysteine (data page)
5161556,Pentafluoroethyl iodide (data page)
5162225,Glutamic acid (data page)
5213935,Index of alcohol-related articles
5229031,Index of articles related to Asian Americans
5240276,Index of Nova Scotia-related articles
5268543,Apomorphine (data page)
5283646,Glutamine (data page)
5298455,Glycine (data page)
5321676,Glossary of New Zealand railway terms
5331770,Histidine (data page)
5340335,Avobenzone (data page)
5410977,Phencyclidine (data page)
5513803,Oxazole (data page)
5542058,Isoleucine (data page)
5567795,Glossary of water polo
5568961,Leucine (data page)
5645664,Outline of sexual ethics
5784182,Abundances of the elements (data page)
5794146,Index of structural engineering articles
5847302,Outline of algebraic structures
5847561,Glossary of spirituality terms
5847650,Glossary of education terms
5885898,List of Northern Ireland-related topics
5904351,Index of neuroscience articles
5904417,Index of psychometric articles
5919257,Index of topics related to life extension
5982934,Glossary of bagpipe terms
5984559,Glossary of Italian music
5997020,Outline of relationships
6162993,Index of Bács-Kiskun-related articles
6237280,List of Chad-related topics
6255895,Index of Burma-related articles
6301802,Outline of computer programming
6305686,Glossary of Colombian music
6306271,Outline of logic
6386814,Outline of architecture
6416391,Outline of transport
6424364,Outline of games
6457721,Index of engineering science and mechanics articles
6473191,Outline of arithmetic
6473570,Outline of algebra
6473626,Outline of geometry
6473868,Outline of finance
6473930,Outline of military science and technology
6474010,Outline of business management
6504692,Outline of technology
6526032,Outline of crafts
6538595,Outline of transhumanism
6543500,Index of Barbados-related articles
6544653,Fucose (data page)
6556377,Outline of epistemology
6556808,Outline of performing arts
6556867,Outline of photography
6556925,Outline of the visual arts
6556971,Outline of calculus
6571534,Outline of ecology
6571910,Outline of self
6585439,Outline of poetry
6585471,Outline of energy development
6585480,Outline of cartography
6585494,Outline of aerospace
6585513,Outline of artificial intelligence
6585589,Outline of humanism
6587138,Outline of industry
6588369,Outline of manufacturing
6599447,Outline of film
6600160,Outline of trigonometry
6600557,Outline of community
6623734,Glossary of ice hockey terms
6714424,List of Malaysia-related topics
6830515,Index of history articles
6844035,Glossary of figure skating terms
6956607,List of Falkland Islands-related topics
6969872,List of Indonesia-related topics
6985162,List of Qatar-related topics
6985327,List of East Timor-related topics
6985576,List of Trinidad and Tobago–related topics
7041824,Glossary of shapes with metaphorical names
7050493,Glossary of Dune terminology
7119987,Index of robotics articles
7120794,Glossary of semisimple groups
7131825,List of Bolivia-related topics
7260569,Outline of thought
7281992,List of Chile-related topics
7282029,List of Central African Republic-related topics
7282047,Potassium nitrate (data page)
7371778,Outline of nutrition
7375594,Glossary of woodworking
7467699,Toluene diisocyanate (data page)
7481905,Methionine (data page)
7482094,Lysine (data page)
7482188,Phenylalanine (data page)
7482420,Proline (data page)
7482441,Serine (data page)
7482526,Threonine (data page)
7482557,Tryptophan (data page)
7482576,Tyrosine (data page)
7482598,Valine (data page)
7528474,Outline of vehicles
7528885,Outline of Big Science
7531185,Outline of space exploration
7531293,Outline of telecommunication
7531440,Outline of information technology
7581376,Glossary of textile manufacturing
7603967,Index of Iceland-related articles
7623176,Outline of exercise
7644132,Index of Uganda-related articles
7644918,Index of Somalia-related articles
7645296,Index of Sierra Leone-related articles
7645517,Index of Namibia-related articles
7646119,Glossary of Germanic mysticism
7646602,Outline of health
7650275,Index of Equatorial Guinea-related articles
7650419,Index of Mauritania-related articles
7650803,Index of Madagascar-related articles
7651446,Index of Zimbabwe-related articles
7652746,Index of Tanzania-related articles
7660074,Index of Mali-related articles
7660194,Index of Mozambique-related articles
7660273,Index of Ethiopia-related articles
7660328,Index of Burkina Faso-related articles
7660356,Index of Liberia-related articles
7660440,Index of Ivory Coast-related articles
7660534,Index of Ghana-related articles
7660570,Index of Guinea-related articles
7660703,Index of Senegal-related articles
7660752,Index of Swaziland-related articles
7660781,Index of Lesotho-related articles
7660841,Index of Saudi Arabia-related articles
7671415,Index of Republic of the Congo-related articles
7671494,Index of Democratic Republic of the Congo-related articles
7690229,Index of Djibouti-related articles
7690403,Index of Togo-related articles
7690985,Index of Eritrea-related articles
7700117,Index of Kenya-related articles
7716906,Lead(II) nitrate (data page)
7985458,Outline of automation
7985481,Outline of automobiles
7985514,Outline of biotechnology
7985711,Outline of firefighting
7985728,Outline of forensic science
8024980,Index of urban planning articles
8204998,Index of Africa-related articles
8253485,Index of Szabolcs-Szatmár-Bereg-related articles
8259104,Lithium tantalate (data page)
8323089,Aluminium sulfate (data page)
8323499,Barium nitrate (data page)
8323870,Boron trioxide (data page)
8324672,Diborane (data page)
8362412,Bromine trifluoride (data page)
8362544,Bromine pentafluoride (data page)
8362768,Calcium hydroxide (data page)
8362843,Calcium chloride (data page)
8362922,Calcium sulfate (data page)
8363457,Chloric acid (data page)
8426015,Index of racism-related articles
8515253,Outline of industrial machinery
8543648,Outline of the Middle Ages
8558131,Benzene (data page)
8578085,Electron affinity (data page)
8704167,Outline of life extension
8704171,Outline of machines
8704200,Outline of forestry
8704204,Outline of ergonomics
8704205,Outline of energy storage
8704209,Outline of design
8704214,Outline of dentistry and oral health
8704220,Outline of construction
8704223,Outline of chemical engineering
8736036,Outline of the Internet
8815493,List of Yemen-related topics
8815531,List of United Arab Emirates-related topics
8815598,List of Maldives-related topics
8936805,Glossary of ancient Egypt artifacts
9145213,Outline of science
9252237,P-Xylene (data page)
9300546,Outline of the United Nations
9448987,Glossary of phytopathology
9468542,List of Canada-related topics by provinces and territories
9542521,Glossary of BitTorrent terms
9712036,Glossary of pottery terms
9811199,Outline of marketing
9819006,Outline of classical studies
9879459,Index of Dune-related articles
10009431,Index of Newfoundland and Labrador-related articles
10024190,Ytterbium(III) chloride (data page)
10086258,Outline of zoology
10093532,Index of youth articles
10192795,Glossary of language education terms
10335552,Index of health articles
10417140,Glossary of flamenco terms
10423718,Index of fashion articles
10445372,Index of ufology articles
10520543,Index of auditing topics
10773799,Glossary of the Greek military junta
10851263,Proton affinity (data page)
10925031,Glossary of gene expression terms
10928844,Diphenylamine (data page)
10940607,Imidazolidine (data page)
10957919,Mesembrine (data page)
10969364,Ruthenium(IV) oxide (data page)
10984950,Index of articles related to Hong Kong
10984953,Index of Macau-related articles
10984954,Index of Tibet-related articles
10993317,Lutetium(III) oxide (data page)
11050870,Index of youth rights-related articles
11077513,Index of Nicaragua-related articles
11094098,Isopropyl alcohol (data page)
11113467,Butanone (data page)
11164813,Ethane (data page)
11184178,Isobutane (data page)
11205717,Aniline (data page)
11207764,Glycerol (data page)
11211993,Ethylene glycol (data page)
11231804,Acetonitrile (data page)
11237206,Diethyl ether (data page)
11249004,Chloroform (data page)
11264248,Glossary of systems theory
11272223,Carbon tetrachloride (data page)
11277351,Glossary of Gaelic games terms
11292458,Propan-1-ol (data page)
11308084,Cyclohexane (data page)
11312818,Carbon disulfide (data page)
11324431,Nitromethane (data page)
11329743,Pyridine (data page)
11346154,Index of Malta-related articles
11387844,Tetrahydrofuran (data page)
11404178,Hexane (data page)
11421294,Glossary of reconfigurable computing
11437402,Dimethyl sulfoxide (data page)
11446963,Acetaldehyde (data page)
11456956,O-Xylene (data page)
11461974,M-Xylene (data page)
11497696,Chloromethane (data page)
11514844,Trichloroethylene (data page)
11553777,Hexafluoroethane (data page)
11559916,Trifluoroiodomethane (data page)
11570217,Bromoform (data page)
11573733,Glossary of His Dark Materials terminology
11582304,"1,2-Dichloroethane (data page)"
11673883,N-Formylmethionine (data page)
11682141,Tetrachloroethylene (data page)
11778031,Sodium sulfate (data page)
11843604,Glossary of baseball
11879309,Index of China-related articles
11933037,Glossary of notaphily
11934761,Glossary of sumo terms
11952224,1-Hexene (data page)
11960797,Dibromofluoromethane (data page)
11962210,Glossary of baseball (0–9)
11962238,Glossary of baseball (A)
11962248,Glossary of baseball (B)
11962266,Glossary of baseball (C)
11962274,Glossary of baseball (D)
11962288,Glossary of baseball (E)
11962295,Glossary of baseball (F)
11962310,Glossary of baseball (G)
11962322,Glossary of baseball (H)
11962338,Glossary of baseball (I)
11962824,Glossary of baseball (J)
11962832,Glossary of baseball (K)
11962846,Glossary of baseball (L)
11962853,Glossary of baseball (M)
11962867,Glossary of baseball (N)
11962873,Glossary of baseball (O)
11962881,Glossary of baseball (P)
11962898,Glossary of baseball (Q)
11962902,Glossary of baseball (R)
11962920,Glossary of baseball (S)
11962934,Glossary of baseball (T)
11962955,Glossary of baseball (U)
11962963,Glossary of baseball (V)
11962976,Glossary of baseball (W)
11962985,Glossary of baseball (Y)
11962993,Glossary of baseball (Z)
11981306,Vinyl bromide (data page)
11984730,Index of human sexuality articles
12042738,Terephthalic acid (data page)
12115017,Silicon tetrachloride (data page)
12123800,Outline of painting history
12289869,Glossary of trauma terms
12321789,Lists of Oregon-related topics
12351933,Glossary of legal terms
12439949,Glossary of US mortgage terminology
12594954,List of Moldova-related topics
12635960,Glossary of Sikhism
12747796,Glossary of plant morphology
12776125,Index of epistemology articles
12776142,Index of metaphysics articles
12851060,Polytetrafluoroethylene (data page)
12941498,CS gas (data page)
12984404,Glossary of military abbreviations
13016395,Outline of intellectual property
13022814,Index of Jainism-related articles
13061016,Glossary of rugby union terms
13318264,Index of civil engineering articles
13356339,Glossary of firearms terms
13366748,Glossary of Texas A&M University terms
13416619,Dimethyl ether (data page)
13541721,Outline of fiction
13616550,Glossary of rugby league terms
13709235,Glossary of bets offered by UK bookmakers
13715965,Outline of the Renaissance
13725873,Outline of botany
13755297,Purpurin (data page)
13783377,Glossary of Stoicism terms
13800309,Index of ancient philosophy articles
13800465,Index of philosophy of mind articles
13849906,Glossary of chemistry terms
13888589,Index of Cuba-related articles
14135714,Outline of free software
14233595,Outline of radio
14235691,Outline of genetics
14261424,Trimethylarsine (data page)
14322655,Outline of human anatomy
14330991,Outline of nuclear technology
14341195,Outline of sinology
14342207,Outline of computer engineering
14343000,Outline of geology
14431229,Outline of nanotechnology
14434409,Outline of ethics
14463958,Outline of anthropology
14464105,Outline of atheism
14464979,Outline of cell biology
14471451,Outline of World War II
14471564,Outline of medicine
14488307,Glossary of archery terms
14490084,Outline of meteorology
14507041,Index of politics articles
14544308,Glossary of sheep husbandry
14615650,Index of articles related to Buffy the Vampire Slayer
14661466,Outline of object recognition
14902312,Index of oral health and dental articles
14946461,Outline of anarchism
14990389,Outline of the American Civil War
15027247,Glossary of Christianity
15027249,Glossary of Jewish terms
15327288,Glossary of mill machinery
15503387,Index of earth science articles
15760048,Index of sociology of food articles
15850580,Index of firefighting articles
15881121,Outline of law enforcement
16068751,Glossary of geology
16128381,Glossary of the American trucking industry
16241780,Index of history of computing articles
16270616,Glossary of environmental science
16271198,Outline of the United States
16276970,Outline of Canada
16278340,Outline of Abkhazia
16278349,Outline of Afghanistan
16278355,Outline of Akrotiri and Dhekelia
16278360,Outline of Albania
16278364,Outline of Algeria
16278375,Outline of Angola
16278402,Outline of Anguilla
16278408,Outline of Argentina
16278412,Outline of Armenia
16278414,Outline of Aruba
16278424,Outline of Austria
16278429,Outline of Azerbaijan
16278436,Outline of Bahrain
16278439,Outline of Bangladesh
16278444,Outline of Barbados
16278450,Outline of Belarus
16278455,Outline of Belgium
16278463,Outline of Belize
16278470,Outline of Benin
16278476,Outline of Bhutan
16278479,Outline of Bolivia
16278488,Outline of Bosnia and Herzegovina
16278493,Outline of Botswana
16278495,Outline of Brazil
16278499,Outline of the British Virgin Islands
16278500,Outline of Brunei
16278505,Outline of Bulgaria
16278513,Outline of Burkina Faso
16278518,Outline of Burundi
16278522,Outline of Cambodia
16278527,Outline of Cape Verde
16278531,Outline of the Cayman Islands
16278537,Outline of the Central African Republic
16278540,Outline of Chad
16278542,Outline of Chile
16278553,Outline of Colombia
16278557,Outline of Comoros
16278564,Outline of the Cook Islands
16278567,Outline of Costa Rica
16278571,Outline of Croatia
16278573,Outline of Cuba
16278576,Outline of Cyprus
16278583,Outline of the Czech Republic
16278591,Outline of Ivory Coast
16278602,Outline of Denmark
16278608,Outline of Djibouti
16278614,Outline of Dominica
16278618,Outline of the Dominican Republic
16278626,Outline of East Timor
16278630,Outline of Ecuador
16278639,Outline of Egypt
16278645,Outline of El Salvador
16278648,Outline of Equatorial Guinea
16278651,Outline of Eritrea
16278657,Outline of Estonia
16278662,Outline of Ethiopia
16278668,Outline of the Falkland Islands
16278673,Outline of the Faroe Islands
16278680,Outline of Fiji
16278694,Outline of Finland
16278696,Outline of France
16278701,Outline of French Polynesia
16278707,Outline of Gabon
16278709,Outline of the Gambia
16278713,Outline of Georgia (country)
16278720,Outline of Germany
16278724,Outline of Ghana
16278728,Outline of Gibraltar
16278770,Outline of Greece
16278773,Outline of Greenland
16278778,Outline of Grenada
16278784,Outline of Guam
16278787,Outline of Guatemala
16278790,Outline of Guernsey
16278797,Outline of Guinea-Bissau
16278803,Outline of Guinea
16278805,Outline of Guyana
16278812,Outline of Haiti
16278819,Outline of Honduras
16278822,Outline of Hong Kong
16278825,Outline of Hungary
16278829,Outline of Iceland
16278839,Outline of Indonesia
16278842,Outline of Iran
16278848,Outline of Iraq
16278852,Outline of the Isle of Man
16278856,Outline of Israel
16278860,Outline of Italy
16278864,Outline of Jamaica
16278867,Outline of Japan
16278870,Outline of Jersey
16278877,Outline of Jordan
16278889,Outline of Kazakhstan
16278894,Outline of Kenya
16278902,Outline of Kiribati
16278908,Outline of Kosovo
16278916,Outline of Kuwait
16278924,Outline of Kyrgyzstan
16278929,Outline of Laos
16278938,Outline of Latvia
16278946,Outline of Lebanon
16278955,Outline of Lesotho
16278961,Outline of Liberia
16278967,Outline of Libya
16278976,Outline of Liechtenstein
16278984,Outline of Lithuania
16278993,Outline of Luxembourg
16279006,Outline of Macau
16279010,Outline of the Republic of Macedonia
16279016,Outline of Madagascar
16279024,Outline of Malawi
16279027,Outline of Malaysia
16279030,Outline of Maldives
16279038,Outline of Mali
16279043,Outline of Malta
16279048,Outline of the Marshall Islands
16279054,Outline of Mauritania
16279058,Outline of Mauritius
16279064,Outline of Mayotte
16279070,Outline of Mexico
16279077,Outline of the Federated States of Micronesia
16279085,Outline of Moldova
16279087,Outline of Monaco
16279093,Outline of Mongolia
16279102,Outline of Montenegro
16279104,Outline of Montserrat
16279114,Outline of Morocco
16279123,Outline of Mozambique
16279126,Outline of Burma
16279137,Outline of the Nagorno-Karabakh Republic
16279146,Outline of Namibia
16279155,Outline of Nauru
16279156,Outline of Nepal
16279161,Outline of the Netherlands Antilles
16279168,Outline of the Netherlands
16279172,Outline of New Caledonia
16279176,Outline of New Zealand
16279183,Outline of Nicaragua
16279184,Outline of Niger
16279193,Outline of Nigeria
16279197,Outline of Niue
16279200,Outline of Norfolk Island
16279206,Outline of North Korea
16279210,Outline of Northern Cyprus
16279214,Outline of the Northern Mariana Islands
16279219,Outline of Norway
16279226,Outline of Oman
16279239,Outline of Pakistan
16283300,Outline of American Samoa
16283375,Outline of Antigua and Barbuda
16283394,Outline of Ascension Island
16283427,Outline of the Bahamas
16283538,Outline of Cameroon
16283577,Outline of Christmas Island
16285582,Outline of Palau
16285584,Outline of the Palestinian territories
16285587,Outline of Panama
16285591,Outline of Papua New Guinea
16285593,Outline of Paraguay
16285598,Outline of China
16285599,Outline of Peru
16285608,Outline of the Philippines
16285610,Outline of the Pitcairn Islands
16285612,Outline of Poland
16285614,Outline of Portugal
16285617,Outline of Puerto Rico
16285619,Outline of Qatar
16285622,Outline of Taiwan
16285626,Outline of the Republic of Ireland
16285628,Outline of the Democratic Republic of the Congo
16285631,Outline of Romania
16285634,Outline of Russia
16285637,Outline of Rwanda
16285640,Outline of Saint Barthélemy
16285644,Outline of Saint Helena
16285648,Outline of Saint Kitts and Nevis
16285652,Outline of Saint Lucia
16285655,Outline of Saint Martin
16285656,Outline of Saint Pierre and Miquelon
16285658,Outline of Saint Vincent and the Grenadines
16285661,Outline of Samoa
16285665,Outline of San Marino
16285667,Outline of Saudi Arabia
16285669,Outline of Senegal
16285671,Outline of Serbia
16285673,Outline of Seychelles
16285675,Outline of Sierra Leone
16285678,Outline of Singapore
16285680,Outline of Slovakia
16285683,Outline of Slovenia
16285685,Outline of Solomon Islands
16285687,Outline of Somalia
16285690,Outline of Somaliland
16285694,Outline of South Korea
16285696,Outline of Spain
16285698,Outline of Sri Lanka
16285712,Outline of Sudan
16285717,Outline of Suriname
16285719,Outline of Svalbard
16285723,Outline of Swaziland
16285727,Outline of Sweden
16285728,Outline of Switzerland
16285730,Outline of Syria
16285740,Outline of São Tomé and Príncipe
16285744,Outline of Tajikistan
16285746,Outline of Tanzania
16285748,Outline of Thailand
16285750,Outline of Togo
16285762,Outline of Tokelau
16285767,Outline of Tonga
16285773,Outline of Transnistria
16285779,Outline of Trinidad and Tobago
16285783,Outline of Tristan da Cunha
16285795,Outline of Tunisia
16285798,Outline of Turkey
16285802,Outline of Turkmenistan
16285807,Outline of the Turks and Caicos Islands
16285808,Outline of Tuvalu
16285810,Outline of the United States Virgin Islands
16285812,Outline of Uganda
16285814,Outline of Ukraine
16285820,Outline of the United Arab Emirates
16285821,Outline of the United Kingdom
16285828,Outline of Uruguay
16285830,Outline of Uzbekistan
16285837,Outline of Vanuatu
16285880,Outline of Vatican City
16285883,Outline of Venezuela
16285888,Outline of Vietnam
16285889,Outline of Wallis and Futuna
16285896,Outline of Western Sahara
16285899,Outline of Yemen
16285902,Outline of Zambia
16285905,Outline of Zimbabwe
16285909,Outline of the Åland
16584849,Outline of Africa
16601277,Outline of Asia
16603439,Outline of Europe
16610797,Outline of South America
16611532,Outline of Australia
16653468,Outline of rights
16746969,Index of children's rights articles
16801749,Lycopene (data page)
16809092,Index of Colorado-related articles
16817607,"1,1,1,2-Tetrafluoroethane (data page)"
16855236,Outline of tort law
16891417,Outline of India
16938345,Outline of immunology
16969826,Outline of North America
16993046,Outline of Tibet
17006048,Position of the arms in ballet
17092639,Index of social and political philosophy articles
17220417,Index of World War II articles (0–9)
17220494,Index of World War II articles (A)
17220533,Index of World War II articles (B)
17220544,Index of World War II articles (C)
17220551,Index of World War II articles (D)
17220554,Index of World War II articles (E)
17220559,Index of World War II articles (F)
17220566,Index of World War II articles (G)
17220571,Index of World War II articles (H)
17220575,Index of World War II articles (I)
17220581,Index of World War II articles (J)
17220585,Index of World War II articles (K)
17220592,Index of World War II articles (M)
17220594,Index of World War II articles (L)
17220597,Index of World War II articles (N)
17220605,Index of World War II articles (O)
17220618,Index of World War II articles (P)
17220620,Index of World War II articles (Q)
17220623,Index of World War II articles (R)
17220626,Index of World War II articles (S)
17220632,Index of World War II articles (T)
17220636,Index of World War II articles (U)
17220639,Index of World War II articles (V)
17220643,Index of World War II articles (W)
17220650,Index of World War II articles (X–Z)
17299762,Index of Taiwan-related articles
17300328,Index of United States-related articles
17301255,Index of Zambia-related articles
17321713,Index of climate change articles
17323329,Index of Wyoming-related articles
17344968,Index of Utah-related articles
17345044,Index of New Mexico-related articles
17462889,Index of Montana-related articles
17528027,Glossary of backup terms
17587885,Index of Alabama-related articles
17588193,Index of Alaska-related articles
17588353,Index of Arkansas-related articles
17593374,Index of Connecticut-related articles
17593598,Index of Delaware-related articles
17593796,Index of Florida-related articles
17594155,Index of Georgia (U.S. state)-related articles
17594978,Index of Idaho-related articles
17595228,Index of Illinois-related articles
17595688,Index of Indiana-related articles
17596027,Index of Iowa-related articles
17596306,Index of Kentucky-related articles
17596594,Index of Louisiana-related articles
17597000,Index of Maine-related articles
17597572,Index of Maryland-related articles
17597917,Index of Massachusetts-related articles
17598315,Index of Minnesota-related articles
17598742,Index of Mississippi-related articles
17598963,Index of Missouri-related articles
17599137,Index of Nevada-related articles
17599281,Index of New York-related articles
17608693,Index of North Carolina-related articles
17609012,Index of Virginia-related articles
17609429,Index of North Dakota-related articles
17609696,Index of South Dakota-related articles
17610084,Index of Ohio-related articles
17610369,Index of Oklahoma-related articles
17610636,Index of Oregon-related articles
17610955,Index of Rhode Island-related articles
17611182,Index of South Carolina-related articles
17615707,Index of Tennessee-related articles
17615854,Index of Vermont-related articles
17615988,Index of Washington-related articles
17616146,Index of West Virginia-related articles
17616298,Index of Wisconsin-related articles
17684033,Index of radio propagation articles
17688945,Outline of the Sahrawi Arab Democratic Republic
17689810,Outline of South Africa
17794387,"Index of Washington, D.C.-related articles"
17843008,Index of United States Virgin Islands-related articles
17844579,Index of American Samoa-related articles
17848304,Index of Guam-related articles
17848915,Index of Northern Mariana Islands-related articles
17921881,Outline of sustainability
17943278,Glossary of experimental design
18017282,Glossary of anarchism
18022557,Index of California-related articles
18118302,Outline of the Republic of the Congo
18171647,Index of telephone-related articles
18225689,Noble gas (data page)
18238240,Glossary of botanical terms
18306501,Index of sustainability articles
18313625,Glossary of gymnastics terms
18425054,Index of fishing articles
18429296,Outline of fishing
18482492,Outline of United States history
18521181,Glossary of Australian rules football
18668388,Outline of mining
18669753,Index of masculism topics
18934741,Outline of communication
18935413,Index of Oman-related articles
18935584,Index of Kuwait-related articles
18941209,Index of Jordan-related articles
18951367,Glossary of American football
18957990,Index of Syria-related articles
18958011,Index of Libya-related articles
18958219,Index of Nagorno-Karabakh-related articles
18958258,Index of Comoros-related articles
19008498,Index of Ascension Island-related articles
19008621,Index of Akrotiri and Dhekelia-related articles
19008684,Index of Åland-related articles
19009091,Index of Cape Verde-related articles
19009121,Index of Cayman Islands-related articles
19009267,Index of Christmas Island-related articles
19009375,Index of Cocos (Keeling) Islands-related articles
19009527,Index of Cook Islands-related articles
19009659,Index of Costa Rica-related articles
19009903,Index of Croatia-related articles
19010113,Index of Cyprus-related articles
19010541,Index of Denmark-related articles
19010843,Index of Dominica-related articles
19011100,Index of Dominican Republic-related articles
19011207,Index of Estonia-related articles
19011558,Index of El Salvador-related articles
19011704,Index of Ecuador-related articles
19011935,Index of French Polynesia-related articles
19012128,Index of Gambia-related articles
19012225,Index of Greece-related articles
19012518,Index of Greenland-related articles
19012683,Index of Grenada-related articles
19012887,Index of Guatemala-related articles
19012956,Index of Guernsey-related articles
19013026,List of Mauritius-related topics
19013066,Index of Guyana-related articles
19013366,Index of Hungary-related articles
19013579,Index of Haiti-related articles
19013862,Index of Italy-related articles
19014373,List of São Tomé and Príncipe-related topics
19015395,Index of Jamaica-related articles
19015991,List of Seychelles-related topics
19018767,Index of San Marino-related articles
19019473,Index of Vatican City-related articles
19024059,Index of North Korea-related articles
19024430,Index of South Korea-related articles
19112738,Glossary of fishery terms
19114040,Outline of libertarianism
19148519,Glossary of robotics
19175909,Glossary of Carnatic music
19254435,Index of urban sociology articles
19280607,Outline of economics
19286202,Glossary of fuel cell terms
19489302,Index of Mexico-related articles
19560466,Outline of Andorra
19618454,Glossary of legal terms in technology
19627485,Glossary of clinical research
19706631,Glossary of glass art terms
20052202,Glossary of project management
20197080,Positions of the feet in ballet
20228211,List of British Empire-related topics
20327585,Index of Tajikistan-related articles
20535867,Index of Central America-related articles
20543398,Index of Panama-related articles
20644703,Index of Saint Kitts and Nevis-related articles
20644783,Index of Montserrat-related articles
20644836,Index of Saint Lucia-related articles
20644899,Index of Saint Vincent and the Grenadines-related articles
20645036,Index of Turks and Caicos Islands-related articles
20645640,Index of French Guiana-related articles
20645823,Index of Guadeloupe-related articles
20645934,Index of Martinique-related articles
20646158,Index of Saint Barthélemy-related articles
20646574,Index of the Collectivity of Saint Martin-related articles
20646720,Index of Saint Pierre and Miquelon-related articles
20650090,Index of Netherlands Antilles-related articles
20650536,Index of Suriname-related articles
20650929,Index of Brazil-related articles
20651138,Index of Colombia-related articles
20651275,Index of Paraguay-related articles
20651329,Index of Peru-related articles
20651429,Index of Uruguay-related articles
20651565,Index of South Georgia and the South Sandwich Islands-related articles
20711582,Index of Bahamas-related articles
20713404,Index of Belize-related articles
20770448,Index of Bermuda-related articles
20770628,Index of Bolivia-related articles
20771136,Index of Chile-related articles
20771934,Index of Honduras-related articles
20772266,Index of Falkland Islands-related articles
20772993,Index of Trinidad and Tobago-related articles
20810258,Glossary of winemaking terms
20810282,Glossary of viticulture terms
20881461,Phenyldichloroarsine (data page)
21014942,Glossary of history
21130709,Glossary of motorsport terms
21210036,Index of Federated States of Micronesia-related articles
21211375,Index of Marshall Islands-related articles
21212949,Index of Palau-related articles
21261168,Glossary of Australian railway terms
21431937,Glossary of poker terms
21870609,Index of Romania-related articles
21890955,Outline of Bermuda
21930051,Outline of Alabama
21930072,Outline of Alaska
21930202,Outline of Arizona
21930214,Outline of Arkansas
21930269,Outline of California
21930687,Outline of Colorado
21930693,Outline of Connecticut
21930706,Outline of Delaware
21930714,Outline of Florida
21930720,Outline of Georgia (U.S. state)
21930766,Outline of Hawaii
21930771,Outline of Idaho
21930783,Outline of Illinois
21930793,Outline of Indiana
21930796,Outline of Iowa
21930804,Outline of Montana
21930810,Outline of Kansas
21930820,Outline of Kentucky
21930829,Outline of Louisiana
21930835,Outline of Maine
21930843,Outline of Maryland
21930849,Outline of Massachusetts
21930855,Outline of Michigan
21930867,Outline of Minnesota
21930874,Outline of Mississippi
21930878,Outline of Missouri
21930883,Outline of Nebraska
21930893,Outline of Nevada
21930895,Outline of New Hampshire
21930900,Outline of New Jersey
21930906,Outline of New Mexico
21930910,Outline of New York
21930917,Outline of North Carolina
21930920,Outline of North Dakota
21930928,Outline of Ohio
21930931,Outline of Oklahoma
21930938,Outline of Oregon
21930941,Outline of Pennsylvania
21930949,Outline of Rhode Island
21930956,Outline of South Carolina
21930963,Outline of South Dakota
21930968,Outline of Tennessee
21930973,Outline of Texas
21930987,Outline of Utah
21930994,Outline of Vermont
21930998,Outline of Virginia
21931005,Outline of Washington (state)
21931011,Outline of West Virginia
21931017,Outline of Wisconsin
21931032,Outline of Wyoming
22163710,Outline of Georgia
22165607,Index of motion picture-related articles
22199069,Glossary of Shinto
22277470,Index of environmental articles
22326312,Outline of information science
22389735,Glossary of Japanese Buddhism
22500921,Outline of knowledge
22522462,Glossary of military modeling and simulation
22544195,List of plate tectonics topics
22588531,"Outline of Washington, D.C."
22746690,Outline of tropical cyclones
22886780,Outline of British Columbia
23034284,Outline of Puntland
23077288,Outline of Saskatchewan
23098660,Outline of Wyoming territorial evolution
23099711,Outline of Washington territorial evolution
23100963,Outline of Oregon territorial evolution
23110113,Outline of Nevada territorial evolution
23111076,Territorial evolution of California
23125724,Outline of Islam
23159504,Outline of chocolate
23167773,Outline of sharks
23170051,Index of Rwanda-related articles
23186257,Index of Burundi-related articles
23243223,Outline of North Dakota territorial evolution
23243664,Outline of South Dakota territorial evolution
23244081,Outline of Christianity
23252219,Outline of Catalonia
23280815,Outline of evidence law in the United States
23391759,Outline of Buddhism
23450639,Outline of the Post-War New World Map
23527621,Outline of hydrology
23564044,Outline of cryptography
23574889,Index of combinatorics articles
23594189,Glossary of RAF code names
23606012,Index of Vanuatu-related articles
23608206,Outline of England
23617638,Index of Nauru-related articles
23642146,Outline of ancient Greece
23646993,Index of Benin-related articles
23704361,Glossary of blackjack terms
23721650,Index of energy articles
23754656,Outline of Scotland
23760983,Index of MS-DOS games (0–9)
23761014,Index of MS-DOS games (A)
23761043,Index of MS-DOS games (B)
23761093,Index of MS-DOS games (C)
23761103,Index of MS-DOS games (D)
23761526,Index of MS-DOS games (E)
23761562,Index of MS-DOS games (F)
23761608,Index of MS-DOS games (G)
23761645,Index of MS-DOS games (H)
23761701,Index of MS-DOS games (M)
23761756,Index of MS-DOS games (T)
23761907,Index of MS-DOS games (L)
23761980,Index of MS-DOS games (S)
23762058,Index of MS-DOS games (W)
23762084,Index of MS-DOS games (R)
23762153,Index of MS-DOS games (P)
23762328,Index of MS-DOS games (U)
23762383,Index of MS-DOS games (J)
23762409,Index of MS-DOS games (I)
23762445,Index of MS-DOS games (K)
23762475,Index of MS-DOS games (N)
23762501,Index of MS-DOS games (O)
23762538,Index of MS-DOS games (Z)
23763098,Index of MS-DOS games (V)
23763150,Index of MS-DOS games (Q)
23763174,Index of MS-DOS games (X)
23763186,Index of MS-DOS games (Y)
23770615,Outline of regression analysis
23781390,Index of pesticide articles
23812738,Outline of birds
23849198,Outline of James Bond
23912400,Index of philosophy
23972610,Outline of water
24000848,Glossary of equestrian terms
24103304,Glossary of HVAC terms
24110501,Glossary of USSR/Russian aviation acronyms
24261460,Index of Windows games
24261790,Index of Windows games (M)
24261906,Index of Windows games (S)
24261974,Index of Windows games (C)
24262059,Index of Windows games (A)
24262138,Index of Windows games (B)
24262179,Index of Windows games (D)
24262201,Index of Windows games (E)
24262269,Index of Windows games (F)
24262299,Index of Windows games (G)
24262374,Index of Windows games (H)
24262398,Index of Windows games (I)
24262438,Index of Windows games (J)
24357140,Index of Windows games (K)
24357152,Index of Windows games (L)
24357162,Index of Windows games (N)
24357170,Index of Windows games (O)
24357175,Index of Windows games (P)
24357192,Index of Windows games (Q)
24357200,Index of Windows games (R)
24357237,Index of Windows games (T)
24357245,Index of Windows games (U)
24357248,Index of Windows games (V)
24357253,Index of Windows games (W)
24357259,Index of Windows games (X)
24357266,Index of Windows games (Y)
24357271,Index of Windows games (Z)
24357276,Index of Windows games (0–9)
24541786,Glossary of boiler terms
24581576,List of Disney India topics
24600630,Outline of ancient Egypt
24607623,Outline of obstetrics
24608047,Outline of futures studies
24622439,Methyl methacrylate (data page)
24622820,Benzoyl peroxide (data page)
24679621,Cocaine (data page)
24684701,Outline of robotics
24714189,Outline of smoking
24723521,Outline of culture
24775031,Outline of software
24808701,Index of articles related to Aboriginal Canadians
24853998,Chlorobenzene (data page)
24904688,Index of Android OS articles
24999779,Outline of tennis
25114376,Outline of environmental journalism
25154335,Outline of Wales
25214846,"Glossary of USSR Russian aviation acronyms – miscellaneous, materials and nicknames"
25304920,Glossary of Lie algebras
25333223,Glossary of the Catholic Church
25334192,Glossary of module theory
25389252,Index of law articles
25501047,Index of humanism articles
25534538,Glossary of USSR/Russian aviation acronyms – Aircraft Weapons
25538947,Glossary of USSR Russian aviation acronyms – Aero-Engines and Equipment
25539758,Glossary of USSR Russian aviation acronyms – Aircraft Designations
25540033,Glossary of USSR Russian aviation acronyms – Avionics and Instruments
25540112,Glossary of USSR Russian aviation acronyms – Organisations
25540274,Glossary of USSR Russian aviation acronyms – Weapons and Armament
25589403,Outline of bicycles
25716184,Glossary of textile terminology
25930628,Glossary of jazz and popular music
26000965,Outline of principles of interpretation
26005482,Outline of theology
26044771,Outline of geography
26130884,Glossary of ancient Roman religion
26275110,Outline of Google
26354249,Index of philosophy of language articles
26365268,Index of philosophy of religion articles
26365364,Index of philosophy of science articles
26365466,Index of medieval philosophy articles
26365567,Index of modern philosophy articles
26365617,Index of contemporary philosophy articles
26365712,Index of analytic philosophy articles
26365840,Index of philosophy of law articles
26366149,Index of Eastern philosophy articles
26366194,Index of continental philosophy articles
26492643,Outline of aesthetics
26681364,List of articles about Australia and New Zealand jointly
26736573,Glossary of mammalian dental topography
26758980,Outline of television broadcasting
26944509,Outline of festivals
27007422,Outline of Oceania
27141560,Glossary of algebraic groups
27336457,Outline of Jewish law
27361576,Glossary of computer terms
27689708,Glossary of Japanese swords
27704766,Glossary of sewing terms
27774259,Outline of stagecraft
27828658,Outline of the Ottoman Empire
28043561,Index of articles related to Crimean Tatars
28053597,Index of Turkmenistan-related articles
28082706,Index of Kazakhstan-related articles
28114773,Index of Uzbekistan-related articles
28117306,Index of Andorra-related articles
28126463,Index of United Kingdom-related articles
28127781,List of outlines of countries in Asia
28156376,Index of Kyrgyzstan-related articles
28283580,Outline of alchemy
28574558,Crystal structure of boron-rich metal borides (data page)
28686349,Glossary of digital forensics terms
28932246,Index of recycling articles
28933979,Glossary of Mafia-related words
29016836,Glossary of surfing
29034375,Glossary of geography terms
29075658,Outline of Northern Ireland
29075960,Outline of basketball
29132996,Index of Asia-related articles
29148292,Index of basketball-related articles
29187049,Disiloxane (data page)
29213054,Glossary of arachnology terms
29214104,Outline of motorcycles and motorcycling
29216288,Outline of cricket
29457352,Subanon
29463753,Outline of Judaism
29475492,Outline of running
29582759,Outline of canoeing and kayaking
29596410,Index of semiotics articles
29601819,Glossary of jive talk
29615442,Outline of drawing and drawings
29715493,Index of articles related to the Ottoman Empire
29871639,Index of Thailand-related articles K to N
29871651,Index of Thailand-related articles 0 to J
29871721,Index of Thailand-related articles T to Z
29871722,Index of Thailand-related articles O to S
30145288,Acronyms and abbreviations in avionics
30278857,Vitexin (data page)
30490894,Glossary of dyeing terms
30826125,Glossary of card game terms
30845489,Outline of democracy
30860066,Index of articles related to BlackBerry OS
30862646,Gold(III) chloride (data page)
30862971,Aluminium chloride (data page)
31052428,Outline of the psychiatric survivors movement
31096384,Outline of chess
31102995,Outline of dinosaurs
31306381,Index of kite articles
31364832,Index of ancient Egypt-related articles
31459228,Outline of diabetes
31590885,Ethyl butyrate (data page)
31597935,Glossary of quantum philosophy
31666384,Outline of United States federal Indian law and policy
31683475,Outline of the Byzantine Empire
31816789,Glossary of association football terms
31819951,Glossary of football terms
31823124,Index of Tunisia-related articles
31831357,Glossary of elementary quantum mechanics
31984837,Outline of science fiction
32124368,Outline of Quebec
32300647,Glossary of tropical cyclone terms
32309220,Dichlorodifluoromethane (data page)
32368376,Outline of the September 11 attacks
32988216,Outline of geoengineering
32988229,Outline of biophysics
32988300,Outline of social science
32988432,Outline of production
32988436,Outline of project management
33199012,Index of Bulgarian Empire-related articles
33207610,Caffeine (data page)
33265061,Index of poker articles
33266236,Outline of Harvard University
33289870,Index of agriculture articles
33395924,Glossary of land law
33462592,Outline of geophysics
33505119,Glossary of Fascist Italy
33512757,Glossary of alternative medicine
33543938,Outline of mathematics
33607079,Glossary of scientific names
33764165,Outline of applied science
33791438,Outline of domestic violence
33820413,List of plasma (physics) articles
33886196,Outline of Colorado prehistory
33957176,Outline of Perl
33963498,Index of Mauritius-related articles
33965883,Outline of Wikipedia
33973939,Outline of terrorism in the United States
33995069,Difluoromethane (data page)
34032726,Glossary of New Thought terms
34061967,Outline of psychiatry
34189212,Glossary of areas of mathematics
34262939,Index of philosophical literature
34301571,Outline of environmentalism
34320324,Outline of search engines
34424395,North American Thoroughbred horse racing terminology
34521588,Outline of human sexuality
34557136,Outline of cycling
34586156,Glossary of comics terminology
34809573,Glossary of astronomy
34961876,Outline of human intelligence
34962095,Outline of intelligence
35023598,Outline of computers
35023931,Outline of computing
35036752,Outline of the humanities
35072568,Outline of society
35103402,Outline of semiotics
35107797,Glossary of fencing
35123529,Outline of applied physics
35190589,Index of Christianity-related articles
35191038,Outline of jazz
35246230,Outline of software development
35256368,Outline of C++
35326250,Glossary of classical algebraic geometry
35423450,Outline of Kerala
35457783,Glossary of algebraic geometry
35475816,Outline of Apple Inc.
35475826,Outline of iOS
35610028,Outline of Catholicism
35625607,Glossary of invariant theory
35694432,Outline of journalism
35709970,Outline of Protestantism
35763174,Outline of the Bahá'í Faith
35823318,Outline of anesthesia
35835705,Outline of the history of Western civilization
35838121,Outline of fisheries
35838609,Outline of the fishing industry
35843159,Outline of fish
35843160,Index of biophysics articles
35855099,Outline of databases
35865297,Outline of the Catholic ecumenical councils
35926863,Outline of wind energy
35930284,Outline of solar energy
35953231,Outline of books
35993661,Glossary of scientific naming
36002837,Outline of West Bengal
36030443,Outline of nuclear power
36107667,Outline of Haryana
36167554,Outline of Rajasthan
36293969,Outline of Manitoba
36380999,Glossary of string theory
36440728,Index of Serbia-related articles
36486371,LFER solvent coefficients (data page)
36510276,Glossary of British bricklaying
36535684,Glossary of engineering
36550208,Glossary of underwater diving terminology
36626070,Glossary of physics
36675565,Glossary of biology
36762216,Outline of forgery
36770963,Glossary of computer chess terms
36771910,Glossary of anatomy
37087772,Glossary of Indian culture
37098391,Index of Lithuania-related articles
37113838,Index of biodiversity articles
37319589,Outline of the metric system
37548958,Outline of tires
37562112,Index of Japan-related articles
37583418,Glossary of video terms
37620426,Index of women scientists articles
37651645,Outline of control engineering
37652003,Outline of electronics
37764426,Outline of natural language processing
38085936,Glossary of meteoritics
38211242,List of Kentucky women in the civil rights era
38211935,Outline of political science
38248921,Glossary of construction cost estimating
38256214,Glossary of commutative algebra
38427879,Outline of war
38438395,Index of physics articles
38448168,Index of physics articles (A)
38448271,Index of physics articles (B)
38448275,Index of physics articles (C)
38448286,Index of physics articles (D)
38448288,Index of physics articles (E)
38448296,Index of physics articles (F)
38448299,Index of physics articles (G)
38448335,Index of physics articles (H)
38448341,Index of physics articles (I)
38448353,Index of physics articles (J)
38448356,Index of physics articles (K)
38448365,Index of physics articles (L)
38448372,Index of physics articles (M)
38448382,Index of physics articles (N)
38448389,Index of physics articles (O)
38448452,Index of physics articles (P)
38448458,Index of physics articles (Q)
38448468,Index of physics articles (R)
38448474,Index of physics articles (S)
38448482,Index of physics articles (T)
38448486,Index of physics articles (U)
38448487,Index of physics articles (V)
38448488,Index of physics articles (W)
38448495,Index of physics articles (X)
38448498,Index of physics articles (Y)
38448501,Index of physics articles (Z)
38448524,Index of physics articles (!$@)
38448532,Index of physics articles (0–9)
38504447,Outline of Alberta
38531212,Index of Israel-related articles
38663462,Glossary of Australian Scouting terms
38828919,"Index of Omak, Washington-related articles"
38912112,Outline of South Sudan
38943044,Outline of Ontario
38952879,Outline of Toronto
38975647,Outline of Prince Edward Island
39032866,Outline of Karnataka
39035130,Outline of Maharashtra
39038002,Outline of fantasy
39047264,Outline of Tamil Nadu
39133419,Glossary of operations research
39256416,Index of Andhra Pradesh-related articles
39261685,Microsoft Language Portal
39399477,Outline of Philadelphia
39502394,Outline of Flashman
39528627,2-Pyridone (data page)
39532079,Outline of globalization
39684519,Outline of prehistoric technology
39801325,Index of Zoroastrianism-related articles
39813996,Outline of second-language acquisition
39830662,Index of Antarctica-related articles
40095095,List of issues in K-12 education in the United States
40210467,Outline of Korea
40359099,FLUIDEX
40495308,Outline of open education
40589117,Glossary of Schenkerian analysis
40639213,Glossary of stack theory
