People,Mx4rvViAkpwpEbGdrcN5Y29ycA,Person
Albums,Mx4rwLmi3JwpEbGdrcN5Y29ycA,Album-CW
Songs,Mx4rwP3teJwpEbGdrcN5Y29ycA,Song-CW
States,Mx4rvVjnqJwpEbGdrcN5Y29ycA,State-Geopolitical
Museums,Mx4rvViEOJwpEbGdrcN5Y29ycA,Museum-Organization
Sports,Mx4rwPySLpwpEbGdrcN5Y29ycA,Sport
Schools,Mx4r3np2ODTxEdqAAAAH6RYvSQ,School-AcademicOrganization
Novels,Mx4rvViJb5wpEbGdrcN5Y29ycA,Novel-CW
Places,Mx4rvVjTtJwpEbGdrcN5Y29ycA,Place
Islands,Mx4rvVi7OZwpEbGdrcN5Y29ycA,Island
Footballers,Mx4rvVkDmZwpEbGdrcN5Y29ycA,SoccerPlayer
Elections,Mx4rwQrmEZwpEbGdrcN5Y29ycA,Election
Women,Mx4rvVix8ZwpEbGdrcN5Y29ycA,AdultFemaleHuman
Politics,Mx4rvx3ucJwpEbGdrcN5Y29ycA,Politics
Ambassadors,Mx4rvrr-aZwpEbGdrcN5Y29ycA,Ambassador
Parks,Mx4rwQwoIJwpEbGdrcN5Y29ycA,Park
Organizations,Mx4rvVjVT5wpEbGdrcN5Y29ycA,Organization
Years,Mx4rvVjyV5wpEbGdrcN5Y29ycA,CalendarYear
Rivers,Mx4rvVkHM5wpEbGdrcN5Y29ycA,River
Mayors,Mx4rwQrzr5wpEbGdrcN5Y29ycA,Mayor
Conflicts,Mx4rvyEmy5wpEbGdrcN5Y29ycA,ConflictEvent
Olympics,Mx4rvVkA9pwpEbGdrcN5Y29ycA,OlympicGames
Landforms,Mx4rvVjORZwpEbGdrcN5Y29ycA,TopographicalFeature
Writers,Mx4rvVj7rpwpEbGdrcN5Y29ycA,Writer
Municipalities,Mx4r06ySZMcYEdmAAAACs6hRjg,Municipality
Treaties,Mx4rwD8ghJwpEbGdrcN5Y29ycA,Treaty
Roads,Mx4rvyNjbZwpEbGdrcN5Y29ycA,Roadway
Mountains,Mx4rvVjODZwpEbGdrcN5Y29ycA,Mountain
Hotels,Mx4rvViIe5wpEbGdrcN5Y29ycA,HotelBuilding
Airports,Mx4rvVj-r5wpEbGdrcN5Y29ycA,Airport-Physical
Ships,Mx4rvVirIJwpEbGdrcN5Y29ycA,Ship
Battles,Mx4rvViusJwpEbGdrcN5Y29ycA,Battle
Publications,Mx4rvVjBvZwpEbGdrcN5Y29ycA,PublishedMaterial
Hospitals,Mx4rvViRwZwpEbGdrcN5Y29ycA,Hospital
Locomotives,Mx4rvZJQDJwpEbGdrcN5Y29ycA,TrainEngine
Towns,Mx4rvuXm9JwpEbGdrcN5Y29ycA,Town
Operas,Mx4rX7xb_nS_EdaAAACgyZzFrg,MusicalComposition-Opera
Bridges,Mx4rvgD1IZwpEbGdrcN5Y29ycA,Bridge
Vehicles,Mx4rwLzhaZwpEbGdrcN5Y29ycA,TransportationDevice-Vehicle
Expatriates,Mx4rcSllnCxOQdiI0P90K7qpmQ,Expatriate
Communities,Mx4rvdFcWZwpEbGdrcN5Y29ycA,Community
Lakes,Mx4rvVi4IpwpEbGdrcN5Y29ycA,Lake
Airlines,Mx4rvViq7pwpEbGdrcN5Y29ycA,AirlineCompany
Jews,Mx4rwQB4UJwpEbGdrcN5Y29ycA,JewishPerson
Townships,Mx4rvuXm9JwpEbGdrcN5Y29ycA,Town
Presidents,Mx4rwJmRJZwpEbGdrcN5Y29ycA,PresidentOfOrganization
Accidents,Mx4rvViib5wpEbGdrcN5Y29ycA,Accident
Christians,Mx4rwQB295wpEbGdrcN5Y29ycA,ChristianPerson
Arts,Mx4rvVjHuJwpEbGdrcN5Y29ycA,ArtObject
Wars,Mx4rvVjfq5wpEbGdrcN5Y29ycA,War
Suicides,Mx4rwQrsYZwpEbGdrcN5Y29ycA,Suicide
Cemeteries,Mx4rwPzRbpwpEbGdrcN5Y29ycA,Graveyard
Libraries,Mx4rvVjknJwpEbGdrcN5Y29ycA,Library-Organization
Poets,Mx4rvftqlZwpEbGdrcN5Y29ycA,Poet
Disasters,Mx4rwP1YzJwpEbGdrcN5Y29ycA,DisasterEvent
Ballets,Mx4rvYkGtJwpEbGdrcN5Y29ycA,BalletDancePerformance
Singers,Mx4rvVjiz5wpEbGdrcN5Y29ycA,Singer
Destroyers,Mx4rwQCZ_pwpEbGdrcN5Y29ycA,Destroyer
Counts,Mx4rvm64yZwpEbGdrcN5Y29ycA,Count-Nobleman
Festivals,Mx4rvcE-CZwpEbGdrcN5Y29ycA,Festival
Catholics,Mx4rwFAJYpwpEbGdrcN5Y29ycA,CatholicPerson
Submarines,Mx4rvViMW5wpEbGdrcN5Y29ycA,Submarine
Borders,Mx4rd7-FiskjEdmAAAACs6hRjg,Borderline
Logos,Mx4rvVjblJwpEbGdrcN5Y29ycA,Logo
Regions,Mx4rvViACZwpEbGdrcN5Y29ycA,GeographicalRegion
Muslims,Mx4rwQB3sJwpEbGdrcN5Y29ycA,MuslimPerson
Streets,Mx4rvVj1FJwpEbGdrcN5Y29ycA,Street-Generic
Plants,Mx4rvVjG4ZwpEbGdrcN5Y29ycA,Plant
Philippines,Mx4rvVjoeJwpEbGdrcN5Y29ycA,PhilippinesPerson
Landmarks,Mx4rwQwtGpwpEbGdrcN5Y29ycA,Landmark
Castles,Mx4rvgEGtpwpEbGdrcN5Y29ycA,Castle
Forts,Mx4rvVjyDJwpEbGdrcN5Y29ycA,FortTheShelterRegion
Parishes,Mx4rvViolJwpEbGdrcN5Y29ycA,LocalReligiousCongregation
Telecommunications,Mx4rdi9o3IJLQdeSL_KXawza8g,TelecommunicationsCompany
Volcanoes,Mx4rvVkKUJwpEbGdrcN5Y29ycA,Volcano
Monarchs,Mx4rvVjdhJwpEbGdrcN5Y29ycA,Monarch-HeadOfState
Composers,Mx4rvVjp3ZwpEbGdrcN5Y29ycA,MusicalComposer
Crimes,Mx4rwQrrDJwpEbGdrcN5Y29ycA,CriminalAct
Restaurants,Mx4rvVjyg5wpEbGdrcN5Y29ycA,Restaurant-Organization
Weapons,Mx4rvVj8V5wpEbGdrcN5Y29ycA,Weapon
Archbishops,Mx4rvePNfZwpEbGdrcN5Y29ycA,Archbishop
Skyscrapers,Mx4rvVjHDJwpEbGdrcN5Y29ycA,Skyscraper
Boxers,Mx4rvViXA5wpEbGdrcN5Y29ycA,Boxer
Ministries,Mx4rwooJShlEQdicuoWV4yDY4A,Ministry
Shipwrecks,Mx4rv43FT5wpEbGdrcN5Y29ycA,Shipwreck
Prisons,Mx4rvem215wpEbGdrcN5Y29ycA,Prison
Centuries,Mx4rvVi49pwpEbGdrcN5Y29ycA,CalendarCentury
Soundtracks,Mx4rwL5Y-5wpEbGdrcN5Y29ycA,MovieSoundtrack
Synagogues,Mx4r8xiK9h5sQdecO7LzXLQRKw,Synagogue-Building
Mammals,Mx4rvVimKJwpEbGdrcN5Y29ycA,Mammal
Earthquakes,Mx4rwQBYpZwpEbGdrcN5Y29ycA,Earthquake
Mosques,Mx4rwJSZ7ZwpEbGdrcN5Y29ycA,Mosque-Building
Cruisers,Mx4rwFE2IZwpEbGdrcN5Y29ycA,Cruiser
Systems,Mx4rv9Xu1ZwpEbGdrcN5Y29ycA,System
Neighborhoods,Mx4rvVi4_pwpEbGdrcN5Y29ycA,Neighborhood
Rights,Mx4reu-K3MU7EduAAADggVbxzQ,Entitlement
Trees,Mx4rvVjPdZwpEbGdrcN5Y29ycA,Tree-ThePlant
Generals,Mx4rCX1yJHS-EdaAAACgyZzFrg,General-Rank
Forests,Mx4rwVAaWpwpEbGdrcN5Y29ycA,Forest
Caves,Mx4rvViDMJwpEbGdrcN5Y29ycA,Cave
Rules,Mx4rvViVx5wpEbGdrcN5Y29ycA,CodeOfConduct
Towers,Mx4rwPK8UJwpEbGdrcN5Y29ycA,Tower
Blues,Mx4rv_-aApwpEbGdrcN5Y29ycA,BluesMusic
Lighthouses,Mx4rvWRPO5wpEbGdrcN5Y29ycA,Lighthouse
Counties,Mx4rvVjkmJwpEbGdrcN5Y29ycA,County
Tunnels,Mx4rwO2abpwpEbGdrcN5Y29ycA,Tunnel
Provinces,Mx4rvVjM45wpEbGdrcN5Y29ycA,Province
Valleys,Mx4rvVkKGZwpEbGdrcN5Y29ycA,Valley
Decades,Mx4rvVi5N5wpEbGdrcN5Y29ycA,CalendarDecade
Waterfalls,Mx4rvVj0_pwpEbGdrcN5Y29ycA,Waterfall
Canals,Mx4rvVjzcZwpEbGdrcN5Y29ycA,Canal
Palaces,Mx4rvVjpbJwpEbGdrcN5Y29ycA,PalaceBuilding
Mines,Mx4rvXaPgZwpEbGdrcN5Y29ycA,Mine-Weapon
Beaches,Mx4rvVjvKZwpEbGdrcN5Y29ycA,Beach
Soldiers,Mx4rvVjrTpwpEbGdrcN5Y29ycA,Soldier
Saints,Mx4rwQCWO5wpEbGdrcN5Y29ycA,Saint
Referendums,Mx4rVUBaHCzZQdiJI60BYYtp2g,Referendum
Tornadoes,Mx4rwRY1FpwpEbGdrcN5Y29ycA,TornadoAsEvent
Communists,Mx4rvlAIgZwpEbGdrcN5Y29ycA,Communist
Earls,Mx4rwFXDRpwpEbGdrcN5Y29ycA,Earl
Guitarists,Mx8Ngh4rvW-_IZwpEbGdrcN5Y29ycB4rwQrsppwpEbGdrcN5Y29ycA,"[:PlayerOfInstrumentFn, :Guitar]"
Tanks,Mx4rwQB8vpwpEbGdrcN5Y29ycA,Tank-Vehicle
Kings,Mx4rvVjnNpwpEbGdrcN5Y29ycA,King-HeadOfState
Robots,Mx4rwQr1pJwpEbGdrcN5Y29ycA,Robot
Monasteries,Mx4rwR_zXZwpEbGdrcN5Y29ycA,Monastery-Residence
Hills,Mx4rvgEUypwpEbGdrcN5Y29ycA,Hill
Songwriters,Mx4r7wQOfEeAEdaAAABQ2sS97g,Songwriter
Surnames,Mx4rv2Wq-ZwpEbGdrcN5Y29ycA,HumanSurname
Regiments,Mx4rgswEFm3OEdaAAACgye-oRQ,Regiment-MilitaryEchelon
Princesses,Mx4rvusi7pwpEbGdrcN5Y29ycA,Princess
Drugs,Mx4rv8FjPpwpEbGdrcN5Y29ycA,DrugSubstance
Novelists,Mx4rvVi18JwpEbGdrcN5Y29ycA,Novelist
Zoos,Mx4rwQBcFJwpEbGdrcN5Y29ycA,ZooGrounds
Headlands,Mx4ryjTUsqrKEdqAAAAOpmP6tw,Headland
Criminals,Mx4rvVjIu5wpEbGdrcN5Y29ycA,Criminal
Frigates,Mx4rwIG-bpwpEbGdrcN5Y29ycA,ModernFrigate
Flags,Mx4rvViQupwpEbGdrcN5Y29ycA,Flag
Marquesses,Mx4rv8ax-pwpEbGdrcN5Y29ycA,Marquess
Reservoirs,Mx4rvVjzt5wpEbGdrcN5Y29ycA,WaterReservoir
Stars,Mx4rvVi80ZwpEbGdrcN5Y29ycA,Star
Fungi,Mx4rvViZCZwpEbGdrcN5Y29ycA,Fungus
Golfers,Mx4rvlU1HZwpEbGdrcN5Y29ycA,Golfer
Deities,Mx4rvVjrCJwpEbGdrcN5Y29ycA,God
Cathedrals,Mx4rvVigPpwpEbGdrcN5Y29ycA,Cathedral
Riots,Mx4rvVi3uJwpEbGdrcN5Y29ycA,Rioting
Stadiums,Mx4rvVjtnZwpEbGdrcN5Y29ycA,Stadium
Peninsulas,Mx4rvViPJpwpEbGdrcN5Y29ycA,Peninsula
Wrestlers,Mx4rwByumpwpEbGdrcN5Y29ycA,Wrestler
Courts,Mx4rwIt59JwpEbGdrcN5Y29ycA,Court-Judicial
Wetlands,Mx4rvh8GOpwpEbGdrcN5Y29ycA,WetlandRegion
Pianists,Mx4rwQCSB5wpEbGdrcN5Y29ycA,Pianist
Isotopes,Mx4roKc-HvHhQdaBDNvSUEQyBg,Isotope
Battleships,Mx4rwQCY1pwpEbGdrcN5Y29ycA,Battleship
Publishers,Mx4rv2JAepwpEbGdrcN5Y29ycA,PublishingOrganization
Airfields,Mx4rT2uByCTVQdeVZZaE0030Zg,Airfield
Gymnasts,Mx4rvViQHpwpEbGdrcN5Y29ycA,Gymnast
Fires,Mx4rJVWDE7ZqEdmFRAACs6hRjg,Fire-CombustionProcess
Glaciers,Mx4rvgD8xJwpEbGdrcN5Y29ycA,Glacier
Reptiles,Mx4rvVjyMJwpEbGdrcN5Y29ycA,Reptile
Routes,Mx4r7k80XssQEdmAAAACs6hRjg,TravelRoute
Barons,Mx4rwNcrupwpEbGdrcN5Y29ycA,Baron
Symbols,Mx4rwKrQNpwpEbGdrcN5Y29ycA,SymbolicThing
Ruins,Mx4rvXFBK5wpEbGdrcN5Y29ycA,RuinedArtifact
Temples,Mx4rwQwW0ZwpEbGdrcN5Y29ycA,Temple
Capitals,Mx4rvVjylZwpEbGdrcN5Y29ycA,CapitalCityOfRegion
Murderers,Mx4rv1UvdZwpEbGdrcN5Y29ycA,Murderer
Duchesses,Mx4rwOcFjJwpEbGdrcN5Y29ycA,Duchess
Gangs,Mx4rvWh8GJwpEbGdrcN5Y29ycA,Gang
Firearms,Mx4rvVigDpwpEbGdrcN5Y29ycA,Gun-Portable
Occupations,Mx4rvVii2ZwpEbGdrcN5Y29ycA,PersonTypeByOccupation
Protests,Mx4rvVjO95wpEbGdrcN5Y29ycA,PublicProtesting
Skiers,Mx4rFOwr9o12QdeYFMVwxtS1ag,SnowSkier
Gymnastics,Mx4rvVjbJ5wpEbGdrcN5Y29ycA,GymnasticsSportsEvent
Essays,Mx4rvxfXtJwpEbGdrcN5Y29ycA,AcademicEssay
Minerals,Mx4rwQCJAJwpEbGdrcN5Y29ycA,Mineral
Associations,Mx4rwH-3XJwpEbGdrcN5Y29ycA,Association
Territories,Mx4rvVih3JwpEbGdrcN5Y29ycA,Territory
Racehorses,Mx4rdDJ92McaEdmAAAACs6hRjg,Racehorse
Standards,Mx4rvVib1JwpEbGdrcN5Y29ycA,Specification
Gods,Mx4rvVjrCJwpEbGdrcN5Y29ycA,God
Resorts,Mx4rvx0OwZwpEbGdrcN5Y29ycA,Resort-Attraction
Divers,Mx4rvVjR9ZwpEbGdrcN5Y29ycA,Diver
Botanists,Mx4rvVireZwpEbGdrcN5Y29ycA,Botanist
Squadrons,Mx4rIlMG-HS8EdaAAACgyZzFrg,Squadron-MilitaryEchelon
Students,Mx4rvViNGpwpEbGdrcN5Y29ycA,Student
Asteroids,Mx4rvVjB1JwpEbGdrcN5Y29ycA,Asteroid
Timelines,Mx4rO3zfmCqeQdiCMc3qva_fYg,Timeline
Straits,Mx4rvViS15wpEbGdrcN5Y29ycA,Strait
Controversies,Mx4rvViAE5wpEbGdrcN5Y29ycA,ControversialAction
Casinos,Mx4rvw_jMpwpEbGdrcN5Y29ycA,Casino-Organization
Violinists,Mx8Ngh4rvW-_IZwpEbGdrcN5Y29ycB4rwQtnWpwpEbGdrcN5Y29ycA,"[:PlayerOfInstrumentFn, :Violin]"
Grasslands,Mx4rvgEAo5wpEbGdrcN5Y29ycA,Grassland
Orchestras,Mx4rvVjq95wpEbGdrcN5Y29ycA,Orchestra
Amphibians,Mx4rvVjgJJwpEbGdrcN5Y29ycA,Amphibian
Drummers,Mx4rwLrP3JwpEbGdrcN5Y29ycA,Drummer
Farms,Mx4rvViqgJwpEbGdrcN5Y29ycA,FarmTheOrganization
Refugees,Mx4rwMU99JwpEbGdrcN5Y29ycA,Refugee
Atheists,Mx4rvbK69JwpEbGdrcN5Y29ycA,Atheist
Anarchists,Mx4rwMXTh5wpEbGdrcN5Y29ycA,Anarchist
Tankers,Mx4rwQCPwpwpEbGdrcN5Y29ycA,TankerShip
Insects,Mx4rvVi495wpEbGdrcN5Y29ycA,Insect
Seasons,Mx4rvgEUH5wpEbGdrcN5Y29ycA,CalendarSeasonType
Trails,Mx4rwP1K_pwpEbGdrcN5Y29ycA,Trail
Saxophonists,Mx8Ngh4rvW-_IZwpEbGdrcN5Y29ycB4rwQrc2JwpEbGdrcN5Y29ycA,"[:PlayerOfInstrumentFn, :Saxophone]"
Deserts,Mx4rvVjreZwpEbGdrcN5Y29ycA,Desert
Trains,Mx4rvVjIJZwpEbGdrcN5Y29ycA,Train-TransportationDevice
Admirals,Mx4rfmWO_HS8EdaAAACgyZzFrg,Admiral-Rank
Brigades,Mx4rLvHKZDt6EdaAAACgye-oRQ,Brigade-MilitaryEchelon
Manuscripts,Mx4rTFCPhMcbEdmAAAACs6hRjg,Manuscript-Handwritten
Emperors,Mx4rvViZvZwpEbGdrcN5Y29ycA,Emperor-HeadOfState
Billionaires,Mx4rlyOvVyp4EdiUfwAH6RYvSQ,Billionaire
Suburbs,Mx4rvVj8QZwpEbGdrcN5Y29ycA,SuburbanNeighborhood
Hoaxes,Mx4rvrasypwpEbGdrcN5Y29ycA,Hoax
Desserts,Mx4rvVkKypwpEbGdrcN5Y29ycA,DessertFood
Environmentalists,Mx8Ngh4rwBtg95wpEbGdrcN5Y29ycB4rwEw8YpwpEbGdrcN5Y29ycA,"[:BelieverFn, :Environmentalism]"
Inscriptions,Mx4riqcWQizTQdiaMeD3tzQmJQ,Inscription
Names,Mx4rwB7x55wpEbGdrcN5Y29ycA,Name
Windmills,Mx4rvVji-pwpEbGdrcN5Y29ycA,Windmill
Ferries,Mx4rwQCasJwpEbGdrcN5Y29ycA,Ferry
Viscounts,Mx4rwGTeK5wpEbGdrcN5Y29ycA,Viscount
Wineries,Mx4rwP3rCpwpEbGdrcN5Y29ycA,Winery
Cheeses,Mx4rvVjOAZwpEbGdrcN5Y29ycA,Cheese
Poems,Mx4rvvm9OJwpEbGdrcN5Y29ycA,Poem-CW
Encyclopedias,Mx4rvVifc5wpEbGdrcN5Y29ycA,Encyclopedia
Cellists,Mx8Ngh4rvW-_IZwpEbGdrcN5Y29ycB4rvV7b45wpEbGdrcN5Y29ycA,"[:PlayerOfInstrumentFn, :Cello]"
Supermarkets,Mx4rvVjDcpwpEbGdrcN5Y29ycA,GroceryStore
Librarians,Mx4rvVjk3pwpEbGdrcN5Y29ycA,Librarian
Islamists,Mx4rmQV06PDvQdaeGvyxZM_BCA,Islamist
Tools,Mx4rwPznZJwpEbGdrcN5Y29ycA,Tool
Laos,Mx4rvViyWpwpEbGdrcN5Y29ycA,LaotianPerson
Organists,Mx8Ngh4rvW-_IZwpEbGdrcN5Y29ycB4rv5XMb5wpEbGdrcN5Y29ycA,"[:PlayerOfInstrumentFn, :""Organ-MusicalInstrument""]"
Bibliographies,Mx4rvit3I5wpEbGdrcN5Y29ycA,Bibliography
Choirs,Mx4rrIFTAlxnEdqAAAACs71DGQ,Choir
Imams,Mx4rMkM8wqURQdic0fH40JMnqg,Imam
Fugitives,Mx4rvnCCKZwpEbGdrcN5Y29ycA,Fugitive
Plains,Mx4rvVj1i5wpEbGdrcN5Y29ycA,Plain-Topographical
Battalions,Mx4rvumfE5wpEbGdrcN5Y29ycA,Battalion-MilitaryEchelon
Fascists,Mx4rv6NB4pwpEbGdrcN5Y29ycA,Fascist
Trumpeters,Mx8Ngh4rvW-_IZwpEbGdrcN5Y29ycB4rwPR06JwpEbGdrcN5Y29ycA,"[:PlayerOfInstrumentFn, :Trumpet]"
Networks,Mx4rvmCrpZwpEbGdrcN5Y29ycA,PathArtifactSystem
Keyboardists,Mx8Ngh4rvW-_IZwpEbGdrcN5Y29ycB4rvVjf7JwpEbGdrcN5Y29ycA,"[:PlayerOfInstrumentFn, :""Keyboard-MusicalInstrument""]"
Cameras,Mx4rvWAmAJwpEbGdrcN5Y29ycA,Camera
Researchers,Mx4rvViaI5wpEbGdrcN5Y29ycA,Researcher
Sprinters,Mx4rvViohZwpEbGdrcN5Y29ycA,Sprinter
Dictionaries,Mx4rvVjKWpwpEbGdrcN5Y29ycA,Dictionary
Explosions,Mx4rvgD3bpwpEbGdrcN5Y29ycA,Explosion
Regents,Mx4r8xV4ujAUQdiRwNh88htQzg,Regent
Nightclubs,Mx4rvVjywJwpEbGdrcN5Y29ycA,NightClub
Professorships,Mx4rmzpNxNnXQdiKsPrBUb6i-A,Professorship
Scandals,Mx4rvXTNFZwpEbGdrcN5Y29ycA,Scandal
Projects,Mx4rvViqMpwpEbGdrcN5Y29ycA,Project
Gates,Mx4rwQB8kpwpEbGdrcN5Y29ycA,Gate
Socialists,Mx8Ngh4rwBtg95wpEbGdrcN5Y29ycB4rvVjUXpwpEbGdrcN5Y29ycA,"[:BelieverFn, :Socialism]"
Theories,Mx4rQq_n4TdvQRmb_l5j4QW1LQ,TheoreticalConstruct
Fountains,Mx4rvs83fZwpEbGdrcN5Y29ycA,Fountain-Artificial
Symphonies,Mx4rv5FimZwpEbGdrcN5Y29ycA,Symphony
Hamlets,Mx4rv33BppwpEbGdrcN5Y29ycA,Village
Critics,Mx4rxLwPEBPHQdiOxIH5gWCidg,Critic
Cattle,Mx4rvWayzZwpEbGdrcN5Y29ycA,Cattle
Rifles,Mx4rwQrhWpwpEbGdrcN5Y29ycA,Rifle
Cooperatives,Mx4rvVzYvpwpEbGdrcN5Y29ycA,CooperativeOrganization
Libertarians,Mx4rX6HCOqOEQdiA6cuInoHlow,Libertarian
Cells,Mx4rvVjuY5wpEbGdrcN5Y29ycA,Cell
Marxists,Mx4rvsHI_ZwpEbGdrcN5Y29ycA,Marxist
Countesses,Mx4rvtGrlZwpEbGdrcN5Y29ycA,Countess
Documents,Mx4r1VKBbji8Ed2AAAACs6hRXg,Document
Fjords,Mx4rvViGYZwpEbGdrcN5Y29ycA,Fjord
Toys,Mx4rvViE25wpEbGdrcN5Y29ycA,Toy
Rocks,Mx4rvViOBJwpEbGdrcN5Y29ycA,StoneStuff
Pirates,Mx4rwFNlP5wpEbGdrcN5Y29ycA,Pirate-Sailor
Genres,Mx4rdUzR9nSwEdaAAACgyZzFrg,ObjectTypeByStyle
Acids,Mx4rD1Ky4grWEdaAAABQ2sS97g,ChemicallyAcidicSubstance
Dialects,Mx4rvVizq5wpEbGdrcN5Y29ycA,LanguageDialect
Chapels,Mx4rv4J3IZwpEbGdrcN5Y29ycA,Chapel
Biographers,Mx4rvmIcyZwpEbGdrcN5Y29ycA,Biographer
Primates,Mx4rvVimdJwpEbGdrcN5Y29ycA,Primate
Estuaries,Mx4rvVjI85wpEbGdrcN5Y29ycA,Estuary
Expressways,Mx4rvVjVYZwpEbGdrcN5Y29ycA,Highway
Lexicographers,Mx4rwLtrxJwpEbGdrcN5Y29ycA,Lexicographer
Jockeys,Mx4rvgHjK5wpEbGdrcN5Y29ycA,Jockey
Constitutions,Mx4rGH9VFrvUEdmAAAACs6hRjg,Constitution
Cliffs,Mx4rvVjU5pwpEbGdrcN5Y29ycA,Cliff
Enzymes,Mx4rvfBoWZwpEbGdrcN5Y29ycA,EnzymeMolecule
Sheriffs,Mx4rRWTpvi9AQdicUZy0P3lKVQ,Sheriff
Rapists,Mx4rv1HrB5wpEbGdrcN5Y29ycA,Rapist
Corvettes,Mx4rwN4c3pwpEbGdrcN5Y29ycA,Corvette-Ship
Pipelines,Mx4rvkfG4JwpEbGdrcN5Y29ycA,Pipeline
Horses,Mx4rwQBg3ZwpEbGdrcN5Y29ycA,Horse
Aqueducts,Mx4rGDBL3tSzQdaKOcti1qFoQw,Aqueduct
Piers,Mx4rlIY0dq1gEdqAAAACs6hO_g,Pier
Sausages,Mx4rWGjnAAvMEd2AAAACs6hRXg,Sausage
Trotskyists,Mx4rvhPXc5wpEbGdrcN5Y29ycA,Trotskyist
Sultans,Mx4rvVj2QZwpEbGdrcN5Y29ycA,Sultan-HeadOfState
Tenors,Mx4rvq3c4ZwpEbGdrcN5Y29ycA,Tenor-Singer
Defectors,Mx4rNDp-Liz3QdiLxOQYOKGvgw,Defector
Lagoons,Mx4rvVjz9pwpEbGdrcN5Y29ycA,Lagoon
Mobsters,Mx4rv153ZZwpEbGdrcN5Y29ycA,Gangster
Banknotes,Mx4rvViJj5wpEbGdrcN5Y29ycA,Bill-Currency
Crops,Mx4rvXdCPZwpEbGdrcN5Y29ycA,Crop
Dames,Mx4rvVix8ZwpEbGdrcN5Y29ycA,AdultFemaleHuman
Gulfs,Mx4rvVkABpwpEbGdrcN5Y29ycA,Gulf
Dinosaurs,Mx4rwQBqYJwpEbGdrcN5Y29ycA,Dinosaur
Ornithologists,Mx4rwQB82JwpEbGdrcN5Y29ycA,Ornithologist
Marathons,Mx4rvVjDJpwpEbGdrcN5Y29ycA,Marathon
Synthesizers,Mx4rvjd1v5wpEbGdrcN5Y29ycA,ElectronicSynthesizer
Plays,Mx4rvViIrpwpEbGdrcN5Y29ycA,PlayScript
Legislators,Mx4r7b1yNtViQdaRY_7u6rLtcg,Legislator
Proteins,Mx4rvVjM3pwpEbGdrcN5Y29ycA,ProteinStuff
Sopranos,Mx4rvXmO05wpEbGdrcN5Y29ycA,Soprano-Singer
Barns,Mx4rvWKUxJwpEbGdrcN5Y29ycA,Barn
Portraits,Mx4rwQBcZ5wpEbGdrcN5Y29ycA,PortraitPerspective
Dyes,Mx4rNDG87GknQdeR4I_eAafewQ,Dye
Guerrillas,Mx4rowujBB7AQdiWtfaLp2Z13Q,Guerrilla
Economies,Mx4rwI-mXpwpEbGdrcN5Y29ycA,EconomicSystem
Waves,Mx4rwQCA9ZwpEbGdrcN5Y29ycA,WavePropagation
Resources,Mx4rwMV1_ZwpEbGdrcN5Y29ycA,Resources
Microbiologists,Mx4rvVkA0JwpEbGdrcN5Y29ycA,Microbiologist
Rodents,Mx4rvVkI8pwpEbGdrcN5Y29ycA,Rodent
Concertos,Mx4rwKAH-ZwpEbGdrcN5Y29ycA,Concerto
Mortars,Mx4rwQCV95wpEbGdrcN5Y29ycA,MortarLauncher
Collectors,Mx4rwN8ikpwpEbGdrcN5Y29ycA,Collector
Commentators,Mx4rWUNxOjDQQdiGWKzgKd8ipQ,Commentator
Astronomers,Mx4rvVj_A5wpEbGdrcN5Y29ycA,Astronomer
Marinas,Mx4rwPut3JwpEbGdrcN5Y29ycA,Marina
Galaxies,Mx4rwPurL5wpEbGdrcN5Y29ycA,Galaxy
Shipyards,Mx4rwF7pFZwpEbGdrcN5Y29ycA,Shipyard
Oases,Mx4rwPKaz5wpEbGdrcN5Y29ycA,Oasis
Retailers,Mx4rvVjeUZwpEbGdrcN5Y29ycA,RetailOrganization
Boroughs,Mx4row2WOHwNQdeFcucrvFV0yw,Borough
Antibiotics,Mx4rvVikl5wpEbGdrcN5Y29ycA,Antibiotic
Marshes,Mx4rsXt6fHS8EdaAAACgyZzFrg,Marsh
Crustaceans,Mx4rvVizJ5wpEbGdrcN5Y29ycA,Crustacean
Planets,Mx4rvVjRL5wpEbGdrcN5Y29ycA,Planet
Blogs,Mx4rW5BJaP00EdmAAAACs6M1uw,Weblog
Sounds,Mx4rvpmpZ5wpEbGdrcN5Y29ycA,Sound
Clowns,Mx4rvgHzjJwpEbGdrcN5Y29ycA,Clown
Diarists,Mx4rDO55UMsIEdmAAAACs6hRjg,Diarist
Ballads,Mx4rvCSlHMiWEdmAAAACs6hRjg,Ballad-CW
Revolvers,Mx4rwQCYsZwpEbGdrcN5Y29ycA,Revolver
Speeches,Mx4rwOz-DJwpEbGdrcN5Y29ycA,PublicSpeaking
Obelisks,Mx4rv0q6mJwpEbGdrcN5Y29ycA,Obelisk
Lamas,Mx4roo9eSMshEdmAAAACs6hRjg,Lama-Priest
Ecologists,Mx4rwQCEL5wpEbGdrcN5Y29ycA,Ecologist
Microprocessors,Mx4rvVit45wpEbGdrcN5Y29ycA,Microprocessor
Ridges,Mx4rv-vI_5wpEbGdrcN5Y29ycA,Ridge
Satellites,Mx4rwPzeJJwpEbGdrcN5Y29ycA,Satellite-Device
Bookstores,Mx4rvVjzyZwpEbGdrcN5Y29ycA,Bookstore
Cryptographers,Mx4rwVHafZwpEbGdrcN5Y29ycA,Cryptographer
Ophthalmologists,Mx4rvViJ15wpEbGdrcN5Y29ycA,Ophthalmologist
Baritones,Mx4rvzoMspwpEbGdrcN5Y29ycA,Baritone-Singer
Swords,Mx4rvVj_15wpEbGdrcN5Y29ycA,Sword
Heliports,Mx4rwGe3uZwpEbGdrcN5Y29ycA,Heliport-Physical
Psychics,Mx4rwB-v7ZwpEbGdrcN5Y29ycA,PsychicAdviser
Spiders,Mx4rvVjCnZwpEbGdrcN5Y29ycA,Spider
Commissions,Mx4rhHJlMjlSEdeUggACs2TnIQ,Commission-Organization
Skateboarders,Mx4rvwPld5wpEbGdrcN5Y29ycA,Skateboarder
Zoologists,Mx4rvVkBEZwpEbGdrcN5Y29ycA,Zoologist
Plantations,Mx4rtgbc6KUhQdiIMqLM0rN5nQ,Plantation
Revolutions,Mx4rvjMsT5wpEbGdrcN5Y29ycA,Revolution-Political
Cannibals,Mx4rq62uDqAzQdiT6MyuMWko1Q,Cannibal
Cocktails,Mx4rv2GPW5wpEbGdrcN5Y29ycA,CocktailDrink
Grenades,Mx4r4r01PPUfQdeZ--kYL7ElzA,Grenade
Republicans,Mx4rvhvt4ZwpEbGdrcN5Y29ycA,Republican
Bacteria,Mx4rvVjU-5wpEbGdrcN5Y29ycA,Bacterium
Seas,Mx4rvVjMf5wpEbGdrcN5Y29ycA,Sea
Orphanages,Mx4rmS8E3GszQdmaNJndo9A0qw,Orphanage
Ranches,Mx8Ngh4rc6oKzFsKEdaAAACQJ5pZBx4rvVjmEpwpEbGdrcN5Y29ycA,"[:FacilityTypeOfOrganizationTypeFn, :LivestockFarm]"
Shops,Mx4rvVi__5wpEbGdrcN5Y29ycA,RetailStore
Soups,Mx4rvVj2XJwpEbGdrcN5Y29ycA,Soup
Swamps,Mx4rwQwnxpwpEbGdrcN5Y29ycA,Swamp
Fraternities,Mx4rvVkHhpwpEbGdrcN5Y29ycA,CollegeFraternalGreekOrganization
Surfers,Mx4rP9eqoiwaEdiUggAH6RYvSQ,Surfer
Pathologists,Mx4rvViL7pwpEbGdrcN5Y29ycA,Pathologist
Butterflies,Mx4rwP1eaJwpEbGdrcN5Y29ycA,Butterfly
Bandleaders,Mx4rMTEsOMQDEdmAAAACs6hRjg,DanceBandLeader
Peers,Mx4r8RZS6ry5EdmAAAACs6hRjg,Peer
Alloys,Mx4rvVjMi5wpEbGdrcN5Y29ycA,MetalAlloy
Sloops,Mx4riX_NyCrmEdqAAAACs71DGQ,Sloop
Censuses,Mx4rCbB68i9DQdiKK7a7tRjq7Q,Census
Grasses,Mx4rvViZVpwpEbGdrcN5Y29ycA,Grass-Plant
Knots,Mx4rvZutMpwpEbGdrcN5Y29ycA,Knot
Geneticists,Mx4rvVj_RZwpEbGdrcN5Y29ycA,Geneticist
Warriors,Mx4rVwFRmDoZQdefRchRema0Cw,Warrior
Consonants,Mx4rvgFDnZwpEbGdrcN5Y29ycA,Consonant
Shotguns,Mx4rvWKGf5wpEbGdrcN5Y29ycA,Shotgun
Archivists,Mx4revPXgitfQdifNqLv5mEwfg,Archivist
Lenses,Mx4rvVj0fZwpEbGdrcN5Y29ycA,Lens
Physicists,Mx4rvViN4ZwpEbGdrcN5Y29ycA,Physicist
Buskers,Mx4rvViQkpwpEbGdrcN5Y29ycA,StreetPerformer
Documentaries,Mx4rG1GLHnS7EdaAAACgyZzFrg,Documentary-Genre
Airliners,Mx4r0Z1FHjDhQdiBpokGyffSPA,CommercialAirliner
Prosecutors,Mx4rlL5kmLrMEdaAAAACs6Mw3A,Prosecutor
Telescopes,Mx4rwQCMa5wpEbGdrcN5Y29ycA,Telescope
Helicopters,Mx4rvViuEJwpEbGdrcN5Y29ycA,Helicopter
Apartments,Mx4rvVixF5wpEbGdrcN5Y29ycA,ApartmentUnit
Neurologists,Mx4rvViJlJwpEbGdrcN5Y29ycA,Neurologist
Carousels,Mx4rvgEDJ5wpEbGdrcN5Y29ycA,Carousel
Cultivars,Mx4r6DQWeCeAQdiRwbH-MTYaMQ,Cultivar
Geysers,Mx4rvgETPZwpEbGdrcN5Y29ycA,Geyser
Cosmetics,Mx4rvVjX95wpEbGdrcN5Y29ycA,Makeup
Autobiographies,Mx4rvbZoS5wpEbGdrcN5Y29ycA,Autobiography
Producers,Mx4rvVjvI5wpEbGdrcN5Y29ycA,ManufacturingOrganization
Lizards,Mx4rvVjwr5wpEbGdrcN5Y29ycA,Lizard
Empires,Mx4rvrUy_ZwpEbGdrcN5Y29ycA,Empire
Waterways,Mx4rwP1QU5wpEbGdrcN5Y29ycA,WaterSurfacePath
Sauces,Mx4rvVirapwpEbGdrcN5Y29ycA,Sauce
Trucks,Mx4rvVizgZwpEbGdrcN5Y29ycA,Truck
Ceramics,Mx4rvViGupwpEbGdrcN5Y29ycA,Ceramic
Receptors,Mx4rm1b3FJCmEd2AAADggVbxzQ,ReceptorMolecule
Armies,Mx4rmkGQFm3OEdaAAACgye-oRQ,Army-MilitaryEchelon
Monkeys,Mx4rvVjta5wpEbGdrcN5Y29ycA,Monkey
Biologists,Mx4rvVikRZwpEbGdrcN5Y29ycA,Biologist
Coasts,Mx4rwQCQD5wpEbGdrcN5Y29ycA,Seacoast
Molluscs,Mx4rvVjvjpwpEbGdrcN5Y29ycA,Mollusk
Atolls,Mx4rvVjZCZwpEbGdrcN5Y29ycA,Atoll
Parodies,Mx4rxGF_jnS7EdaAAACgyZzFrg,PropositionalConceptualWork-ParodyGenre
Minorities,Mx4r0gTPihlFQdiI_PBbool7Qw,Minority
Algae,Mx4rvVkEeZwpEbGdrcN5Y29ycA,Algae
Monarchies,Mx4r9q9Azm2vEdaAAACgyZzFrg,Monarchy
Multimedia,Mx4rT2-p1HS8EdaAAACgyZzFrg,Multimedia
Bullfighters,Mx4rvViZ4JwpEbGdrcN5Y29ycA,Matador
Periodicals,Mx4rvaipZJwpEbGdrcN5Y29ycA,PeriodicalSeries
Prophets,Mx4rwPq30ZwpEbGdrcN5Y29ycA,Prophet
Esters,Mx4rwQ_uhJwpEbGdrcN5Y29ycA,Ester
Mysteries,Mx4rq0dgAHS_EdaAAACgyZzFrg,PropositionalConceptualWork-MysteryGenre
Satanists,Mx4rveSny5wpEbGdrcN5Y29ycA,Satanist
Apes,Mx4rvVicmpwpEbGdrcN5Y29ycA,Ape
Yachts,Mx4run14FjC7QdiKbp3T8_xoXA,Yacht
Frogs,Mx4rvVjcS5wpEbGdrcN5Y29ycA,Frog
Metals,Mx4rvVisOZwpEbGdrcN5Y29ycA,Metal
Beetles,Mx4rvVi8cpwpEbGdrcN5Y29ycA,Beetle
Hairdressers,Mx4rvVidRJwpEbGdrcN5Y29ycA,HairStylist
Snakes,Mx4rvViT7pwpEbGdrcN5Y29ycA,Snake
Symptoms,Mx4rLvFXyp9oEdyAAAATco72kA,AilmentSymptom
Solicitors,Mx4rxFxmnCddQdiWWOHYN8as5Q,Solicitor
Republics,Mx4rRh4l5m29EdaAAACgyZzFrg,Republic
Entomologists,Mx4rFHTwOMsbEdmAAAACs6hRjg,Entomologist
Criminologists,Mx4r5mDWJrZwEdmAAAACs4vPlg,Criminologist
Condiments,Mx4rvVjdfZwpEbGdrcN5Y29ycA,Condiment
Ayatollahs,Mx4r8QiLguJbEdiOzgACs6hcqg,Ayatollah
Precincts,Mx4rPgOJIitlEdiUgQAH6RYvSQ,Precinct
Pharmacies,Mx4rwTs2dJwpEbGdrcN5Y29ycA,PharmaceuticalDispensingOrganization
Lobbyists,Mx4rvWEfmpwpEbGdrcN5Y29ycA,Lobbyist
Meetings,Mx4rvVkDiJwpEbGdrcN5Y29ycA,Meeting-SocialGathering
Legends,Mx4rv2bzqJwpEbGdrcN5Y29ycA,Legend
Organisms,Mx4rvVjE1pwpEbGdrcN5Y29ycA,Organism-Whole
Noodles,Mx4rvViwkZwpEbGdrcN5Y29ycA,Noodle
Trials,Mx4rvWPSj5wpEbGdrcN5Y29ycA,Trial
Landslides,Mx4rwLJDJpwpEbGdrcN5Y29ycA,Landslide
Cats,Mx4rvVkFc5wpEbGdrcN5Y29ycA,Cat
Minesweepers,Mx4rv3s3HZwpEbGdrcN5Y29ycA,MineCountermeasuresVessel
Scales,Mx4rYBvB-scWEdmAAAACs6hRjg,Scale-Specification
Laboratories,Mx4rwPvH35wpEbGdrcN5Y29ycA,Laboratory
Fisheries,Mx4rsB8JhCwLQdiLv-Nj07B9TA,Fishery
Boilers,Mx4rwU6bAZwpEbGdrcN5Y29ycA,Boiler-Device
Amplifiers,Mx4rvjxerZwpEbGdrcN5Y29ycA,Amplifier
Torpedoes,Mx4rveJnI5wpEbGdrcN5Y29ycA,Torpedo
Prefectures,Mx4rvlse1ZwpEbGdrcN5Y29ycA,Prefecture
Grammarians,Mx4rwGGySpwpEbGdrcN5Y29ycA,Syntactician
Bakeries,Mx4rvViU4pwpEbGdrcN5Y29ycA,BakeryStore
Lasers,Mx4rvkSts5wpEbGdrcN5Y29ycA,LASER-Device
Crusades,Mx4rynt4BC0TQdiQkJbj8zfCIA,Crusade
Alkaloids,Mx4rvVkK35wpEbGdrcN5Y29ycA,Alkaloid
Arsonists,Mx4rywPTAitbQdiRp5JjG3sBuw,Arsonist
Fabrics,Mx4rvVkJCZwpEbGdrcN5Y29ycA,Cloth
Glossaries,Mx4rvn3SS5wpEbGdrcN5Y29ycA,Glossary
Shrines,Mx4r-V6dBGC8QdibVqb-pdJx8Q,Shrine-Religious
Baronets,Mx4rvm8qF5wpEbGdrcN5Y29ycA,Baronet
Fireworks,Mx4rQIteTPMxQdaHqaWaRlxNrA,Firework-PyrotechnicDevice
Budgets,Mx4rvVih4ZwpEbGdrcN5Y29ycA,Budget
Equations,Mx4rHBTKnM3nEdmAAAACs6hRjg,Equation-MathematicalStatement
Firefighters,Mx4rvgHg8pwpEbGdrcN5Y29ycA,Firefighter
Kidnappers,Mx4r8CxplqRLQdiVQ8GZ96PsYA,Kidnapper
Taxicabs,Mx4rvgH66ZwpEbGdrcN5Y29ycA,TaxiCab
Graphs,Mx4rVyhPOAVvQdiRoZcGVqZelQ,Graph-CW
Emirs,Mx4rvViZ-pwpEbGdrcN5Y29ycA,Amir-HeadOfState
Consultants,Mx4rwP3EHJwpEbGdrcN5Y29ycA,Consultant
Pistols,Mx4rwQCXyZwpEbGdrcN5Y29ycA,Handgun
Evangelists,Mx4rbuiAOiwGQdiQCKLvGckv4w,Evangelist
Seamounts,Mx4rw87kPIIlEdqAAAACs6hO_g,Seamount
Scribes,Mx4rzx8SossVEdmAAAACs6hRjg,Copyist
Guitars,Mx4rwQrsppwpEbGdrcN5Y29ycA,Guitar
Months,Mx4rvVjAKZwpEbGdrcN5Y29ycA,CalendarMonth
Psychoanalysts,Mx4rvV7OeZwpEbGdrcN5Y29ycA,Psychoanalyst
Biochemists,Mx4rvVj7pJwpEbGdrcN5Y29ycA,Biochemist
Dragons,Mx4rwPzyTpwpEbGdrcN5Y29ycA,Dragon
Warehouses,Mx4rvVjiHpwpEbGdrcN5Y29ycA,Warehouse
Immunologists,Mx4rvViLaZwpEbGdrcN5Y29ycA,Immunologist
Bazaars,Mx4r9qe5DFhxEdqAAAACs71DGQ,Bazaar-Marketplace
Novellas,Mx4r7F3bSCxAQdiBK-92W90cKA,Novella
Parades,Mx4rvVjMDZwpEbGdrcN5Y29ycA,Parade
Oils,Mx4rvVjZ6ZwpEbGdrcN5Y29ycA,Oil
Environments,Mx4rwLW-jpwpEbGdrcN5Y29ycA,Environment-Generic
Meteorites,Mx4rvsQMeZwpEbGdrcN5Y29ycA,Meteorite
Obstetricians,Mx4rvViKG5wpEbGdrcN5Y29ycA,Obstetrician
Invasions,Mx4rwIrG7JwpEbGdrcN5Y29ycA,MilitaryInvasion
Schooners,Mx4rwQCU15wpEbGdrcN5Y29ycA,Schooner
Arthropods,Mx4rvViwSJwpEbGdrcN5Y29ycA,Arthropod
Walls,Mx4rvVjfapwpEbGdrcN5Y29ycA,Wall-GenericBarrier
Maronites,Mx4rvVi2rZwpEbGdrcN5Y29ycA,EthnicGroupOfMaronites
Vampires,Mx4rvyHrSJwpEbGdrcN5Y29ycA,Vampire
Pediatricians,Mx4rvVjP-ZwpEbGdrcN5Y29ycA,Pediatrician
Constellations,Mx4rwPuslJwpEbGdrcN5Y29ycA,Constellation
Pies,Mx4rvVjkqJwpEbGdrcN5Y29ycA,Pie
Lotteries,Mx4rwKLFE5wpEbGdrcN5Y29ycA,Lottery
Continents,Mx4rvVkLu5wpEbGdrcN5Y29ycA,Continent
Electricians,Mx4rvViGB5wpEbGdrcN5Y29ycA,Electrician
Plastics,Mx4rvVj0lpwpEbGdrcN5Y29ycA,Plastic
Workstations,Mx4rvVjYTZwpEbGdrcN5Y29ycA,WorkStation
Cetaceans,Mx4rvViMn5wpEbGdrcN5Y29ycA,Cetacean
Explosives,Mx4rwQrh8JwpEbGdrcN5Y29ycA,ExplosiveDevice
Reefs,Mx4rvVjQmJwpEbGdrcN5Y29ycA,Reef
Escarpments,Mx4rVuYm3CTbQdeFI5T0eezPYw,Escarpment
Angels,Mx4rwQBmFJwpEbGdrcN5Y29ycA,Angel
Vegetables,Mx4rvVjCR5wpEbGdrcN5Y29ycA,Vegetable-Plant
Securities,Mx4rv0XONJwpEbGdrcN5Y29ycA,TradeableSecurity
Salamanders,Mx4rvVjNupwpEbGdrcN5Y29ycA,Salamander
Famines,Mx4rvlvvmZwpEbGdrcN5Y29ycA,Famine
Actuaries,Mx4rsYyNlohwEdqAAAACs6hRXg,Actuary
Turtles,Mx4rvVj4wJwpEbGdrcN5Y29ycA,Turtle
Campuses,Mx4rvVj29ZwpEbGdrcN5Y29ycA,Campus
Statements,Mx4rvWIKZpwpEbGdrcN5Y29ycA,Statement
Organs,Mx4rwP3iWpwpEbGdrcN5Y29ycA,Organ
Marsupials,Mx4rvVi8hJwpEbGdrcN5Y29ycA,Marsupial
Cookbooks,Mx4rwCEZ-5wpEbGdrcN5Y29ycA,CookBook
Punishments,Mx4rvVjZupwpEbGdrcN5Y29ycA,Punishment
Condominiums,Mx4rvWRBg5wpEbGdrcN5Y29ycA,Condominium
Boycotts,Mx4rwMCh_pwpEbGdrcN5Y29ycA,Boycott-Economic
Filters,Mx4rvVizJZwpEbGdrcN5Y29ycA,PhysicalFilter
Solids,Mx4rvVjZVpwpEbGdrcN5Y29ycA,Solid-StateOfMatter
Fossils,Mx4rwFdI3ZwpEbGdrcN5Y29ycA,Fossil
Calculators,Mx4rvVjatJwpEbGdrcN5Y29ycA,Calculator
Civilizations,Mx4rfG66qMsfEdmAAAACs6hRjg,Culture-Civilization
Barges,Mx4rv68PXpwpEbGdrcN5Y29ycA,Barge
Gases,Mx4rvVjFK5wpEbGdrcN5Y29ycA,GaseousTangibleThing
Puzzles,Mx4rvWHek5wpEbGdrcN5Y29ycA,Puzzle-Generic
Werewolves,Mx4rvVnAZJwpEbGdrcN5Y29ycA,Werewolf
Atoms,Mx4rvViR75wpEbGdrcN5Y29ycA,Atom
Gastropods,Mx4rvysMbZwpEbGdrcN5Y29ycA,Gastropod
Laptops,Mx4rvViu4JwpEbGdrcN5Y29ycA,LaptopComputer
Howitzers,Mx4rwQCWxZwpEbGdrcN5Y29ycA,Howitzer
Arias,Mx4rvulC0JwpEbGdrcN5Y29ycA,Aria
Ciphers,Mx4rvWL4ipwpEbGdrcN5Y29ycA,EncryptedCommunication
Quarries,Mx4rwPK1qJwpEbGdrcN5Y29ycA,Quarry
Crafts,Mx4rv3YRB5wpEbGdrcN5Y29ycA,CraftActivity
Giants,Mx4rvuMG85wpEbGdrcN5Y29ycA,Giant
Oxides,Mx4rvVi-kZwpEbGdrcN5Y29ycA,Oxide
Sagas,Mx4rPgMT8ytlEdiUgQAH6RYvSQ,Saga
Storytellers,Mx4rCeDaLCzlQdiFCa0UDP6j1w,Storyteller
Paradoxes,Mx4rLHKF9tbJEdmAAACQJw5drg,Paradox
Chronicles,Mx4rvViIbJwpEbGdrcN5Y29ycA,Narrative
Wolves,Mx4rvVjDH5wpEbGdrcN5Y29ycA,Wolf
Investors,Mx4rv2mD3pwpEbGdrcN5Y29ycA,Investor
Droughts,Mx4rvk1f3pwpEbGdrcN5Y29ycA,Drought
Polymers,Mx4rvz8bAZwpEbGdrcN5Y29ycA,PolymerMolecule
Monorails,Mx4rvxeIkZwpEbGdrcN5Y29ycA,Monorail
Slums,Mx4rQDDn6CqhQdiPHpQjs4ghGw,Slum
Secretaries,Mx4rvVjKbJwpEbGdrcN5Y29ycA,Secretary
Aquifers,Mx4rzIMJ5TDFEdieNAACs6hciw,Aquifer
Outlines,Mx4rj5nVxSzGEdiUgwAH6RYvSQ,Outline
Bears,Mx4rvVjGfpwpEbGdrcN5Y29ycA,Bear-Animal
Knives,Mx4rvVioJ5wpEbGdrcN5Y29ycA,Knife
Viaducts,Mx4rg7FIuty-EdqAAAACs71DGQ,Viaduct
Suites,Mx4rvViJYZwpEbGdrcN5Y29ycA,MultiRoomUnit
Sandwiches,Mx4rwQB8jpwpEbGdrcN5Y29ycA,Sandwich
Flutes,Mx4rwQrtNZwpEbGdrcN5Y29ycA,Flute
Pests,Mx4rvVilfJwpEbGdrcN5Y29ycA,Vermin
Ceremonies,Mx4rvVjq_JwpEbGdrcN5Y29ycA,Ceremony
Cephalopods,Mx4rvZoocpwpEbGdrcN5Y29ycA,Cephalopod
Exhibitions,Mx4rvVikupwpEbGdrcN5Y29ycA,DisplayingSomething
Insecticides,Mx4rJc3N0glrQdiE87CONd2sTA,Insecticide
Pilgrimages,Mx4rX_BAMUq7EdiedwACs5b6-g,Pilgrimage
Pronouns,Mx4rwP4CspwpEbGdrcN5Y29ycA,Pronoun
Diagrams,Mx4rj5sOQCzGEdiUgwAH6RYvSQ,Diagram
Carnivals,Mx4rwPzrQ5wpEbGdrcN5Y29ycA,Carnival
Amphitheaters,Mx4rYDzjmCTVQdeXfaOpKNkSSQ,Amphitheater
Wholesalers,Mx4rvVjc0pwpEbGdrcN5Y29ycA,Wholesaler
Carcinogens,Mx4rPwvRMnZnQdePE8nJzK_Qig,CarcinogenType
Villages,Mx4rv33BppwpEbGdrcN5Y29ycA,Village
Dukes,Mx4rv0mEtJwpEbGdrcN5Y29ycA,Duke
Sanctuaries,Mx4rvViagpwpEbGdrcN5Y29ycA,ShelterConstruction
Elves,Mx4rvYdIVZwpEbGdrcN5Y29ycA,Elf
Dunes,Mx4rwPK2aJwpEbGdrcN5Y29ycA,Dune
Buses,Mx4rvVi0v5wpEbGdrcN5Y29ycA,Bus-RoadVehicle
Drums,Mx4rvVmSe5wpEbGdrcN5Y29ycA,DrumInstrument
Landfills,Mx4rwPuqjpwpEbGdrcN5Y29ycA,Landfill
Diets,Mx4rvvh8R5wpEbGdrcN5Y29ycA,WeightLossProgram
Magicians,Mx4rv1Snr5wpEbGdrcN5Y29ycA,Magician
Psychotherapists,Mx4rKe3t6KOKQdiOU-uvcTjJfA,Psychotherapist
Trilogies,Mx4rXtGpaoiSEdaAAAACs0uFOQ,Trilogy-NovelSeries
Physiologists,Mx4rvVj-wZwpEbGdrcN5Y29ycA,Physiologist
Rituals,Mx4rvVjeRZwpEbGdrcN5Y29ycA,Ritual
Lubricants,Mx4rvViU05wpEbGdrcN5Y29ycA,Lubricant
Cheerleaders,Mx4rwQBvF5wpEbGdrcN5Y29ycA,Cheerleader
Ducks,Mx4rvVj4kJwpEbGdrcN5Y29ycA,Duck
Artisans,Mx4rvVie_pwpEbGdrcN5Y29ycA,CraftWorker
Toxins,Mx4rvViTUZwpEbGdrcN5Y29ycA,ToxicSubstance
Squirrels,Mx4rvVjpeJwpEbGdrcN5Y29ycA,Squirrel
Clocks,Mx4rvVjz8pwpEbGdrcN5Y29ycA,Clock
Butchers,Mx4rvVjvqJwpEbGdrcN5Y29ycA,Butcher
Pigs,Mx4rvViuYZwpEbGdrcN5Y29ycA,Pig
Chroniclers,Mx4rov-Vlsr-EdmAAAACs6hRjg,Chronicler
Handguns,Mx4rwQCXyZwpEbGdrcN5Y29ycA,Handgun
Proverbs,Mx4rqp8eojGUQdiE9aWWLkObVQ,Proverb
Surfactants,Mx4rvVjkoZwpEbGdrcN5Y29ycA,Surfactant
Diacritics,Mx4rwIcAOZwpEbGdrcN5Y29ycA,DiacriticMark
Syndromes,Mx4rv7sZaZwpEbGdrcN5Y29ycA,AilmentConditionTypeBySyndrome
Vertebrates,Mx4rvVil5pwpEbGdrcN5Y29ycA,Vertebrate
Warblers,Mx4rv-gcC5wpEbGdrcN5Y29ycA,Warbler
Convents,Mx4rENHUNCTbQdeVBuqOqTr7Lw,Convent-Residence
Turbines,Mx4r_DLlkt91EdaeFgACs6MxsQ,Turbine
Causeways,Mx4rx_LqKCTaQdeDobXeN24CKg,Causeway
Ligaments,Mx4rvVjqpZwpEbGdrcN5Y29ycA,Ligament
Veins,Mx4rvVjkWpwpEbGdrcN5Y29ycA,Vein
Pesticides,Mx4rvVitNJwpEbGdrcN5Y29ycA,Pesticide
Dates,Mx4rvVisWZwpEbGdrcN5Y29ycA,Date
Pigments,Mx4rvVigk5wpEbGdrcN5Y29ycA,Pigment
Pyramids,Mx4rwQw2bZwpEbGdrcN5Y29ycA,PyramidMonument
Militias,Mx4rwKImsZwpEbGdrcN5Y29ycA,Militia
Felines,Mx4rvVj0aZwpEbGdrcN5Y29ycA,FelidaeFamily
Memoirs,Mx4ryd005inGQdiYa-t-tJZxmA,PropositionalConceptualWork-MemoirGenre
Dolls,Mx4rvgEWHpwpEbGdrcN5Y29ycA,Doll-Toy
Domes,Mx4rVbC1tIa0EdqAAAACs71DGQ,Dome
Storms,Mx4rwPu3fJwpEbGdrcN5Y29ycA,StormAsObject
Shrews,Mx4rvYVZ75wpEbGdrcN5Y29ycA,Shrew
Hippopotamuses,Mx4rvVjlnpwpEbGdrcN5Y29ycA,Hippopotamus
Habitats,Mx4rvVj5GpwpEbGdrcN5Y29ycA,Habitat
Canines,Mx4rvVjQRJwpEbGdrcN5Y29ycA,CanineAnimal
Jokes,Mx4rv6DY7JwpEbGdrcN5Y29ycA,Joke-CW
Franchises,Mx4r4QiLYCxMQdiUxYyN0h-ahA,Franchise
Arachnids,Mx4rvVifK5wpEbGdrcN5Y29ycA,Arachnid
Ants,Mx4rvVjecpwpEbGdrcN5Y29ycA,Ant
Cirques,Mx4rzkwSgiTaQdeO4p5Nb90Sww,Cirque
Mantras,Mx4rlyM6ISp4EdiUfwAH6RYvSQ,Mantra
Mesas,Mx4rvgD8VZwpEbGdrcN5Y29ycA,Mesa
Smugglers,Mx4rwB09zIawEdqAAAACs2IKaQ,Smuggler
Pumps,Mx4rv8J6WZwpEbGdrcN5Y29ycA,Pump-Generic
Contents,Mx4r0IhRkMb6EdmAAAACs6hRjg,Content
Mounds,Mx4r8OslOL2gEdmAAAACs6hRjg,Mound-ConstructionArtifact
Parrots,Mx4rvWZAwpwpEbGdrcN5Y29ycA,Parrot
Semiconductors,Mx4rv2z1tJwpEbGdrcN5Y29ycA,SemiconductorDevice
Sensors,Mx4rvVieWpwpEbGdrcN5Y29ycA,Sensor
Tractors,Mx4rvVj1WZwpEbGdrcN5Y29ycA,Tractor
Collectives,Mx4rvVzYvpwpEbGdrcN5Y29ycA,CooperativeOrganization
Giraffes,Mx4rvVj0QJwpEbGdrcN5Y29ycA,Giraffe
Photographs,Mx4rvVjZ7ZwpEbGdrcN5Y29ycA,Photograph
Elephants,Mx4rvViVeJwpEbGdrcN5Y29ycA,Elephant
Mottos,Mx4r1N46Ci_qQdiUYc9m89_Mdg,Motto
Pickles,Mx4rv-h7ypwpEbGdrcN5Y29ycA,Pickle
Goats,Mx4rvVjiuZwpEbGdrcN5Y29ycA,Goat
Stitches,Mx4rTdXHjiqgQdiOsqrjqFgM_g,Stitch
Marches,Mx4rwQB0M5wpEbGdrcN5Y29ycA,Marching
Antioxidants,Mx4rvjFAqpwpEbGdrcN5Y29ycA,Antioxidant
Navies,Mx4rvyO94ZwpEbGdrcN5Y29ycA,Navy
Ratios,Mx4rxgFnmCzmQdibecNxmrN_eA,Ratio
Liquids,Mx4rvVjSoJwpEbGdrcN5Y29ycA,LiquidTangibleThing
Amines,Mx4rv1_6HJwpEbGdrcN5Y29ycA,Amine
Diuretics,Mx4rwP1X2pwpEbGdrcN5Y29ycA,Diuretic
Climbers,Mx4rKoAbOssTEdmAAAACs6hRjg,Climber-Athlete
Lions,Mx4rvVjEZ5wpEbGdrcN5Y29ycA,Lion
Antidepressants,Mx4rvWUZl5wpEbGdrcN5Y29ycA,Antidepressant
Watches,Mx4rvwP3X5wpEbGdrcN5Y29ycA,Watch
Cables,Mx4rwQCNY5wpEbGdrcN5Y29ycA,Cable
Uniforms,Mx4rvViqpJwpEbGdrcN5Y29ycA,Uniform
Pizzerias,Mx4rwQCZUJwpEbGdrcN5Y29ycA,Pizzeria
Meals,Mx4rvVihC5wpEbGdrcN5Y29ycA,Meal
Passports,Mx4rwQr9WJwpEbGdrcN5Y29ycA,Passport
Browsers,Mx4rvWN8eJwpEbGdrcN5Y29ycA,WorldWideWebClientProgram
Dolphins,Mx4rvVj0wpwpEbGdrcN5Y29ycA,Dolphin
Vaccines,Mx4rvVjM9JwpEbGdrcN5Y29ycA,Vaccine
Bulldozers,Mx4rvVj_AJwpEbGdrcN5Y29ycA,Bulldozer
Lifeboats,Mx4rwQCOh5wpEbGdrcN5Y29ycA,Lifeboat
Stones,Mx4rvViOBJwpEbGdrcN5Y29ycA,StoneStuff
Resins,Mx4rwA9Vx5wpEbGdrcN5Y29ycA,Resin
Brothels,Mx4rvV5VcJwpEbGdrcN5Y29ycA,Brothel
Schoolhouses,Mx4rvVjifZwpEbGdrcN5Y29ycA,SchoolBuilding
Rhinoceroses,Mx4rvVigiJwpEbGdrcN5Y29ycA,Rhinoceros
Cellos,Mx4rvV7b45wpEbGdrcN5Y29ycA,Cello
Brigs,Mx4rR-MIkSsyEdiaugAH6RYvVQ,Brig
Pets,Mx4rvVkFMpwpEbGdrcN5Y29ycA,DomesticPet
Doors,Mx4rvVj5FJwpEbGdrcN5Y29ycA,Doorway
Cookies,Mx4rvViDSJwpEbGdrcN5Y29ycA,Cookie
Valves,Mx4rvqiwE5wpEbGdrcN5Y29ycA,Valve
Chimpanzees,Mx4rvVjiU5wpEbGdrcN5Y29ycA,Chimpanzee
Trivia,Mx4rvbBszJwpEbGdrcN5Y29ycA,Trivia
Plumbers,Mx4rvViVnpwpEbGdrcN5Y29ycA,Plumber
Ornaments,Mx4rwPfSRZwpEbGdrcN5Y29ycA,Decoration
Violins,Mx4rwQtnWpwpEbGdrcN5Y29ycA,Violin
Acronyms,Mx4rvWHOBJwpEbGdrcN5Y29ycA,Acronym
Geologists,Mx4rvVi4hZwpEbGdrcN5Y29ycA,Geologist
Puppets,Mx4rvlUvXZwpEbGdrcN5Y29ycA,Puppet
Clamps,Mx4rwI4V1pwpEbGdrcN5Y29ycA,Clamp-Tool
Posters,Mx4rvoV38JwpEbGdrcN5Y29ycA,Poster
Microorganisms,Mx4rwAst7pwpEbGdrcN5Y29ycA,Microorganism
Tortoises,Mx4rvViSzZwpEbGdrcN5Y29ycA,Tortoise
Foxes,Mx4rvVi-h5wpEbGdrcN5Y29ycA,Fox
Atlases,Mx4rwFzDzJwpEbGdrcN5Y29ycA,Atlas
Diodes,Mx4rv-wjgpwpEbGdrcN5Y29ycA,Diode
Servants,Mx4rZBPDtjDbQdiHtrOtrbgLwQ,Servant
Gorillas,Mx4rvVjtKZwpEbGdrcN5Y29ycA,Gorilla
Railcars,Mx4rvViTsJwpEbGdrcN5Y29ycA,TrainCar
Dialogues,Mx4rvViRxJwpEbGdrcN5Y29ycA,MultiDirectionalCommunication
Hobbies,Mx4rwPzrzpwpEbGdrcN5Y29ycA,HobbyActivity
Boots,Mx4rvVisaJwpEbGdrcN5Y29ycA,Boot-Footwear
Catalogues,Mx4rYcfcNtvvQdiGkqL51MjX4Q,Catalog-CW
Circuses,Mx4rvVi1f5wpEbGdrcN5Y29ycA,Circus
Fairies,Mx4rvwj-OJwpEbGdrcN5Y29ycA,Fairy
Ranchers,Mx4r6nnLjvVTQdiFoLQhdKv5ww,Rancher
Biomes,Mx4rA7IzkPRPEdyAAAACs6hbjw,Biome
Dragonflies,Mx4rvVjP_JwpEbGdrcN5Y29ycA,Dragonfly
Nannies,Mx4rwF0HrZwpEbGdrcN5Y29ycA,Nanny
Snipers,Mx4rwGxSTpwpEbGdrcN5Y29ycA,Sniper-Professional
Comets,Mx4rvViVppwpEbGdrcN5Y29ycA,Comet
Antennas,Mx4rvVjSAZwpEbGdrcN5Y29ycA,Antenna
Oceans,Mx4rvVjktpwpEbGdrcN5Y29ycA,Ocean
Eclipses,Mx4rvrbOSpwpEbGdrcN5Y29ycA,Eclipse-CelestialEvent
Fables,Mx4rvViJsZwpEbGdrcN5Y29ycA,Fable
Vikings,Mx4rwP3sNpwpEbGdrcN5Y29ycA,Viking
Huts,Mx4rwQr7kpwpEbGdrcN5Y29ycA,Shack
Angiosperms,Mx4rvViPFpwpEbGdrcN5Y29ycA,AngiospermSpecies
Hyenas,Mx4rvVjSG5wpEbGdrcN5Y29ycA,Hyena
Echinoderms,Mx4rwJ5IW5wpEbGdrcN5Y29ycA,Echinodermata
Herbs,Mx4rvfFh6JwpEbGdrcN5Y29ycA,HerbPlant
Memes,Mx4rviIj0ZwpEbGdrcN5Y29ycA,Meme
Pens,Mx4rvViISpwpEbGdrcN5Y29ycA,WritingPen
Naturalists,Mx8Ngh4rwBtg95wpEbGdrcN5Y29ycB4rv5VErZwpEbGdrcN5Y29ycA,"[:BelieverFn, :Naturism]"
Sharks,Mx4rwP1mpZwpEbGdrcN5Y29ycA,Shark
Emirates,Mx4rvlwpq5wpEbGdrcN5Y29ycA,Emirate-Geopolitical
Eggs,Mx4rvbafcZwpEbGdrcN5Y29ycA,Egg
Anions,Mx4rpimUiuqPQdaJL4eopsni5w,Anion
Anesthesiologists,Mx4rvVjYJJwpEbGdrcN5Y29ycA,Anesthesiologist
Pagodas,Mx4rwQr45ZwpEbGdrcN5Y29ycA,Pagoda
Quasars,Mx4rwFzPXJwpEbGdrcN5Y29ycA,Quasar
Monotremes,Mx4rwCaGhJwpEbGdrcN5Y29ycA,Monotreme
Robberies,Mx4rvWKkr5wpEbGdrcN5Y29ycA,Stealing-Physical
Supercomputers,Mx4rvVj7fpwpEbGdrcN5Y29ycA,Supercomputer
Minicomputers,Mx4rwQrqSZwpEbGdrcN5Y29ycA,Minicomputer
Epidemics,Mx4rvkpMNJwpEbGdrcN5Y29ycA,Epidemic
Injuries,Mx4rwP1lHpwpEbGdrcN5Y29ycA,Injury-Object
Balloons,Mx4rvVjsl5wpEbGdrcN5Y29ycA,Balloon
Anesthetics,Mx4rvVjFtJwpEbGdrcN5Y29ycA,Anesthetic
Shields,Mx4rHleUzB7RQdiXb7W6xto9dw,Shield
Pollutants,Mx4rvvOaSZwpEbGdrcN5Y29ycA,Pollutant
Neurons,Mx4rvVjjUpwpEbGdrcN5Y29ycA,Neuron
Options,Mx4rvxYpxpwpEbGdrcN5Y29ycA,FinancialOption
Spears,Mx4rwT84bpwpEbGdrcN5Y29ycA,Spear
Sequels,Mx4rj5pyBSzGEdiUgwAH6RYvSQ,Sequel-CW
Beavers,Mx4rvVijlJwpEbGdrcN5Y29ycA,Beaver
Tigers,Mx4rvVijVpwpEbGdrcN5Y29ycA,Tiger
Trademarks,Mx4rvWHCj5wpEbGdrcN5Y29ycA,Trademark-String
Ideologies,Mx4rvVi9R5wpEbGdrcN5Y29ycA,BeliefSystem
Vigilantes,Mx4rvtwAoZwpEbGdrcN5Y29ycA,Vigilante
Alcohols,Mx4rvVim-JwpEbGdrcN5Y29ycA,Alcohol-Compound
Hydrocarbons,Mx4rvkgfqJwpEbGdrcN5Y29ycA,Hydrocarbon
Leopards,Mx4rvVjEJpwpEbGdrcN5Y29ycA,Leopard
Ghosts,Mx4rv4IgpZwpEbGdrcN5Y29ycA,Ghost
Shoes,Mx4rvVik6JwpEbGdrcN5Y29ycA,Shoe
Burglars,Mx4rdaj8KizSQdiAMNPdEsK_tA,Burglar
Miracles,Mx4r-gP2GDDZQdiAodtSuGpocw,Miracle
Harps,Mx4rwDOJBJwpEbGdrcN5Y29ycA,Harp-TheStringInstrument
Vitamins,Mx4rvVi8wpwpEbGdrcN5Y29ycA,Vitamin
Chipmunks,Mx4rvVkIspwpEbGdrcN5Y29ycA,Chipmunk
Owls,Mx4rvVjvDJwpEbGdrcN5Y29ycA,Owl
Bodyguards,Mx4rfGFgUv3AQded1NmObieo4Q,Bodyguard-Occupation
Weeks,Mx4rvVjAZJwpEbGdrcN5Y29ycA,CalendarWeek
Dikes,Mx4rvVjEWZwpEbGdrcN5Y29ycA,Dike
Crystals,Mx4riSYy-HS_EdaAAACgyZzFrg,Crystalline
Penguins,Mx4rvViphpwpEbGdrcN5Y29ycA,Penguin
Bunkers,Mx4rDrDZAPrmEdmAAAAOpmP6tw,Bunker
Tapestries,Mx4rlyNhNSp4EdiUfwAH6RYvSQ,Tapestry
Fertilizers,Mx4rvVjuAJwpEbGdrcN5Y29ycA,Fertilizer
Parables,Mx4rvViJsZwpEbGdrcN5Y29ycA,Fable
Chairs,Mx4rvVjo_ZwpEbGdrcN5Y29ycA,Chair-PieceOfFurniture
Diners,Mx4rvVj6sZwpEbGdrcN5Y29ycA,Diner
Typewriters,Mx4rvVjaM5wpEbGdrcN5Y29ycA,Typewriter
Flowers,Mx4rvVipFpwpEbGdrcN5Y29ycA,FloweryPlant
Clubs,Mx4rv4ohjpwpEbGdrcN5Y29ycA,Club-Organization
Integers,Mx4rvVieEpwpEbGdrcN5Y29ycA,Integer
Decongestants,Mx4rvViXuZwpEbGdrcN5Y29ycA,Decongestant
Koalas,Mx4rvVjvTJwpEbGdrcN5Y29ycA,Koala
Donkeys,Mx4rvVi_ApwpEbGdrcN5Y29ycA,Donkey
Antiseptics,Mx4rvVtYsZwpEbGdrcN5Y29ycA,Antiseptic
Piperales,Mx4rvVjUPJwpEbGdrcN5Y29ycA,PepperOrder
Bees,Mx4rvVkHLZwpEbGdrcN5Y29ycA,Bee
Chameleons,Mx4rvVjxLJwpEbGdrcN5Y29ycA,Chameleon
Meteorologists,Mx4rvuvppZwpEbGdrcN5Y29ycA,Meteorologist
Hedgehogs,Mx4rvVjFKZwpEbGdrcN5Y29ycA,Porcupine
Superconductors,Mx4rvb3FSpwpEbGdrcN5Y29ycA,Superconductor
Gulls,Mx4rvWTb1JwpEbGdrcN5Y29ycA,Seagull
Arrays,Mx4r3NMwBzgtEdaHLgACs0uFOQ,Array-DataStructure
Hawks,Mx4rvVkBH5wpEbGdrcN5Y29ycA,Hawk
Stimulants,Mx4rvVjC2pwpEbGdrcN5Y29ycA,Stimulant
Bartenders,Mx4rvVjj1ZwpEbGdrcN5Y29ycA,Bartender
Psycholinguists,Mx4rvwWX2ZwpEbGdrcN5Y29ycA,Psycholinguist
Ketones,Mx4rJ87u2OzrQdaJBNaXUM0EAg,Ketone
Monocots,Mx4rvViw15wpEbGdrcN5Y29ycA,MonocotSubclass
Lichens,Mx4rvVkJ05wpEbGdrcN5Y29ycA,Lichen
Epidemiologists,Mx4rvViKoJwpEbGdrcN5Y29ycA,Epidemiologist
Elevators,Mx4rvVj3ypwpEbGdrcN5Y29ycA,Elevator
Semioticians,Mx4rvowR5pwpEbGdrcN5Y29ycA,Semiotician
Sparrows,Mx4rvVjGL5wpEbGdrcN5Y29ycA,Sparrow
Prairies,Mx4rv2_3s5wpEbGdrcN5Y29ycA,Prairie
Mongooses,Mx4rvVjRmpwpEbGdrcN5Y29ycA,Mongoose
Armadillos,Mx4rwP1IB5wpEbGdrcN5Y29ycA,Armadillo
Textbooks,Mx4rvVjaBZwpEbGdrcN5Y29ycA,Textbook
Debates,Mx4rwQCO_ZwpEbGdrcN5Y29ycA,Debate
Fagales,Mx4rvVj1OpwpEbGdrcN5Y29ycA,BeechOrder
Bloods,Mx4rvVjI8JwpEbGdrcN5Y29ycA,Blood
Skunks,Mx4rvVjRWZwpEbGdrcN5Y29ycA,Skunk
Viruses,Mx4rvViXQpwpEbGdrcN5Y29ycA,Virus
Janitors,Mx4rvVj83pwpEbGdrcN5Y29ycA,Janitor
Warrants,Mx4rvb_pYpwpEbGdrcN5Y29ycA,Warrant-Writ
Urologists,Mx4rvVikkpwpEbGdrcN5Y29ycA,Urologist
Oboes,Mx4rvVzQo5wpEbGdrcN5Y29ycA,Oboe
Gazettes,Mx4rvaipZJwpEbGdrcN5Y29ycA,PeriodicalSeries
Galleons,Mx4rwQCVf5wpEbGdrcN5Y29ycA,Galleon
Hamsters,Mx4rvViXkJwpEbGdrcN5Y29ycA,Hamster
Chimneys,Mx4rQUU4BC-MEdqAAAACs71DGQ,Chimney
Almanacs,Mx4rvVjZxJwpEbGdrcN5Y29ycA,Almanac
Jackals,Mx4rvVjC3pwpEbGdrcN5Y29ycA,Jackal
Poachers,Mx4rvWaccJwpEbGdrcN5Y29ycA,Poacher
Transistors,Mx4rvVi2gpwpEbGdrcN5Y29ycA,Transistor
Parasites,Mx4rvdW_tpwpEbGdrcN5Y29ycA,ParasiticOrganism
Wharves,Mx4rvgES8pwpEbGdrcN5Y29ycA,Dock
Ravens,Mx4rvWQTspwpEbGdrcN5Y29ycA,Raven
Geese,Mx4rvVkBxpwpEbGdrcN5Y29ycA,Goose-Bird
Wasps,Mx4rvVi8MZwpEbGdrcN5Y29ycA,Wasp
Diaries,Mx4rvVjU4JwpEbGdrcN5Y29ycA,Diary
Sailboats,Mx4rvVjW8JwpEbGdrcN5Y29ycA,Sailboat
Yeasts,Mx4rvVjL1ZwpEbGdrcN5Y29ycA,Yeast
Masks,Mx4rwQr0X5wpEbGdrcN5Y29ycA,Mask
Curricula,Mx4rckY6CCzvQdiGIbNR1vMN4A,Curriculum
Beggars,Mx4radGw6Eb-EdqAAAACs71DGQ,Beggar
Detectors,Mx4rvVieWpwpEbGdrcN5Y29ycA,Sensor
Bakers,Mx4rvVjlpJwpEbGdrcN5Y29ycA,Baker
Sales,Mx4rwMzX85wpEbGdrcN5Y29ycA,OfferingForSale
Preservatives,Mx4rvgDKTZwpEbGdrcN5Y29ycA,Preservative-Food
Tubas,Mx4rwPR01ZwpEbGdrcN5Y29ycA,Tuba
Scorpions,Mx4rvVjwDZwpEbGdrcN5Y29ycA,Scorpion
Legumes,Mx4rvVkFNJwpEbGdrcN5Y29ycA,Legume-ThePlant
Freighters,Mx4rwQCRkZwpEbGdrcN5Y29ycA,CargoShip
Prejudices,Mx4rvb_h55wpEbGdrcN5Y29ycA,Prejudice
Salads,Mx4rvViX8ZwpEbGdrcN5Y29ycA,Salad
Sermons,Mx4rwQrpW5wpEbGdrcN5Y29ycA,Sermon
Convertibles,Mx4rvVih3ZwpEbGdrcN5Y29ycA,ConvertibleCar
Writs,Mx4rvcJInJwpEbGdrcN5Y29ycA,Writ
Cults,Mx4rlyPWYip4EdiUfwAH6RYvSQ,Cult
Insurgencies,Mx4rwKcDN5wpEbGdrcN5Y29ycA,Insurgency
Geckos,Mx4rvVjw7ZwpEbGdrcN5Y29ycA,Gecko
Minivans,Mx4rwQCMWZwpEbGdrcN5Y29ycA,Minivan
Nematodes,Mx4rvoyB5ZwpEbGdrcN5Y29ycA,Nematode
Murals,Mx4rvrVXhZwpEbGdrcN5Y29ycA,Mural
Cakes,Mx4rvViDipwpEbGdrcN5Y29ycA,Cake
Distributors,Mx4rvVkIFJwpEbGdrcN5Y29ycA,ProductDistributionOrganization
Rapids,Mx4rvVj1QpwpEbGdrcN5Y29ycA,Rapids
Paramedics,Mx4rvViUjpwpEbGdrcN5Y29ycA,EmergencyMedicalTechnician
Mimes,Mx4rvgHy4pwpEbGdrcN5Y29ycA,Mime-Actor
Orchids,Mx4rvViKb5wpEbGdrcN5Y29ycA,OrchidOrder
Mermaids,Mx4rvwxlgZwpEbGdrcN5Y29ycA,Mermaid
Unicorns,Mx4rvhn_I5wpEbGdrcN5Y29ycA,Unicorn
Appetizers,Mx4rvVkEgJwpEbGdrcN5Y29ycA,Appetizer
Bovines,Mx4rvVjBaZwpEbGdrcN5Y29ycA,Cattle-Domestic
Crabs,Mx4rvViIMZwpEbGdrcN5Y29ycA,Crab
Weasels,Mx4rvVjRF5wpEbGdrcN5Y29ycA,Weasel
Carpenters,Mx4rvVkDQ5wpEbGdrcN5Y29ycA,Carpenter
Porcupines,Mx4rvVjFKZwpEbGdrcN5Y29ycA,Porcupine
Opossums,Mx4rvVipxJwpEbGdrcN5Y29ycA,Opossum
Advocates,Mx4rkpnEysksEdmAAAACs6hRjg,Advocate
Gemstones,Mx4rwQCKX5wpEbGdrcN5Y29ycA,GemStone
Headphones,Mx4rvVjbeZwpEbGdrcN5Y29ycA,Headphones
Microcomputers,Mx4rvVitf5wpEbGdrcN5Y29ycA,PersonalComputer
Homeopaths,Mx4rva-nGJwpEbGdrcN5Y29ycA,Homeopath
Dice,Mx4rvvwtL5wpEbGdrcN5Y29ycA,Die-TheCube
Zebras,Mx4rvVicVZwpEbGdrcN5Y29ycA,Zebra
Nutrients,Mx4rvVjTxZwpEbGdrcN5Y29ycA,Nutrient
Ballerinas,Mx4rvgH0a5wpEbGdrcN5Y29ycA,Ballerina
Salts,Mx4rvVi_VZwpEbGdrcN5Y29ycA,Salt-ChemicalSubstance
Sweeteners,Mx4rvVj2e5wpEbGdrcN5Y29ycA,Sweetener
Lesbians,Mx4rvVj1qpwpEbGdrcN5Y29ycA,HomosexualFemaleHuman
Clouds,Mx4rvViIUJwpEbGdrcN5Y29ycA,CloudlikeObject
Seats,Mx4rvViDUZwpEbGdrcN5Y29ycA,SeatingDevice
Genes,Mx4rSWTK-c1YTl6N61gNag7Hmg,GeneTypeBySpeciesAndProductFamily
Fuels,Mx4rmKSWtEu3QGql-a9CjDenog,Fuel
Zones,Mx4rXrW7lRePR3yzWOtYRCB2Ww,Zone-State-Geopolitical
Hypotheses,Mx4r_wNzb1-yQHyeygG7zfz6ng,Hypothesis
Lathes,Mx4rk-7BFWlpTwa21oQgqS9eEQ,Lathe
Sects,Mx4rvVipHZwpEbGdrcN5Y29ycA,BeliefSystemFocusGroup
