Films,Mx4rv973YpwpEbGdrcN5Y29ycA,Movie-CW
Populated places,Mx4rrPJDpCTfQdeS8IqP1a0lBw,PopulatedPlace
Politicians,Mx4rvVjntpwpEbGdrcN5Y29ycA,Politician
Companies,Mx4rvViS05wpEbGdrcN5Y29ycA,CommercialOrganization
Records,Mx4rvVj0mZwpEbGdrcN5Y29ycA,Record-ExtremeValue
Games,Mx4rvkS9GZwpEbGdrcN5Y29ycA,Game
Railway stations,Mx4rv6ZmoZwpEbGdrcN5Y29ycA,RailroadStation
Cities,Mx4rvVjnZ5wpEbGdrcN5Y29ycA,City
Books,Mx4rvVjmq5wpEbGdrcN5Y29ycA,Book-CW
Comics,Mx4rvWsP2pwpEbGdrcN5Y29ycA,ComicStrip
Musical groups,Mx4rvVij7ZwpEbGdrcN5Y29ycA,MusicPerformanceOrganization
Radio stations,Mx4rvVjvzZwpEbGdrcN5Y29ycA,RadioStation-Organization
Awards,Mx4rvVjcNpwpEbGdrcN5Y29ycA,AwardPractice
Bishops,Mx4rwN8hS5wpEbGdrcN5Y29ycA,Bishop-Clerical
Languages,Mx4rvVj0iZwpEbGdrcN5Y29ycA,Language
Houses,Mx4rvVih-5wpEbGdrcN5Y29ycA,House-Modern
Competitions,Mx4rvViAGpwpEbGdrcN5Y29ycA,Competition
Power stations,Mx4rwQwfB5wpEbGdrcN5Y29ycA,PowerGenerationComplex
Military personnel,Mx4rvVjvBZwpEbGdrcN5Y29ycA,MilitaryPerson
Political parties,Mx4rvVj82pwpEbGdrcN5Y29ycA,PoliticalParty
Video games,Mx4rvVjmOpwpEbGdrcN5Y29ycA,ComputerGameProgram-Graphical
Musicians,Mx4rvVisB5wpEbGdrcN5Y29ycA,Musician
Establishments,Mx4rQjPWFMh5EdmAAAACs6hRjg,Institution
Burials,Mx4rwQCGuJwpEbGdrcN5Y29ycA,BuryingSomething
Flora,Mx4rwP4Gu5wpEbGdrcN5Y29ycA,PlantBLO
Live albums,Mx4rrCLPHuYRQdaYGdGb966k4g,LiveAlbum-CW
Television stations,Mx4rwQCRppwpEbGdrcN5Y29ycA,TelevisionStation
Judges,Mx4rvVi68pwpEbGdrcN5Y29ycA,Judge
Archaeological sites,Mx4rjBdVKiTVQdebL5WJE5yY6g,ArchaeologicalSite
Magazines,Mx4rwQ7-8pwpEbGdrcN5Y29ycA,MagazineSeries
Newspapers,Mx4rv4ByW5wpEbGdrcN5Y29ycA,NewspaperSeries
Events,Mx4rvViADZwpEbGdrcN5Y29ycA,Event
Artists,Mx4rwMcZI5wpEbGdrcN5Y29ycA,Artist
Agencies,Mx4rv8Cq9pwpEbGdrcN5Y29ycA,GovernmentAgency
Human rights,Mx4r90e90DL0QdeWHMF143CJgQ,HumanRight
Tennis players,Mx4rvVj5IZwpEbGdrcN5Y29ycA,TennisPlayer
American people,Mx4rvVj1zpwpEbGdrcN5Y29ycA,UnitedStatesPerson
Gardens,Mx4rvVjv75wpEbGdrcN5Y29ycA,Garden
Animals,Mx4r5lNPkMLgQdeAzr878CoUZw,NonHumanAnimal
Basketball players,Mx4rvVjzH5wpEbGdrcN5Y29ycA,BasketballPlayer
Theatres,Mx4rvVifNJwpEbGdrcN5Y29ycA,Theater-PhysicalStructure
Historians,Mx4rzefuqhraQdiadPWaPbbhRw,Historian
Actors,Mx4rvVjaHZwpEbGdrcN5Y29ycA,Actor
Hurlers,Mx4rKwZZae89Sbm0AE2mQma37A,Hurler
Religious organizations,Mx4rvVjbBJwpEbGdrcN5Y29ycA,ReligiousOrganization
Birds,Mx4rvVi8SJwpEbGdrcN5Y29ycA,Bird
Activists,Mx8Ngh4rvVipPJwpEbGdrcN5Y29ycB4rwRwbWpwpEbGdrcN5Y29ycA,"[:FrequentPerformerFn, :Activism]"
Cricketers,Mx4r7vjP4RuaEd2f4ADggVfexA,Cricketer
Championships,Mx4rv0BTRpwpEbGdrcN5Y29ycA,ChampionshipCompetition
Translators,Mx4rvVi08ZwpEbGdrcN5Y29ycA,Translator
Maps,Mx4rvVjntJwpEbGdrcN5Y29ycA,Map
Diplomatic missions,Mx4rvxR72JwpEbGdrcN5Y29ycA,DiplomaticMission-ThePost
Banks,Mx4rvVirgJwpEbGdrcN5Y29ycA,BankOrganization
Law firms,Mx4rvoYwuZwpEbGdrcN5Y29ycA,LawFirm
Shopping malls,Mx4rvVj_SJwpEbGdrcN5Y29ycA,ShoppingMallBuilding
Journalists,Mx4rvVj-ypwpEbGdrcN5Y29ycA,Journalist
Websites,Mx4rJtdTVoJNQdeOqaFkQvl7dw,WebSite
Natural disasters,Mx4rvfblKZwpEbGdrcN5Y29ycA,NaturalDisaster
Documentary films,Mx4rv9AsNpwpEbGdrcN5Y29ycA,DocumentaryFilm
Ethnic groups,Mx4rvVjcrpwpEbGdrcN5Y29ycA,PersonTypeByEthnicity
Short stories,Mx4rvViI6ZwpEbGdrcN5Y29ycA,ShortStory
Dams,Mx4rvViTZZwpEbGdrcN5Y29ycA,Dam
Hockey players,Mx4rvVkLXpwpEbGdrcN5Y29ycA,HockeyPlayer
Academics,Mx4rvVidtpwpEbGdrcN5Y29ycA,AcademicProfessional
Painters,Mx4rvVisSZwpEbGdrcN5Y29ycA,Painter-FineArtist
Trade unions,Mx4rvWaAxJwpEbGdrcN5Y29ycA,TradeUnion
Baseball players,Mx4rvVkI5ZwpEbGdrcN5Y29ycA,BaseballPlayer
Mountain ranges,Mx4rvVjlL5wpEbGdrcN5Y29ycA,MountainRange
Given names,Mx4rv0xsZ5wpEbGdrcN5Y29ycA,HumanGivenName
Paintings,Mx4rvVjHfpwpEbGdrcN5Y29ycA,Painting-ArtForm
Princes,Mx4rv10QMJwpEbGdrcN5Y29ycA,Prince
Roller coasters,Mx4rvgEDyZwpEbGdrcN5Y29ycA,RollerCoaster
British people,Mx4rvVj_jpwpEbGdrcN5Y29ycA,BritishPerson
Departments,Mx4rvViNHpwpEbGdrcN5Y29ycA,Department
Naval battles,Mx4rwM3VupwpEbGdrcN5Y29ycA,SeaBattle
Fictional characters,Mx4rwHKvgpwpEbGdrcN5Y29ycA,FictionalCharacter
Volleyball players,Mx4rxn6fmJ4OQrqyUEPDAG7AJQ,VolleyballPlayer
History museums,Mx4r3lfHEp9UQdedLbKZHHn2tg,HistoryMuseum-Organization
Philosophers,Mx4rvVjuapwpEbGdrcN5Y29ycA,Philosopher
Lawyers,Mx4rvVjLMJwpEbGdrcN5Y29ycA,Lawyer
Diplomats,Mx4rv5VvH5wpEbGdrcN5Y29ycA,Diplomat
Musical instruments,Mx4rvVjI6JwpEbGdrcN5Y29ycA,MusicalInstrument
School districts,Mx4rvViPh5wpEbGdrcN5Y29ycA,SchoolDistrict
Baseball teams,Mx4rvVkDP5wpEbGdrcN5Y29ycA,BaseballTeam
Victims,Mx4rx1ZbGssREdmAAAACs6hRjg,Victim-UnfortunatePerson
Religious buildings,Mx4rvVj0S5wpEbGdrcN5Y29ycA,ReligiousBuilding
Government ministers,Mx4rv-GMiJwpEbGdrcN5Y29ycA,Minister-Governmental
Architects,Mx4rwQxF25wpEbGdrcN5Y29ycA,Architect
Government buildings,Mx4rwQr1CJwpEbGdrcN5Y29ycA,GovernmentalBuilding
National parks,Mx4rwQwoLJwpEbGdrcN5Y29ycA,NationalPark
Canadian people,Mx4rvVimIZwpEbGdrcN5Y29ycA,CanadianPerson
Film directors,Mx4rvVjqs5wpEbGdrcN5Y29ycA,Director-Movie
Terrorist incidents,Mx4rvViTlZwpEbGdrcN5Y29ycA,TerroristAct
Football teams,Mx4rvVj5a5wpEbGdrcN5Y29ycA,FootballTeam
Families,Mx4rvVilOpwpEbGdrcN5Y29ycA,Family-Human
Religious leaders,Mx4rHJG1esr5EdmAAAACs6hRjg,ReligiousLeader
Physicians,Mx4rvVjrVZwpEbGdrcN5Y29ycA,Doctor-Medical
Bays,Mx4rvVi1YJwpEbGdrcN5Y29ycA,Bay
Government agencies,Mx4rv8Cq9pwpEbGdrcN5Y29ycA,GovernmentAgency
Prime ministers,Mx4rvVkBhpwpEbGdrcN5Y29ycA,PrimeMinister-HeadOfGovernment
Knights,Mx4rv2v9cpwpEbGdrcN5Y29ycA,Knight
Record labels,Mx4rwNdapZwpEbGdrcN5Y29ycA,RecordCompany
Recurring events,Mx4rvVkAuZwpEbGdrcN5Y29ycA,RepeatedEventType
French people,Mx4rwQw1P5wpEbGdrcN5Y29ycA,FrenchPerson
German people,Mx4rvVkMGZwpEbGdrcN5Y29ycA,GermanPerson
Music venues,Mx4rYsVwlKRoQdia1Lu4gBp0mg,LiveMusicVenue-Organization
Economists,Mx4rwNhFvZwpEbGdrcN5Y29ycA,Economist
Buddhists,Mx4rwQBTwZwpEbGdrcN5Y29ycA,BuddhistPerson
Cyclists,Mx4rvViAaJwpEbGdrcN5Y29ycA,Cyclist
Publishing companies,Mx4rvViKZJwpEbGdrcN5Y29ycA,PublishingCompany
Martial artists,Mx4rwTJaJpwpEbGdrcN5Y29ycA,MartialArtist
Nature reserves,Mx4rbXHMfAnoEdqAAAACs0x8nw,NatureReserve
Singles,Mx4rv6i4pJwpEbGdrcN5Y29ycA,SingleRecording-CW
Basketball teams,Mx4rvVinB5wpEbGdrcN5Y29ycA,BasketballTeam
Demographics,Mx4rvWEbs5wpEbGdrcN5Y29ycA,DemographicInformation
Countries,Mx4rvViIeZwpEbGdrcN5Y29ycA,Country
Figure skaters,Mx4rvrL9TJwpEbGdrcN5Y29ycA,FigureSkater
Military operations,Mx4rvhxFJZwpEbGdrcN5Y29ycA,MilitaryOperation
Police officers,Mx4rvVjgBJwpEbGdrcN5Y29ycA,LawEnforcementOfficer
Educators,Mx4rvVkFrJwpEbGdrcN5Y29ycA,Teacher
Civil servants,Mx4rEsaB7DM8QdmHQ4ahVg4Jxw,CivilServant
Manufacturing companies,Mx4rvVjvXpwpEbGdrcN5Y29ycA,ManufacturingCompany
Christmas,Mx4rvVirVJwpEbGdrcN5Y29ycA,ChristmasHoliday
Massacres,Mx4rwTpyh5wpEbGdrcN5Y29ycA,Massacre
Scholars,Mx4ricIx-Bk3QdifDqwFbZVelw,Scholar
Botanical gardens,Mx4rwUIIjpwpEbGdrcN5Y29ycA,BotanicalGarden
Breeds,Mx4rwLYiK5wpEbGdrcN5Y29ycA,BiologicalSubspecies
Performing arts,Mx4rv-8VsZwpEbGdrcN5Y29ycA,PerformingArtActivity
Amusement parks,Mx4rvVi1P5wpEbGdrcN5Y29ycA,AmusementPark
Words,Mx4rvVjkrpwpEbGdrcN5Y29ycA,LexicalWord
Protestants,Mx4rv2dkzJwpEbGdrcN5Y29ycA,ProtestantPerson
Titles,Mx4rvVis3ZwpEbGdrcN5Y29ycA,Title
Courthouses,Mx4rwQr1N5wpEbGdrcN5Y29ycA,Courthouse
Presidential candidates,Mx4rwQB3y5wpEbGdrcN5Y29ycA,PresidentialCandidate
Badminton players,Mx4rR2B2TguxT1WmHq9ttU8e_w,BadmintonPlayer
Photographers,Mx4rvViqTJwpEbGdrcN5Y29ycA,Photographer
Charities,Mx4rvVivKZwpEbGdrcN5Y29ycA,CharitableDonation
Designers,Mx4rvVjhw5wpEbGdrcN5Y29ycA,Designer
Hindu temples,Mx4rVBSPbAZrQdiZ6MghUmb9tg,HinduTemple
Swimmers,Mx4rvVit8ZwpEbGdrcN5Y29ycA,Swimmer
Mountain passes,Mx4rwPSHjJwpEbGdrcN5Y29ycA,Pass-Geographical
Swedish people,Mx4rvViVX5wpEbGdrcN5Y29ycA,SwedishPerson
Archives,Mx4rvYGPqpwpEbGdrcN5Y29ycA,ArchiveHoldings
Italian people,Mx4rvVisVJwpEbGdrcN5Y29ycA,ItalianPerson
Rock musicians,Mx4rwJJkBpwpEbGdrcN5Y29ycA,RockMusician
Film festivals,Mx4rNn51XLWUEd2AAAAhm0vLxw,FilmFestival
Beauty pageants,Mx4r4rIu8is8EdiUgAAH6RYvSQ,BeautyPageant
Astronomical observatories,Mx4rwQCNdpwpEbGdrcN5Y29ycA,AstronomicalObservatory
Business schools,Mx4rvVjp6ZwpEbGdrcN5Y29ycA,BusinessSchool
Buddhist temples,Mx4rvgDGwJwpEbGdrcN5Y29ycA,BuddhistTemple
Mathematicians,Mx4rvVkB15wpEbGdrcN5Y29ycA,Mathematician
Rappers,Mx4rzQXDcip_QdiIBoeuUEmDxA,Rapper
Indoor arenas,Mx4rwPubLZwpEbGdrcN5Y29ycA,Stadium-Indoor
Educational institutions,Mx4rvViNQZwpEbGdrcN5Y29ycA,EducationalOrganization
Communist parties,Mx4rvViyzZwpEbGdrcN5Y29ycA,CommunistParty
English people,Mx4rvVi7HpwpEbGdrcN5Y29ycA,EnglishPerson
Arrondissements,Mx4rW7nvfrgqEdmAAAACs0x8nw,Arrondissement
Dancers,Mx4rvVjgjJwpEbGdrcN5Y29ycA,Dancer-Performer
Dutch people,Mx4rvViNRpwpEbGdrcN5Y29ycA,DutchPerson
Immigrants,Mx8NhB4rvcD6KJwpEbGdrcN5Y29ycB4rvViAkpwpEbGdrcN5Y29ycB4rdzoMHJmWEdaAAAACs1uxFx4rvViIeZwpEbGdrcN5Y29ycA,"[:SubcollectionOfWithRelationFromTypeFn, :Person, :immigrant, :Country]"
Nuns,Mx4rvgHzmJwpEbGdrcN5Y29ycA,Nun
Feminists,Mx8Ngh4rwBtg95wpEbGdrcN5Y29ycB4rvkshiJwpEbGdrcN5Y29ycA,"[:BelieverFn, :Feminism]"
Russian people,Mx4rvgD1_JwpEbGdrcN5Y29ycA,RussianPerson
Springs,Mx4rvgESBJwpEbGdrcN5Y29ycA,Spring-WaterSource
Metropolitan areas,Mx4rVylQ3r7qQdeO3dd51Ybqhw,MetropolitanArea
Explorers,Mx4rvVkFYZwpEbGdrcN5Y29ycA,Explorer
Sailors,Mx4rvVic85wpEbGdrcN5Y29ycA,CrewMemberOnShip
Holidays,Mx4rvViptZwpEbGdrcN5Y29ycA,Holiday
Aviators,Mx4rwQFCFMr_EdmAAAACs6hRjg,Aviator
Missionaries,Mx4rLHi5MCBjEdiNYwACs6hnlQ,Missionary
Film producers,Mx4rvssetJwpEbGdrcN5Y29ycA,Producer-Movie
Mexican people,Mx4rvVi-bpwpEbGdrcN5Y29ycA,MexicanPerson
Catholic priests,Mx4rwQBwwpwpEbGdrcN5Y29ycA,CatholicPriest
Middle schools,Mx4rvVjkAJwpEbGdrcN5Y29ycA,MiddleSchool
Spanish people,Mx4rvVj8RpwpEbGdrcN5Y29ycA,SpanishPerson
Screenwriters,Mx4rnkRB3KgPQdeHH4EES_o7Mw,Screenwriter
Engines,Mx4rvVjOxJwpEbGdrcN5Y29ycA,Engine
Wind farms,Mx4rRBmfmJFSEdqAAAACs71DGQ,WindPowerPlant
Irish people,Mx4rvVioqJwpEbGdrcN5Y29ycA,IrishPerson
Sculptures,Mx4rvVis2pwpEbGdrcN5Y29ycA,Sculpture
Port cities,Mx4rwPflcJwpEbGdrcN5Y29ycA,PortCity
Bass guitarists,Mx8Ngh4rvW-_IZwpEbGdrcN5Y29ycB4rvp9d55wpEbGdrcN5Y29ycA,"[:PlayerOfInstrumentFn, :""BassGuitar-Electric""]"
Music videos,Mx4rwLSaF5wpEbGdrcN5Y29ycA,MusicVideo
Austrian people,Mx4rvVjj5pwpEbGdrcN5Y29ycA,AustrianPerson
Tennis tournaments,Mx4rv0ThwJwpEbGdrcN5Y29ycA,TennisTournament
Music festivals,Mx4rZYLIirWUEd2AAAAhm0vLxw,MusicFestival
Data,Mx4rvf9sZJwpEbGdrcN5Y29ycA,AspatialInformationStore
Theologians,Mx4rtMHL_jGfQdiJauxyq4-H4A,Theologian
Martial arts,Mx4rvrsIb5wpEbGdrcN5Y29ycA,MartialArtsActivity-Asian
Beverages,Mx4rvVj0CJwpEbGdrcN5Y29ycA,Drink
Public libraries,Mx4rNYbDytnPQdid8_vOtcg3Yg,PublicLibrary
Law schools,Mx4rvVkJH5wpEbGdrcN5Y29ycA,LawSchool
Polish people,Mx4rvVjNdZwpEbGdrcN5Y29ycA,PolishPerson
Musicals,Mx4rwF3qynS8EdaAAACgyZzFrg,PropositionalConceptualWork-MusicalGenre
Historic sites,Mx4rN9lf4CTeQdee4PjuZp8BLw,HistoricalSite
Bus stations,Mx4rGyB6uGbnQdichKPFIDIErQ,BusStation
Motorcycles,Mx4rvVkEdJwpEbGdrcN5Y29ycA,Motorcycle
Turkish people,Mx4rvVjDRJwpEbGdrcN5Y29ycA,TurkishPerson
Christian monasteries,Mx4rkxcSEk9OEd2AAAACs6hRXg,Monastery-Residence-Christian
Foreign ministers,Mx4rv_SkJ5wpEbGdrcN5Y29ycA,MinisterOfForeignAffairs
Shipping companies,Mx4rvViIt5wpEbGdrcN5Y29ycA,ShippingOrganization
Nobel laureates,Mx4rwEJs2ZwpEbGdrcN5Y29ycA,NobelPrizeWinner
Programming languages,Mx4rvVjC6pwpEbGdrcN5Y29ycA,AbstractProgrammingLanguage
Spies,Mx4rwOQYGpwpEbGdrcN5Y29ycA,Spy
Israeli people,Mx4rvVjqYZwpEbGdrcN5Y29ycA,IsraeliPerson
Japanese people,Mx4rvVjgx5wpEbGdrcN5Y29ycA,JapanesePerson
Oil fields,Mx4rvurrC5wpEbGdrcN5Y29ycA,OilField
Radio programs,Mx4rvrPdMZwpEbGdrcN5Y29ycA,RadioShow-CW
Non-profit organizations,Mx4rvViu6JwpEbGdrcN5Y29ycA,NonProfitOrganization
Argentine people,Mx4rvVj2SZwpEbGdrcN5Y29ycA,ArgentinePerson
Inventors,Mx4rwMg_TJwpEbGdrcN5Y29ycA,Inventor
Brazilian people,Mx4rvVkD65wpEbGdrcN5Y29ycA,BrazilianPerson
Impact craters,Mx4rwMYaj5wpEbGdrcN5Y29ycA,ImpactCrater
Editors,Mx4rvVj7ZZwpEbGdrcN5Y29ycA,Editor
Television networks,Mx4rwQCRtJwpEbGdrcN5Y29ycA,TelevisionNetwork
Children,Mx4rvVjPMJwpEbGdrcN5Y29ycA,HumanChild
Swiss people,Mx4rvVjQ3ZwpEbGdrcN5Y29ycA,SwissPerson
Professional wrestlers,Mx8Ngh4rvpcO4pwpEbGdrcN5Y29ycB4rwByumpwpEbGdrcN5Y29ycA,"[:ProfessionalFn, :Wrestler]"
Office buildings,Mx4rvVic-pwpEbGdrcN5Y29ycA,OfficeBuilding
Opera singers,Mx4rwDAgt5wpEbGdrcN5Y29ycA,OperaSinger
Tribes,Mx4rwQB8YpwpEbGdrcN5Y29ycA,Tribe
Financial services,Mx4rwUQ-QJwpEbGdrcN5Y29ycA,FinancialCompany
Jurists,Mx4rvVi68pwpEbGdrcN5Y29ycA,Judge
Music awards,Mx8Ngx4rwIix25wpEbGdrcN5Y29ycB4rvVjcNpwpEbGdrcN5Y29ycB4rvVjOJpwpEbGdrcN5Y29ycA,"[:SubcollectionOfAboutFn, :AwardPractice, :Music]"
Philanthropists,Mx4r-C4VgA7jQdeWDMhv699I8Q,Philanthropist
Special forces,Mx4rvbMLCpwpEbGdrcN5Y29ycA,MilitarySpecialForce
Comedy films,Mx4rwBoeX5wpEbGdrcN5Y29ycA,ComedyMovie
Conferences,Mx4rvVjlEJwpEbGdrcN5Y29ycA,Conference
National forests,Mx4rOijOfMjtEduAAADggVbxzQ,NationalForest
Belgian people,Mx4rvVjfiZwpEbGdrcN5Y29ycA,BelgianPerson
Councils,Mx4rtWvackq1EdiedwAH6RYvSQ,Council-Organization
Military ranks,Mx4rw5xx4HSwEdaAAACgyZzFrg,MilitaryPersonTypeByRank
Alcoholic beverages,Mx4rvVjIe5wpEbGdrcN5Y29ycA,AlcoholicBeverage
Singer-songwriters,Mx8Ngx4rwEcGC5wpEbGdrcN5Y29ycB4r7wQOfEeAEdaAAABQ2sS97h4rvVjiz5wpEbGdrcN5Y29ycA,"[:CollectionIntersection2Fn, :Songwriter, :Singer]"
Electronics,Mx4rvViQlZwpEbGdrcN5Y29ycA,ElectronicDevice
Golf tournaments,Mx4rvvTIC5wpEbGdrcN5Y29ycA,GolfTournament
Anglicans,Mx4rTY6RYCZXEdaAAACQJ5pcGA,AnglicanPerson
Residential buildings,Mx4rgeLGglsLEdaAAACQJ5pZBw,ResidentialBuilding
Dog breeds,Mx4rGwcsMFkIQdiMCLmJUEZ9IQ,DogTypeByBreed
Software companies,Mx4rv_2oMpwpEbGdrcN5Y29ycA,SoftwareVendor
Fashion designers,Mx4rwJRcvJwpEbGdrcN5Y29ycA,FashionDesigner
Danish people,Mx4rvViHWJwpEbGdrcN5Y29ycA,DanishPerson
Floods,Mx4rwP3Uz5wpEbGdrcN5Y29ycA,Flooding
Portals,Mx4rwSGf75wpEbGdrcN5Y29ycA,WebPortal
Sociologists,Mx4rPgKexCtlEdiUgQAH6RYvSQ,Sociologist
Scientists,Mx4rvVj755wpEbGdrcN5Y29ycA,Scientist
Vice presidents,Mx4rpQGbI2qbEdeBwwACs6hRuw,VicePresidentOfOrganization
Greek people,Mx4rvVj4n5wpEbGdrcN5Y29ycA,GreekPerson
Norwegian people,Mx4rvVjPSJwpEbGdrcN5Y29ycA,NorwegianPerson
Christian schools,Mx4rCcmt0tQNQdiWrZrp3Lg6Zg,ChristianSchool
Science museums,Mx4rPgqxCp4CQdeGJ7qmqb-kbQ,ScienceMuseum-Organization
Merchant ships,Mx4rvm1tKJwpEbGdrcN5Y29ycA,MerchantMarineShip-Bulk
Dances,Mx4rvViGr5wpEbGdrcN5Y29ycA,Dancing
Scottish people,Mx4rvVi6npwpEbGdrcN5Y29ycA,ScottishPerson
Indian people,Mx8Ngh4rvy05U5wpEbGdrcN5Y29ycB4rvVj7XJwpEbGdrcN5Y29ycA,"[:CitizenFn, :India]"
Cinematographers,Mx4rvVkB7pwpEbGdrcN5Y29ycA,CameraOperator
Runners,Mx4rvVkEZZwpEbGdrcN5Y29ycA,Runner
Dioceses,Mx4rLHhrFCBjEdiNYwACs6hnlQ,Diocese-Catholic
Methodists,Mx4rwG2l65wpEbGdrcN5Y29ycA,MethodistPerson
Mining companies,Mx4rvV_ogJwpEbGdrcN5Y29ycA,MiningOrganization
Mountain climbers,Mx4r0_P6OiwHQdiB9JrXL-idJA,MountainClimber
Materials,Mx4rvVjVWpwpEbGdrcN5Y29ycA,NaturalTangibleStuff
Ballet dancers,Mx4rpoP17rC7QdiJE4oTGQKogw,BalletDancer
U-boats,Mx4rvViMW5wpEbGdrcN5Y29ycA,Submarine
Cartoonists,Mx4rvWUNKJwpEbGdrcN5Y29ycA,Cartoonist
Government-owned companies,Mx4rvVyyu5wpEbGdrcN5Y29ycA,GovernmentOwnedCompany
Political scandals,Mx4rAE2OngxREdaAAABQ2rksLw,PoliticalScandal
Convention centers,Mx4rwP30q5wpEbGdrcN5Y29ycA,ConventionCenter
Chinese people,Mx4rvVi2CpwpEbGdrcN5Y29ycA,ChinesePerson
Basketball coaches,Mx4rwRczX5wpEbGdrcN5Y29ycA,BasketballCoach
Chefs,Mx4rvVj_zZwpEbGdrcN5Y29ycA,Chef
Television actors,Mx4rvef1DJwpEbGdrcN5Y29ycA,ActorOnTV
Hungarian people,Mx4rvVjTqJwpEbGdrcN5Y29ycA,HungarianPerson
Rock formations,Mx4rvXjEMiTfQdeQH6duDrqoeQ,RockFormation
Psychologists,Mx4rvVkBXJwpEbGdrcN5Y29ycA,Psychologist
Intelligence agencies,Mx4rwGENo5wpEbGdrcN5Y29ycA,IntelligenceAgency
Illustrators,Mx4robUeoyBKEdiRAAACs5b6Bw,Illustrator
Pakistani people,Mx4rvVjPapwpEbGdrcN5Y29ycA,PakistaniPerson
Horror films,Mx4rwFmUH5wpEbGdrcN5Y29ycA,HorrorMovie
Bankers,Mx4rshZ28GHNEdaAAACQJ5pZBw,Banker
Card games,Mx4rvyKgTpwpEbGdrcN5Y29ycA,CardGame
Surgeons,Mx4rvVjoEZwpEbGdrcN5Y29ycA,Surgeon
Assassins,Mx4rPFz3bCqBQdiA19azDKjJEg,Assassin
Finnish people,Mx4rvViFKJwpEbGdrcN5Y29ycA,FinnishPerson
Vegetarians,Mx4rv4jyVpwpEbGdrcN5Y29ycA,Vegetarian
Entertainers,Mx4rwQrkuJwpEbGdrcN5Y29ycA,Entertainer
Poker players,Mx4r3lffdLWzEd2AAAAhm0vLxw,PokerPlayer
Commercial buildings,Mx8Ngx4rwEcGC5wpEbGdrcN5Y29ycB4rnFThIlsKEdaAAACQJ5pZBx4rvVj7KJwpEbGdrcN5Y29ycA,"[:CollectionIntersection2Fn, :CommercialFacility, :Building]"
Choreographers,Mx4rlyOIRSp4EdiUfwAH6RYvSQ,Choreographer
Hot springs,Mx4rQY8ZfoPDEdaAAAACs0uFOQ,HotSpring
Drainage basins,Mx4rREpLmCTbQdeEPsR4RLgaCQ,DrainageBasin
Sex workers,Mx4rvo6vrZwpEbGdrcN5Y29ycA,SexWorker
Algorithms,Mx4rvVjuaJwpEbGdrcN5Y29ycA,Algorithm
Hormones,Mx4rvVi9AZwpEbGdrcN5Y29ycA,Hormone
Czech people,Mx4rvVkABJwpEbGdrcN5Y29ycA,CzechRepublicPerson
Monks,Mx4rwDgVOZwpEbGdrcN5Y29ycA,Monk
Military installations,Mx4rvVqBv5wpEbGdrcN5Y29ycA,MilitaryBase-Grounds
Bulgarian people,Mx4rvViYAJwpEbGdrcN5Y29ycA,BulgarianPerson
Nursing schools,Mx4rvVkJW5wpEbGdrcN5Y29ycA,NursingSchool
Horse races,Mx4rv6tMRpwpEbGdrcN5Y29ycA,HorseRacingEvent
Korean people,Mx4rvVjRdJwpEbGdrcN5Y29ycA,KoreanPerson
Concert halls,Mx4rvVi1y5wpEbGdrcN5Y29ycA,ConcertHall
Venezuelan people,Mx4rvVjaUZwpEbGdrcN5Y29ycA,VenezuelanPerson
Psychiatric hospitals,Mx4rs-k-9iTfQdeJoOZ-GXENMA,PsychiatricHospital
Industrial buildings,Mx4rvVjiX5wpEbGdrcN5Y29ycA,FactoryBuilding
Revolutionaries,Mx4rYuJSpim5QdiM9KtlscmNow,Revolutionary
Opera houses,Mx4rwQwwL5wpEbGdrcN5Y29ycA,OperaHouse
Egyptian people,Mx4rvViHn5wpEbGdrcN5Y29ycA,EgyptianPerson
Romanian people,Mx4rvViNwZwpEbGdrcN5Y29ycA,RomanianPerson
Dynasties,Mx4rvxAGhZwpEbGdrcN5Y29ycA,DynasticFamily
Movements,Mx4rwQBJX5wpEbGdrcN5Y29ycA,IdeologicalOrganization
Nurses,Mx4rvViV3pwpEbGdrcN5Y29ycA,Nurse
State parks,Mx4rwQwoOJwpEbGdrcN5Y29ycA,USStatePark
Professional associations,Mx4rvViOjpwpEbGdrcN5Y29ycA,ProfessionalAssociation
Credit unions,Mx4rwEC-wZwpEbGdrcN5Y29ycA,CreditUnion
Treasurers,Mx4rvOL_5OWEQdiVDMvNwm2yFA,Treasurer-Position
Tests,Mx4rwDDErJwpEbGdrcN5Y29ycA,SpecifiedTest-CW
Coins,Mx4rvViJ0pwpEbGdrcN5Y29ycA,Coin-Currency
Pacifists,Mx8Ngh4rwBtg95wpEbGdrcN5Y29ycB4rwQr8hZwpEbGdrcN5Y29ycA,"[:BelieverFn, :Pacifism]"
Astrologers,Mx4rfpHItskhEdmAAAACs6hRjg,Astrologer
Chief executives,Mx4rvvutxJwpEbGdrcN5Y29ycA,ChiefExecutiveOfficer
Ukrainian people,Mx4rwO0V35wpEbGdrcN5Y29ycA,UkrainianPerson
Rebels,Mx4rJjumdhVRQdiRIeGWZlNQog,Rebel
Army personnel,Mx4rvVjuzJwpEbGdrcN5Y29ycA,ArmyPersonnel
Survivors,Mx4rq3lF1hlJQdiNGqwKMsLw5A,Survivor
Marshals,Mx4roQ_npsi4EdmAAAACs6hRjg,Marshal-CommissionedOfficer
Baptists,Mx4rbVfkVuiFEdedVwACs6hcsw,BaptistPerson
Bodybuilders,Mx4rvnE6KJwpEbGdrcN5Y29ycA,Bodybuilder
Chilean people,Mx4rvViNdZwpEbGdrcN5Y29ycA,ChileanPerson
Military vehicles,Mx4rwLrAvJwpEbGdrcN5Y29ycA,MilitaryVehicle
Fairy tales,Mx4rvViJsZwpEbGdrcN5Y29ycA,Fable
Engineers,Mx4rvVkBWpwpEbGdrcN5Y29ycA,Engineer
Chaplains,Mx4rGftzplxcEdqAAAACs71DGQ,Chaplain
Insurance companies,Mx4rvWNwLZwpEbGdrcN5Y29ycA,InsuranceCompany
Technology companies,Mx4r_QItpk1AQdmXyb0GoTXPSA,TechnologyCompany
Serial killers,Mx4rvmoRS5wpEbGdrcN5Y29ycA,SerialKiller
Curators,Mx4rvVicspwpEbGdrcN5Y29ycA,MuseumCurator
Suspension bridges,Mx4rn2WLupUWEdqAAAACs6hRXg,SuspensionBridge
Filipino people,Mx4rvVjoeJwpEbGdrcN5Y29ycA,PhilippinesPerson
Male models,Mx8Ngh4rwQwVUJwpEbGdrcN5Y29ycB4rveai1ZwpEbGdrcN5Y29ycA,"[:MaleFn, :ProfessionalModel]"
Mixed drinks,Mx4rQq3Xt64vTWiz3ZRv-iybFQ,MixedDrink
Role-playing games,Mx4rvV_WHZwpEbGdrcN5Y29ycA,RolePlayingGame
Portuguese people,Mx4rvVkI_ZwpEbGdrcN5Y29ycA,PortuguesePerson
Navy personnel,Mx4rvVi1mJwpEbGdrcN5Y29ycA,NavyPersonnel
Wilderness areas,Mx4rvgDFxZwpEbGdrcN5Y29ycA,WildernessArea
Slaves,Mx4rv-2R7JwpEbGdrcN5Y29ycA,Slave
Nuclear physicists,Mx4rT7RWmL0_QdeQbZpwe0RD3A,NuclearScientist
Archaeologists,Mx4rvrjV7pwpEbGdrcN5Y29ycA,Archaeologist
Fire departments,Mx4rqlSPpIcwQdeZ8dyB_bFKew,FireDepartment
Drug traffickers,Mx4ri_0OksBzQdeQsOcob03yzg,DrugTrafficker
Astronauts,Mx4rvViddZwpEbGdrcN5Y29ycA,Astronaut
Computers,Mx4rvVjXzZwpEbGdrcN5Y29ycA,Computer
Foundations,Mx4rvVowaJwpEbGdrcN5Y29ycA,FoundationOrganization
Horn players,Mx4rwQBaCpwpEbGdrcN5Y29ycA,HornPlayer
Goods,Mx4rvVkEW5wpEbGdrcN5Y29ycA,PartiallyTangibleProduct
Croatian people,Mx4rDoU8Yv9ZQdeD0YhJ2FeKpg,CroatianPerson
Motorcycle manufacturers,Mx8Ngh4rvkpzWpwpEbGdrcN5Y29ycB4rvVkEdJwpEbGdrcN5Y29ycA,"[:ManufacturerFn, :Motorcycle]"
Mobile phones,Mx4rvVjj6pwpEbGdrcN5Y29ycA,CellularTelephone
Naval ships,Mx4rvVjw85wpEbGdrcN5Y29ycA,ModernNavalShip
Farmers,Mx4rvVjhSZwpEbGdrcN5Y29ycA,Farmer
Gamblers,Mx4reDFjPqRUQdiJNIYwXGW4HQ,Gambler
Squash players,Mx4rPcOogfRgSYelpn-qt6raXg,SquashPlayer
Summer camps,Mx4rv3BXzZwpEbGdrcN5Y29ycA,Camp-Recreational
Aircraft carriers,Mx4rwQCZhZwpEbGdrcN5Y29ycA,AircraftCarrier
Dental schools,Mx4rwP1Lc5wpEbGdrcN5Y29ycA,DentalSchool
Agnostics,Mx4rwG_1cJwpEbGdrcN5Y29ycA,ReligiousAgnostic
Accountants,Mx4rvVkB3ZwpEbGdrcN5Y29ycA,Accountant
Colombian people,Mx4rvVjGEpwpEbGdrcN5Y29ycA,ColombianPerson
Toll roads,Mx4rUEZKOqt9QdiYdara-7o1ZA,TollRoad
Gold mines,Mx8Ngh4r3RaNMNjOQdee6OYdnYqdGB4rvVigNJwpEbGdrcN5Y29ycA,"[:MineFn, :Gold]"
Political organizations,Mx4rvViNy5wpEbGdrcN5Y29ycA,PoliticalOrganization
Tall ships,Mx4rwQCSj5wpEbGdrcN5Y29ycA,TallShip
Comic strips,Mx4rvWsP2pwpEbGdrcN5Y29ycA,ComicStrip
Animated films,Mx4rvW_VwpwpEbGdrcN5Y29ycA,AnimatedMovie
Wildlife sanctuaries,Mx4r9ingvvfbEdmAAAACs6hO_g,AnimalSanctuary
Bowls,Mx4rv9T_YJwpEbGdrcN5Y29ycA,BowlingActivity
Aircraft engines,Mx4rviAfdpwpEbGdrcN5Y29ycA,AircraftEngine
Concepts,Mx4rcAmbiMb8EdmAAAACs6hRjg,Concept
Foods,Mx4rvVi9i5wpEbGdrcN5Y29ycA,Food
Columnists,Mx4rvVj-ypwpEbGdrcN5Y29ycA,Journalist
Uruguayan people,Mx4rvVj9FZwpEbGdrcN5Y29ycA,UruguayanPerson
Paleontologists,Mx4rkc81NMsHEdmAAAACs6hRjg,Paleontologist
Grammar schools,Mx4rvVio15wpEbGdrcN5Y29ycA,ElementarySchool
Oil refineries,Mx4rvfrJZpwpEbGdrcN5Y29ycA,OilRefinery
Voice actors,Mx4rvkb6BZwpEbGdrcN5Y29ycA,Actor-Voice
Covered bridges,Mx4rvgD19pwpEbGdrcN5Y29ycA,CoveredBridge
Opera companies,Mx4rvViFrpwpEbGdrcN5Y29ycA,OperaCompany
Automobiles,Mx4rvViVwZwpEbGdrcN5Y29ycA,Automobile
Numbers,Mx4rvxwC-ZwpEbGdrcN5Y29ycA,Number-General
Service companies,Mx4rvVjxuZwpEbGdrcN5Y29ycA,CommercialServiceOrganization
Social groups,Mx4rJVcwwLZqEdmFRAACs6hRjg,SocialGroup
Newspaper editors,Mx4rkQtbml9RQdmMw97yQZddDw,NewspaperEditor
Peruvian people,Mx4rvVjJnpwpEbGdrcN5Y29ycA,PeruvianPerson
Department stores,Mx4rvVjDL5wpEbGdrcN5Y29ycA,DepartmentStore
Operating systems,Mx4rvViws5wpEbGdrcN5Y29ycA,OperatingSystem
Schoolteachers,Mx4rSsVBdDAIQdiAa-UEuxqsEA,Schoolteacher
Slovenian people,Mx4rZzeHAnKWEdyAAAACs6hnlQ,SlovenianPerson
Buddhist monasteries,Mx4rjl6nyk9PEd2AAAACs6hRXg,Monastery-Residence-Buddhist
Committees,Mx4rvaG5hJwpEbGdrcN5Y29ycA,Committee-Organization
Machine guns,Mx4rwQCTkpwpEbGdrcN5Y29ycA,MachineGun
Men,Mx4rvViyfpwpEbGdrcN5Y29ycA,AdultMaleHuman
Welsh people,Mx4rvVjTjpwpEbGdrcN5Y29ycA,WelshPerson
Legislatures,Mx4rteh8Dh5sQdeGx9CE3Izj5w,LegislativeOrganization
Board games,Mx4rwATRDpwpEbGdrcN5Y29ycA,BoardGame
Malaysian people,Mx4rvViFfZwpEbGdrcN5Y29ycA,MalaysianPerson
Softball players,Mx4rF4p0N--kTPaXShQttQIbVg,SoftballPlayer
Horse breeds,Mx4rwH6P3JwpEbGdrcN5Y29ycA,Horse-DomesticatedTypeByBreed
Industries,Mx4rvxQhVpwpEbGdrcN5Y29ycA,IndustryType
Pharaohs,Mx4rwQCWlpwpEbGdrcN5Y29ycA,Pharaoh-HeadOfState
Social scientists,Mx4rPgKexCtlEdiUgQAH6RYvSQ,Sociologist
Erotica,Mx4rvg3gaZwpEbGdrcN5Y29ycA,Erotica
Singaporean people,Mx4rvVi6apwpEbGdrcN5Y29ycA,SingaporePerson
Pharmaceutical companies,Mx4rwVJBIpwpEbGdrcN5Y29ycA,PharmaceuticalCompany
Violists,Mx8Ngh4rvW-_IZwpEbGdrcN5Y29ycB4rvWDUsZwpEbGdrcN5Y29ycA,"[:PlayerOfInstrumentFn, :Viola]"
Days,Mx4rvVjeCJwpEbGdrcN5Y29ycA,CalendarDay
Ethics,Mx4rvVj-NZwpEbGdrcN5Y29ycA,EthicsCodeOfConduct
Postage stamps,Mx4rwP1Ks5wpEbGdrcN5Y29ycA,PostageStamp
Armories,Mx4rvn-SZpwpEbGdrcN5Y29ycA,Armory
Coups,Mx4rGCnMBDDeQdiWgqQ_klGnRw,Coup
Buddhist monks,Mx4ryMpFJP29QdeIwoHAykcdgA,BuddhistMonk
Car manufacturers,Mx4rvVi9_5wpEbGdrcN5Y29ycA,AutomobileManufacturingOrganization
Romani people,Mx4rvVisOJwpEbGdrcN5Y29ycA,EthnicGroupOfRom-Gypsy
Fantasy writers,Mx4rv1OBhpwpEbGdrcN5Y29ycA,FantasyWriter
Cuban people,Mx4rvVjmrJwpEbGdrcN5Y29ycA,CubanPerson
Components,Mx4rvVid6ZwpEbGdrcN5Y29ycA,PhysicalPartOfObject
Orienteers,Mx4rwP1vZZwpEbGdrcN5Y29ycA,Orienteering
Logicians,Mx4rv-Pbe5wpEbGdrcN5Y29ycA,Logician
Emergency services,Mx4rvn2BgZwpEbGdrcN5Y29ycA,EmergencyServiceProvider
Soap operas,Mx4rwSFu1pwpEbGdrcN5Y29ycA,SoapOpera
Slovak people,Mx4rvVoTD5wpEbGdrcN5Y29ycA,SlovakiaPerson
Light tanks,Mx4rvpEML5wpEbGdrcN5Y29ycA,LightTank
Breads,Mx4rvVjMeZwpEbGdrcN5Y29ycA,Bread
Short films,Mx8Ngx4rwT9j95wpEbGdrcN5Y29ycB4rv973YpwpEbGdrcN5Y29ycB4rLPVLTnS7EdaAAACgyZzFrg,"[:GenreFn, :""Movie-CW"", :""PropositionalConceptualWork-ShortGenre""]"
Wildfires,Mx4rv8tB4ZwpEbGdrcN5Y29ycA,Wildfire
Administrative divisions,Mx4rbFoHaMb1EdmAAAACs6hRjg,AdministrativeDistrict
Dentists,Mx4rvVjfgpwpEbGdrcN5Y29ycA,Dentist
Fantasy films,Mx4rvgBRx5wpEbGdrcN5Y29ycA,FantasyMovie
Conventions,Mx4rvVi0qJwpEbGdrcN5Y29ycA,Convention-Meeting
Protocols,Mx4rxo_VAPHDEdaO6gABAkLVdg,Protocol
Oil companies,Mx4rvuJd15wpEbGdrcN5Y29ycA,OilCompany
Corporations,Mx4rvViSlZwpEbGdrcN5Y29ycA,LegalCorporation
Cricket teams,Mx4rvVjWfZwpEbGdrcN5Y29ycA,CricketTeam
Civil wars,Mx4rKuh95P00EdmAAAACs6M1uw,CivilWar
Civil engineers,Mx4rvVj6iZwpEbGdrcN5Y29ycA,CivilEngineer
Sculptors,Mx4rvgDFlZwpEbGdrcN5Y29ycA,Sculptor
Winter sports,Mx4rwQtyCpwpEbGdrcN5Y29ycA,WinterSport
Electrical engineers,Mx4rvVj5yZwpEbGdrcN5Y29ycA,ElectricalEngineer
Sitcoms,Mx4rjGwI1KUeQdiSDfMF2806QA,Sitcom
Agronomists,Mx4r3aCcJI1oQdiR6JEYvRUHJw,Agronomist
Thai people,Mx4rvVjkhpwpEbGdrcN5Y29ycA,ThaiPerson
Potters,Mx4rvViS4JwpEbGdrcN5Y29ycA,Potter
Basketball leagues,Mx8Ngx4rwEcGC5wpEbGdrcN5Y29ycB4rvVjbp5wpEbGdrcN5Y29ycB8Ngh4rwP1535wpEbGdrcN5Y29ycB4rvVinB5wpEbGdrcN5Y29ycA,"[:CollectionIntersection2Fn, :SportsLeague, [:GroupFn, :BasketballTeam]]"
Mechanical engineers,Mx4rvVj7D5wpEbGdrcN5Y29ycA,MechanicalEngineer
Aquatics,Mx8Ngh4rwPzX35wpEbGdrcN5Y29ycB4rvVjAHZwpEbGdrcN5Y29ycA,"[:LiquidFn, :Water]"
Priests,Mx4rvVrx15wpEbGdrcN5Y29ycA,Priest
Prostitutes,Mx4rwQySppwpEbGdrcN5Y29ycA,Prostitute
Printers,Mx4rvVitlpwpEbGdrcN5Y29ycA,ComputerPrinter
Archipelagoes,Mx4rvVj7_ZwpEbGdrcN5Y29ycA,Archipelago
Christian organizations,Mx4rwQBmdZwpEbGdrcN5Y29ycA,ChristianOrganization
Windsurfers,Mx4rvViKz5wpEbGdrcN5Y29ycA,Sailboard
Computer programmers,Mx4rvVjN-JwpEbGdrcN5Y29ycA,ComputerProgrammer
Graphics,Mx4ryB9y9GEPEdqAAAACs71DGQ,Graphic-VisualIBT
Warlords,Mx4r4yIsYR6KEdyQMwDggVUTGw,Warlord
Christian monks,Mx4rjN-AiE9NEd2AAAACs6hRXg,Monk-Christian
Martyrs,Mx4rD-NLcssSEdmAAAACs6hRjg,Martyr-Victim
Music genres,Mx4rioU-FHSwEdaAAACgyZzFrg,MusicalCompositionTypeByGenre
Jamaican people,Mx4rvVkI1JwpEbGdrcN5Y29ycA,JamaicaPerson
Sportswriters,Mx4rCKXB5irOEdiXsQAH6RYvVQ,Sportswriter
Nunataks,Mx4r7rdtNLgpEdmAAAACs0x8nw,Nunatak
Databases,Mx4rv-RqtpwpEbGdrcN5Y29ycA,Database-AbstractContent
Icelandic people,Mx4rvVjcL5wpEbGdrcN5Y29ycA,IcelandicPerson
Cargo ships,Mx4rwQCRkZwpEbGdrcN5Y29ycA,CargoShip
Ceramists,Mx4rvViS4JwpEbGdrcN5Y29ycA,Potter
Armenian people,Mx4rvaMeBZwpEbGdrcN5Y29ycA,ArmenianPerson
Liqueurs,Mx4r4uiGi3goT4yWNPN9Zj1cjQ,Liqueur
Inlets,Mx4r8Um55IFzEdqAAAACs6hnlQ,Inlet
Finance ministers,Mx4rBmfa0IrFEduAAAACs6hRXg,MinisterOfFinance
Bolivian people,Mx4rvVjgI5wpEbGdrcN5Y29ycA,BolivianPerson
Silent films,Mx4rwIMJq5wpEbGdrcN5Y29ycA,Movie-Silent
Military campaigns,Mx4r-Xp3KsiMEdmAAAACs6hRjg,Campaign-MilitaryOperation
Mausoleums,Mx4r2E6qqSOuRUqLicI9e2xd3A,Mausoleum
Army officers,Mx8NhB4rvuAoI5wpEbGdrcN5Y29ycB4rvViAkpwpEbGdrcN5Y29ycB4rMIPuNlLMQdmHkNj86WIvOR4rv26DAZwpEbGdrcN5Y29ycA,"[:SubcollectionOfWithRelationFromFn, :Person, :officers, :""Army-BranchOfService""]"
Directors,Mx4rvV79tpwpEbGdrcN5Y29ycA,DirectorOfOrganization
Veterinarians,Mx4rvVi4PpwpEbGdrcN5Y29ycA,Veterinarian
Guatemalan people,Mx4rvVibEJwpEbGdrcN5Y29ycA,GuatemalanPerson
Nuclear weapons,Mx4rvVig2pwpEbGdrcN5Y29ycA,NuclearWeapon
Mechanics,Mx4rwA6F5ZwpEbGdrcN5Y29ycA,Mechanic
Basins,Mx4rvViQUZwpEbGdrcN5Y29ycA,Basin
Iraqi people,Mx4rvViOlpwpEbGdrcN5Y29ycA,IraqiPerson
Consulting firms,Mx4rd7omVoJLQdeS-pqnGtYT8A,ConsultingFirm
Western films,Mx4rv0pzgpwpEbGdrcN5Y29ycA,WesternMovie
Tactics,Mx4rvViB_5wpEbGdrcN5Y29ycA,Strategy
Student organizations,Mx4rvpdbXZwpEbGdrcN5Y29ycA,StudentOrganization
Filmmakers,Mx4rvssetJwpEbGdrcN5Y29ycA,Producer-Movie
Musical films,Mx4rv38o5pwpEbGdrcN5Y29ycA,MusicalMovie
Merchants,Mx4rvj_RK5wpEbGdrcN5Y29ycA,Vendor
Political movements,Mx4rvViNy5wpEbGdrcN5Y29ycA,PoliticalOrganization
Luxembourgian people,Mx4rvVjPj5wpEbGdrcN5Y29ycA,LuxembourgPerson
Telephone numbers,Mx4rvVjs7pwpEbGdrcN5Y29ycA,PhoneNumber
Action films,Mx4rv2VcW5wpEbGdrcN5Y29ycA,ActionMovie
Concentration camps,Mx4rwLtuRJwpEbGdrcN5Y29ycA,ConcentrationCamp
Jordanian people,Mx4rvVinlJwpEbGdrcN5Y29ycA,JordanianPerson
Vegans,Mx4rvnyhDZwpEbGdrcN5Y29ycA,Vegan
Linguists,Mx4rvVirtpwpEbGdrcN5Y29ycA,Linguist
Music arrangers,Mx4rvdM4ZJwpEbGdrcN5Y29ycA,Arranger-Music
Refugee camps,Mx4rjMBX4FsLEdaAAACQJ5pZBw,RefugeeCamp
Monitors,Mx4rvVjoAJwpEbGdrcN5Y29ycA,ComputerMonitor-VideoKind
Sikhs,Mx4rpjzdtJIBQdeRAKxRVNf1XA,SikhPerson
Nigerian people,Mx4rvViarJwpEbGdrcN5Y29ycA,NigerianPerson
Religious orders,Mx4rnlDD7MijEdmAAAACs6hRjg,ReligiousOrder
Lacrosse players,Mx4rh1GR_cDQT7SKgiUHuxILBA,LacrossePlayer
Pharmacists,Mx4rvVjdu5wpEbGdrcN5Y29ycA,Pharmacist
Lebanese people,Mx4rvVi3JJwpEbGdrcN5Y29ycA,LebanesePerson
Stock exchanges,Mx4rv8fT0JwpEbGdrcN5Y29ycA,StockExchange
Military officers,Mx4rvVinSJwpEbGdrcN5Y29ycA,MilitaryOfficer
Paraguayan people,Mx4rvVia4ZwpEbGdrcN5Y29ycA,ParaguayanPerson
Experiments,Mx4rwQCT3ZwpEbGdrcN5Y29ycA,Experimenting
Dogs,Mx4rvVjaoJwpEbGdrcN5Y29ycA,Dog
Superheroes,Mx4rvcyOaZwpEbGdrcN5Y29ycA,Superhero
Navy bases,Mx4rvWJJAZwpEbGdrcN5Y29ycA,NavalShipBase
Dairy products,Mx4rvVjM3ZwpEbGdrcN5Y29ycA,DairyProduct
Folk dances,Mx4rwQw-f5wpEbGdrcN5Y29ycA,FolkDance
Guided missiles,Mx4rv2pxfZwpEbGdrcN5Y29ycA,GuidedMissile
Phrases,Mx4rwHbUl5wpEbGdrcN5Y29ycA,NLPhrase
Namibian people,Mx4rvVjSv5wpEbGdrcN5Y29ycA,NamibianPerson
Algerian people,Mx4rvVjJJZwpEbGdrcN5Y29ycA,AlgerianPerson
Estonian people,Mx4rwDyg7pwpEbGdrcN5Y29ycA,EstonianPerson
Salvadoran people,Mx4rvVjsg5wpEbGdrcN5Y29ycA,SalvadoranPerson
Adventure films,Mx4rvgx-T5wpEbGdrcN5Y29ycA,AdventureMovie
Linux distributions,Mx4rwUCtxpwpEbGdrcN5Y29ycA,LinuxOS
Stage actors,Mx4rwNFwmZwpEbGdrcN5Y29ycA,ActorInPlays
Cambodian people,Mx4rvVj31ZwpEbGdrcN5Y29ycA,CambodianPerson
Bank buildings,Mx4rGwhU8sBwEdaAAAACs6Mw3A,BankBuilding
Panamanian people,Mx4rvVjHX5wpEbGdrcN5Y29ycA,PanamanianPerson
Radio networks,Mx4rvgk5sZwpEbGdrcN5Y29ycA,RadioNetwork
Triumphal arches,Mx4rv4v0HJwpEbGdrcN5Y29ycA,TriumphalArch
Auto races,Mx4rvVizPpwpEbGdrcN5Y29ycA,CarRacing
Zimbabwean people,Mx4rvWc4aJwpEbGdrcN5Y29ycA,ZimbabwePerson
Soviet people,Mx4rvVi0UpwpEbGdrcN5Y29ycA,SovietUnionPerson
Cat breeds,Mx4rvhsL-ZwpEbGdrcN5Y29ycA,CatTypeByBreed
Electric guitars,Mx4rwPuepJwpEbGdrcN5Y29ycA,Guitar-Electric
Palestinian people,Mx4rvYZfgpwpEbGdrcN5Y29ycA,PalestinianPerson
Ecuadorian people,Mx4rvVkKjpwpEbGdrcN5Y29ycA,EcuadoranPerson
Cypriot people,Mx4rvViPApwpEbGdrcN5Y29ycA,CyprusPerson
Haitian people,Mx4rvVkIC5wpEbGdrcN5Y29ycA,HaitianPerson
Azerbaijani people,Mx4rvYptj5wpEbGdrcN5Y29ycA,AzerbaijaniPerson
Comedians,Mx4rvVjHlJwpEbGdrcN5Y29ycA,Comedian
Chemical engineers,Mx4rvVj7U5wpEbGdrcN5Y29ycA,ChemicalEngineer
Ballet companies,Mx4rv3F4YJwpEbGdrcN5Y29ycA,BalletCompany
Ballistic missiles,Mx4rvVjoMpwpEbGdrcN5Y29ycA,BallisticMissile
Public relations,Mx4rvmm2x5wpEbGdrcN5Y29ycA,PublicRelationsActivity
Dance companies,Mx4rvViGMZwpEbGdrcN5Y29ycA,DanceCompany
Patterns,Mx4rvVjndZwpEbGdrcN5Y29ycA,VisualPattern
Balloonists,Mx8NhB4rvcD6KJwpEbGdrcN5Y29ycB4rvViAkpwpEbGdrcN5Y29ycB8Ngh4rFKDxAmNZEdqAAAACs71DGR4rvViulJwpEbGdrcN5Y29ycB8Ngh4rv3tMrJwpEbGdrcN5Y29ycB4rvVizNpwpEbGdrcN5Y29ycA,"[:SubcollectionOfWithRelationFromTypeFn, :Person, [:PresentTenseVersionFn, :transportees], [:TransportViaFn, :HotAirBalloon]]"
String quartets,Mx4rwI-fGZwpEbGdrcN5Y29ycA,StringQuartet-MusicGroup
News agencies,Mx4rv5UVvpwpEbGdrcN5Y29ycA,NewsAgency
Iranian people,Mx4rvVjSMJwpEbGdrcN5Y29ycA,IranianPerson
Artillery regiments,Mx4rDG7HYp8WEdaAAACQJ5pcGA,ArtilleryBrigade
Annual events,Mx4rvVjxSZwpEbGdrcN5Y29ycA,AnnualEventType
Epic poems,Mx4rulqH1MkrEdmAAAACs6hRjg,EpicPoem-CW
Marines,Mx4rvVinjJwpEbGdrcN5Y29ycA,MarinePersonnel
Erotic dancers,Mx4rveg48JwpEbGdrcN5Y29ycA,Stripper
Premiers,Mx4rvVjHLJwpEbGdrcN5Y29ycA,Premier-HeadOfGovernment
Bank robbers,Mx4rP9eqpiwaEdiUggAH6RYvSQ,BankRobber
Indonesian people,Mx4rvVj_VpwpEbGdrcN5Y29ycA,IndonesianPerson
Fire stations,Mx4rwQCO1pwpEbGdrcN5Y29ycA,FireStation
Educational organizations,Mx4rvViNQZwpEbGdrcN5Y29ycA,EducationalOrganization
Surinamese people,Mx4rvViqMJwpEbGdrcN5Y29ycA,SurinamePerson
Kenyan people,Mx4rvVibHZwpEbGdrcN5Y29ycA,KenyanPerson
Community colleges,Mx4rwLrn_ZwpEbGdrcN5Y29ycA,College-2Year
Boats,Mx4rIDj6hi6jEdqAAAACs71DGQ,Boat
Marine biologists,Mx4rvVikgpwpEbGdrcN5Y29ycA,MarineBiologist
Lithuanian people,Mx4rvVwF_ZwpEbGdrcN5Y29ycA,LithuanianPerson
American journalists,Mx8Ngx4rwEcGC5wpEbGdrcN5Y29ycB4rvVj1zpwpEbGdrcN5Y29ycB4rvVj-ypwpEbGdrcN5Y29ycA,"[:CollectionIntersection2Fn, :UnitedStatesPerson, :Journalist]"
Barrier islands,Mx4rRzSvcsr9EdmAAAACs6hRjg,BarrierIsland
Religious figures,Mx4rvaJJ1pwpEbGdrcN5Y29ycA,ReligiousFigure
Tunisian people,Mx4rv6rsf5wpEbGdrcN5Y29ycA,TunisianPerson
General elections,Mx4r6mdgyNg6EdmAAACQJw5drg,GeneralElection
Channels,Mx4r35-YRJKVQdmKwIXakc9wLA,Channel-WaterPath
Marching bands,Mx4rvVj0CZwpEbGdrcN5Y29ycA,MarchingBand
International organizations,Mx4rvViJ55wpEbGdrcN5Y29ycA,InternationalOrganization
Investment companies,Mx4rvVirwZwpEbGdrcN5Y29ycA,InvestmentFirm
Anthems,Mx8Ngx4rwEcGC5wpEbGdrcN5Y29ycB4rwKrQNpwpEbGdrcN5Y29ycB4rwP3teJwpEbGdrcN5Y29ycA,"[:CollectionIntersection2Fn, :SymbolicThing, :""Song-CW""]"
Ethiopian people,Mx4rvVim-pwpEbGdrcN5Y29ycA,EthiopianPerson
Bacteriologists,Mx4rvVj_jZwpEbGdrcN5Y29ycA,Bacteriologist
Latvian people,Mx4rKhblVv_wQdeKUeRWYuNaww,LatvianPerson
Mystery writers,Mx4rwG75I5wpEbGdrcN5Y29ycA,MysteryWriter
Advertising agencies,Mx4rvViK6pwpEbGdrcN5Y29ycA,AdvertisingAgency
Ugandan people,Mx4rvVjlgpwpEbGdrcN5Y29ycA,UgandanPerson
Television miniseries,Mx4rwDnDJ5wpEbGdrcN5Y29ycA,TVMiniseries
District attorneys,Mx4rlL5kmLrMEdaAAAACs6Mw3A,Prosecutor
Web browsers,Mx4rvWN8eJwpEbGdrcN5Y29ycA,WorldWideWebClientProgram
Somalian people,Mx4rvVimfpwpEbGdrcN5Y29ycA,SomalianPerson
Hunters,Mx4rnO_PylYaEdqAAAACs71DGQ,Hunter
Horse farms,Mx4rwQrdCpwpEbGdrcN5Y29ycA,HorseFarm
Nicaraguan people,Mx4rvViup5wpEbGdrcN5Y29ycA,NicaraguanPerson
Police stations,Mx4rG6FNZrs7QdiUPd1oThnvrA,PoliceStation
Barbadian people,Mx4rvVkJF5wpEbGdrcN5Y29ycA,BarbadosPerson
Rwandan people,Mx4rvVjO1JwpEbGdrcN5Y29ycA,RwandaPerson
Calendars,Mx4rvVjPhpwpEbGdrcN5Y29ycA,CalendarSystem
Vodkas,Mx4rvViHd5wpEbGdrcN5Y29ycA,Vodka
Afghan people,Mx4rvVjT-5wpEbGdrcN5Y29ycA,AfghanPerson
Manufacturing plants,Mx8Ngx4rwEcGC5wpEbGdrcN5Y29ycB4riJxVSvrJEdmAAAACs6hO_h4rcnQ-lE0tQdmFmLZlT2xAfA,"[:CollectionIntersection2Fn, :ManufacturingFacility, :HeavyIndustryFacility]"
Yemeni people,Mx4rv5yEKpwpEbGdrcN5Y29ycA,YemenPerson
Writing systems,Mx4rvVjwlZwpEbGdrcN5Y29ycA,WritingSystem
Burmese people,Mx4rvVizIZwpEbGdrcN5Y29ycA,BurmesePerson
Weather events,Mx4rvVi2eZwpEbGdrcN5Y29ycA,WeatherEvent
Coves,Mx4rG28AGiTbQdeR8YLno_5fww,Cove
Togolese people,Mx4rvViMg5wpEbGdrcN5Y29ycA,TogoPerson
Political candidates,Mx4rv4AMiJwpEbGdrcN5Y29ycA,ElectoralCandidate
Surface-to-air missiles,Mx4rwN3U5ZwpEbGdrcN5Y29ycA,SurfaceToAirMissile
Translations,Mx4rtWuzY0q1EdiedwAH6RYvSQ,NaturalLanguageTranslation
Monumental columns,Mx4rvt102JwpEbGdrcN5Y29ycA,MonumentalColumn
Duos,Mx4rsCLgAscWEdmAAAACs6hRjg,Duet
Game designers,Mx4rLfbcvPyfQdaFdslUdDTaEQ,GameDesigner
Anti-ship missiles,Mx4rvtjSBpwpEbGdrcN5Y29ycA,AntiShipMissile
Bangladeshi people,Mx4rvViEGpwpEbGdrcN5Y29ycA,BangladeshPerson
Anthropologists,Mx4rQH6RgMX4QdiOJ49GFEvGjQ,Anthropologist
Visual arts,Mx4rwHAYNpwpEbGdrcN5Y29ycA,VisualArtActivity
Gynecologists,Mx4rvViZV5wpEbGdrcN5Y29ycA,Gynecologist
Cultures,Mx4rfG66qMsfEdmAAAACs6hRjg,Culture-Civilization
Compilers,Mx4rvVjykZwpEbGdrcN5Y29ycA,Compiler
Social workers,Mx4rvViz_ZwpEbGdrcN5Y29ycA,SocialWorker
Bahraini people,Mx4rvVicqJwpEbGdrcN5Y29ycA,BahrainPerson
Taiwanese people,Mx4rvVigQpwpEbGdrcN5Y29ycA,TaiwanesePerson
News magazines,Mx4rfrtDghRfEdiLiwACs6hRjg,NewsMagazineSeries
Comparisons,Mx4rC0gL-sCwEdmAAAACs6hRjg,Comparison-Examination
Anti-aircraft guns,Mx4rwQB7wZwpEbGdrcN5Y29ycA,AntiAircraftGun
Royal families,Mx4roVE_1PrXEdmAAAACs6M1uw,RoyalFamily
Machines,Mx4rvVjVgZwpEbGdrcN5Y29ycA,MechanicalDevice
Moons,Mx4rvVjVz5wpEbGdrcN5Y29ycA,MoonOfAPlanet
Submachine guns,Mx4rwQCVMJwpEbGdrcN5Y29ycA,SubmachineGun
Skills,Mx4rvVit4JwpEbGdrcN5Y29ycA,Competence
Diamond mines,Mx8Ngh4r3RaNMNjOQdee6OYdnYqdGB4rvgC2UJwpEbGdrcN5Y29ycA,"[:MineFn, :Diamond]"
Syrian people,Mx4rvVkLE5wpEbGdrcN5Y29ycA,SyrianPerson
Clothing retailers,Mx8Ngh4rvm4Li5wpEbGdrcN5Y29ycB4rvk3sS5wpEbGdrcN5Y29ycA,"[:""ProductProviderFn-Seller"", :""Clothing-Generic""]"
Mozambican people,Mx4rvViU8JwpEbGdrcN5Y29ycA,MozambiquePerson
Mongolian people,Mx4rvVkJapwpEbGdrcN5Y29ycA,MongolianPerson
Battlefields,Mx4rI67BIqUgQdiGzOBoxWmzTA,Battlefield
Building societies,Mx4rq__lkNwiQdiV2vwvvFwDMw,BuildingSociety
Government officials,Mx4rwQryspwpEbGdrcN5Y29ycA,PublicOfficial
Executioners,Mx4ri6XfJCwGQdiV1cp0YzKHRA,Executioner
Islamic schools,Mx4r0h7jjtQMQdiYwI-z-_0pdw,IslamicSchool
Handicrafts,Mx4rwOY2JpwpEbGdrcN5Y29ycA,CraftArtifact
Honduran people,Mx4rvVi3UZwpEbGdrcN5Y29ycA,HonduranPerson
Senegalese people,Mx4rvVizAZwpEbGdrcN5Y29ycA,SenegalPerson
Equestrian sports,Mx4rvVind5wpEbGdrcN5Y29ycA,EquestrianSportsEvent
Metaphors,Mx4rQGL6zizsQdiXaeZs7sB4dw,Metaphor
Amino acids,Mx4rvVibZJwpEbGdrcN5Y29ycA,AminoAcid
Television characters,Mx4rwP_Pk5wpEbGdrcN5Y29ycA,TVCharacter
Community centres,Mx4rABaWPiTbQdeEY-EGGr3cRg,CommunityCenter
Semitic languages,Mx4rvVixCJwpEbGdrcN5Y29ycA,SemiticLanguageFamily
Biotechnology companies,Mx4rU2m7oZ37EdiftQADR6QijQ,BiotechnologyCompany
Kyrgyzstani people,Mx4rTuCGwv3OQdeXze3kQFPMGw,KyrgyzstaniPerson
Coffee houses,Mx4rEq_WyL_AEdaAAAACs6ho1w,CoffeeHouse-Organization
Laotian people,Mx4rvViyWpwpEbGdrcN5Y29ycA,LaotianPerson
Dermatologists,Mx4rwP3ARJwpEbGdrcN5Y29ycA,Dermatologist
Charismatics,Mx4rvVi0SpwpEbGdrcN5Y29ycA,Charismatic
Maltese people,Mx4rvVin85wpEbGdrcN5Y29ycA,MaltesePerson
Observatories,Mx4rwQCNdpwpEbGdrcN5Y29ycA,AstronomicalObservatory
Fijian people,Mx4rvVjL35wpEbGdrcN5Y29ycA,FijianPerson
Cruise missiles,Mx4rvYMGC5wpEbGdrcN5Y29ycA,CruiseMissile
Ghanaian people,Mx4rvVkKxZwpEbGdrcN5Y29ycA,GhanaPerson
Aerial bombs,Mx4rvV8c0ZwpEbGdrcN5Y29ycA,AerialBomb
Official documents,Mx4rvViXG5wpEbGdrcN5Y29ycA,OfficialDocument
Bahamian people,Mx4rvVkJWpwpEbGdrcN5Y29ycA,BahamasPerson
Destroyer tenders,Mx4rvtDVCZwpEbGdrcN5Y29ycA,DestroyerTender
Turbofan engines,Mx4rwIZGzZwpEbGdrcN5Y29ycA,TurbofanEngine
Principles,Mx4rvVj-NZwpEbGdrcN5Y29ycA,EthicsCodeOfConduct
Art movements,Mx4rg9-faMiWEdmAAAACs6hRjg,ArtisticMovement
Monegasque people,Mx4rvVjHiJwpEbGdrcN5Y29ycA,MonacanPerson
Snack foods,Mx4rwNOVSJwpEbGdrcN5Y29ycA,SnackFood
Criticisms,Mx4rv20M-5wpEbGdrcN5Y29ycA,Disapproving-CommunicationAct
Racing cars,Mx4rvgETz5wpEbGdrcN5Y29ycA,RaceCar
Angolan people,Mx4rvVjC15wpEbGdrcN5Y29ycA,AngolaPerson
Yugoslav people,Mx4rvVimJZwpEbGdrcN5Y29ycA,YugoslavianPerson
Albanian people,Mx4rvVjc5pwpEbGdrcN5Y29ycA,AlbanianPerson
Floorball teams,Mx4rvmDZ8JwpEbGdrcN5Y29ycA,FloorballTeam
Qatari people,Mx4rvVjRNpwpEbGdrcN5Y29ycA,QatarPerson
Oceanographers,Mx4rvVkAjpwpEbGdrcN5Y29ycA,Oceanographer
Belarusian people,Mx4rc0angC0SQdiedoMm8n1DZw,BelarusianPerson
Trawlers,Mx4rwQCNo5wpEbGdrcN5Y29ycA,Trawler
Tajikistani people,Mx4rv1y-NpwpEbGdrcN5Y29ycA,TajikistaniPerson
Grenadian people,Mx4rvVkIkZwpEbGdrcN5Y29ycA,GrenadaPerson
Architectural styles,Mx4rgkiTmnSwEdaAAACgyZzFrg,ArchitecturalTypeByStyle
Pagans,Mx4r20uiwCy6QdiQMOLEoo_5Yw,Pagan
Clock towers,Mx4rv0Rx4pwpEbGdrcN5Y29ycA,ClockTower
Foresters,Mx4rvVjv05wpEbGdrcN5Y29ycA,Forester
Cable-stayed bridges,Mx4rXeBlaJUeEdqAAAACs6hRXg,CableStayedBridge
Medical researchers,Mx8NhB4rwAiHbpwpEbGdrcN5Y29ycB4rvViaI5wpEbGdrcN5Y29ycB4rvVj8IpwpEbGdrcN5Y29ycB4rvVixL5wpEbGdrcN5Y29ycA,"[:SubcollectionOfWithRelationToFn, :Researcher, :fieldsOfActivity, :""Medicine-FieldOfStudy""]"
Reconnaissance vehicles,Mx4rvbxB25wpEbGdrcN5Y29ycA,ReconnaissanceVehicle
Nepalese people,Mx4rvVipe5wpEbGdrcN5Y29ycA,NepalesePerson
Asian countries,Mx4r6T70jMb1EdmAAAACs6hRjg,AsianCountry
Polynesian people,Mx4rvVjI3JwpEbGdrcN5Y29ycA,PolynesianPerson
Libyan people,Mx4rvViQwJwpEbGdrcN5Y29ycA,LibyanPerson
Arcade games,Mx4rwNxP05wpEbGdrcN5Y29ycA,ArcadeGameProgram
Bats,Mx4rvViSgJwpEbGdrcN5Y29ycA,Bat-Mammal
Containers,Mx4rvVjOGJwpEbGdrcN5Y29ycA,Container
Notaries,Mx4rvsPfOJwpEbGdrcN5Y29ycA,NotaryPublic
Sudanese people,Mx4rvViHYpwpEbGdrcN5Y29ycA,SudanPerson
Bass guitars,Mx4rvp9d55wpEbGdrcN5Y29ycA,BassGuitar-Electric
Racquets,Mx4rwQw_ApwpEbGdrcN5Y29ycA,Racket-SportsEquipment
Belizean people,Mx4rvViGTJwpEbGdrcN5Y29ycA,BelizeanPerson
Pornographic films,Mx4rvn_DCJwpEbGdrcN5Y29ycA,PornographicMovie
Flights,Mx4rygM9HhdaQdeDe7--AO5V7w,FlyingViaAirTransportationDevice
Manx people,Mx4rvVjtEJwpEbGdrcN5Y29ycA,ManxPerson
Tanzanian people,Mx4rvVia3ZwpEbGdrcN5Y29ycA,TanzanianPerson
Chadian people,Mx4rvVjbXpwpEbGdrcN5Y29ycA,ChadPerson
Academic institutions,Mx4rvViNQZwpEbGdrcN5Y29ycA,EducationalOrganization
Docks,Mx4rvgES8pwpEbGdrcN5Y29ycA,Dock
Moroccan people,Mx4rvVjOCpwpEbGdrcN5Y29ycA,MoroccanPerson
Eunuchs,Mx4rwQrjFpwpEbGdrcN5Y29ycA,Eunuch
Liechtenstein people,Mx4rvVi6PJwpEbGdrcN5Y29ycA,LiechtensteinPerson
Dominica people,Mx4rvVkFeJwpEbGdrcN5Y29ycA,DominicaPerson
Fleets,Mx4rJESjmHS-EdaAAACgyZzFrg,Fleet-MilitaryEchelon
Zambian people,Mx4rvWGQQJwpEbGdrcN5Y29ycA,ZambiaPerson
Irish soldiers,Mx8Ngx4rwEcGC5wpEbGdrcN5Y29ycB4rvVioqJwpEbGdrcN5Y29ycB4rvVjrTpwpEbGdrcN5Y29ycA,"[:CollectionIntersection2Fn, :IrishPerson, :Soldier]"
Pharmacologists,Mx4rwQrmQpwpEbGdrcN5Y29ycA,ClinicalPharmacologist
Burundian people,Mx4rvVj5yJwpEbGdrcN5Y29ycA,BurundiPerson
Vanuatuan people,Mx4rvVi1_JwpEbGdrcN5Y29ycA,VanuatuPerson
Guyanese people,Mx4rvVj1KpwpEbGdrcN5Y29ycA,GuyanaPerson
Israeli settlements,Mx4rbepsnIIdEdqAAAACs6hO_g,IsraeliSettlement
Diesel engines,Mx4rvViSFpwpEbGdrcN5Y29ycA,DieselEngine
French women,Mx8Ngx4rwEcGC5wpEbGdrcN5Y29ycB4rvVix8ZwpEbGdrcN5Y29ycB4rwQw1P5wpEbGdrcN5Y29ycA,"[:CollectionIntersection2Fn, :AdultFemaleHuman, :FrenchPerson]"
Liberian people,Mx4rvVjJFJwpEbGdrcN5Y29ycA,LiberianPerson
Kuwaiti people,Mx4rvVjFSJwpEbGdrcN5Y29ycA,KuwaitiPerson
Wiccans,Mx4rvkMtGZwpEbGdrcN5Y29ycA,Wiccan
Holding companies,Mx4rwQwjW5wpEbGdrcN5Y29ycA,HoldingCompany
Vietnamese people,Mx4rvVioFJwpEbGdrcN5Y29ycA,VietnamesePerson
Proposed laws,Mx4rprrLrnm4QdeCAddbPhbqXw,Bill-ProposedLaw
Earth sciences,Mx4rwE4AM5wpEbGdrcN5Y29ycA,EarthScience
Comedy troupes,Mx4rv_nEkZwpEbGdrcN5Y29ycA,ComedyTeam
Energy organizations,Mx4rv6VwUZwpEbGdrcN5Y29ycA,EnergyOrganization
Literary genres,Mx4rh_gFRnSwEdaAAACgyZzFrg,LiteraryWorkTypeByGenre
Anti-aircraft weapons,Mx4rvsMA45wpEbGdrcN5Y29ycA,AntiAircraftWeapon
Construction projects,Mx4rwP1YtpwpEbGdrcN5Y29ycA,ConstructionProject
Iranian languages,Mx4rv2DotJwpEbGdrcN5Y29ycA,IranianLanguageFamily
Online games,Mx4rvu0mcJwpEbGdrcN5Y29ycA,OnlineGameProgram
Differential equations,Mx4rLoJQoM3nEdmAAAACs6hRjg,DifferentialEquation
Air-to-air missiles,Mx4rv043t5wpEbGdrcN5Y29ycA,AirToAirMissile
Sailing ships,Mx4ro4XKcC6gEdqAAAACs71DGQ,SailingShip
Chemists,Mx4rvVjKrpwpEbGdrcN5Y29ycA,Chemist
Amphibious vehicles,Mx4rwGid-JwpEbGdrcN5Y29ycA,AmphibiousVehicle
Building materials,Mx4rwQr0i5wpEbGdrcN5Y29ycA,BuildingMaterial
Anime films,Mx4rvg4u_ZwpEbGdrcN5Y29ycA,AnimeMovie
Consumer electronics,Mx4r4rDPYCs8EdiUgAAH6RYvSQ,ConsumerElectronicDevice
Turkmenistan people,Mx4rv9EyX5wpEbGdrcN5Y29ycA,TurkmenistanPerson
Salt flats,Mx4r8sQBHoLFEdqAAAACs6hO_g,SaltFlat
Audio engineers,Mx4rvzc_n5wpEbGdrcN5Y29ycA,AudioRecordingEngineer
Airborne divisions,Mx4r3nMcPO0-QdeBzvdPIWQXNA,AirborneDivision
Genetic disorders,Mx4rv1gr5JwpEbGdrcN5Y29ycA,GeneticDisorder
Mints,Mx4rvyYpa5wpEbGdrcN5Y29ycA,Mint-Factory
Licenses,Mx4rvViu3pwpEbGdrcN5Y29ycA,License-LegalAgreement
Scholarships,Mx4rvZcrK5wpEbGdrcN5Y29ycA,ScholarshipAgreement
Turbojet engines,Mx4rwEFdKpwpEbGdrcN5Y29ycA,TurbojetEngine
Hazards,Mx4rwPG60pwpEbGdrcN5Y29ycA,DangerousSituation
Funds,Mx4rL5nh_DzcQdmLXqh-0R5-8A,CollectivelyManagedFundOrganization
Airmen,Mx4rvVinzZwpEbGdrcN5Y29ycA,AirForcePersonnel
Millipedes,Mx4rIYRG4DVIEdyAAAACs6hRXg,Millipede
Word processors,Mx4rvVj6YZwpEbGdrcN5Y29ycA,WordProcessingProgram-Visual
Subcommittees,Mx4rv34HLpwpEbGdrcN5Y29ycA,Subcommittee-Organization
Rocket engines,Mx4rwJQEcJwpEbGdrcN5Y29ycA,RocketEngine
Islamic organizations,Mx4rLHhEAiBjEdiNYwACs6hnlQ,MuslimOrganization
Mauritanian people,Mx4rvViywJwpEbGdrcN5Y29ycA,MauritanianPerson
Charts,Mx4rCzxjfGEUEdqAAAACs71DGQ,Chart
Health ministers,Mx4rpvTMJIrFEduAAAACs6hRXg,MinisterOfHealth
Arteries,Mx4rvVjknZwpEbGdrcN5Y29ycA,Artery
Ocean liners,Mx4rwQCIw5wpEbGdrcN5Y29ycA,OceanLiner
Political philosophers,Mx4rvkBZgZwpEbGdrcN5Y29ycA,PoliticalPhilosopher
Beninese people,Mx4rvVjyJ5wpEbGdrcN5Y29ycA,BeninPerson
Paramilitary organizations,Mx4rwEQwwJwpEbGdrcN5Y29ycA,ParamilitaryOrganization
Stereotypes,Mx4rxUBVhjDSQdiBPZwCugiNsA,Stereotype
Macintosh computers,Mx4rvViqupwpEbGdrcN5Y29ycA,MacintoshComputer
Air-to-surface missiles,Mx4rv878K5wpEbGdrcN5Y29ycA,AirToSurfaceMissile
Mauritian people,Mx4rvVj3-JwpEbGdrcN5Y29ycA,MauritiusPerson
Subcultures,Mx4rwO1925wpEbGdrcN5Y29ycA,EccentricSubculture
Helmets,Mx4rvVi1oJwpEbGdrcN5Y29ycA,Helmet
Cruise ships,Mx4rwQCb9JwpEbGdrcN5Y29ycA,CruiseShip
Cameroonian people,Mx4rvVkCjJwpEbGdrcN5Y29ycA,CameroonPerson
Parents,Mx4rrD4nwhPAQdiBgpEkGcmqbg,Parent
Anti-tank rockets,Mx4rc1uM_LsWEdmAAAACs2IKaQ,AntiTankWeapon-Rocket
Gambian people,Mx4rvVippZwpEbGdrcN5Y29ycA,GambiaPerson
Appellate courts,Mx4rvyv-3JwpEbGdrcN5Y29ycA,AppealsCourt
Endocrinologists,Mx4rvVj1sZwpEbGdrcN5Y29ycA,Endocrinologist
Maldivian people,Mx4rvViRn5wpEbGdrcN5Y29ycA,MaldivesPerson
Mainframe computers,Mx4rvVjWl5wpEbGdrcN5Y29ycA,MainframeComputer
Niuean people,Mx4rvVi1WZwpEbGdrcN5Y29ycA,NiueanPerson
Circus performers,Mx4rQhDAcl6RQdmSlPM2Fmr2jw,CircusPerformer
Romance languages,Mx4rvex51pwpEbGdrcN5Y29ycA,RomanceLanguageFamily
Campsites,Mx4rvWZOvJwpEbGdrcN5Y29ycA,Campsite
Bruneian people,Mx4rvVjf8JwpEbGdrcN5Y29ycA,BruneiPerson
Pinball machines,Mx4rv29ZT5wpEbGdrcN5Y29ycA,PinballMachine
Surfaces,Mx4rvg1ZeJwpEbGdrcN5Y29ycA,Surface
Nicknames,Mx4rvVjn0JwpEbGdrcN5Y29ycA,Nickname
Text editors,Mx4rYhcAwDqzEdac-wACs0uFOQ,TextEditorProgram
Water sports,Mx4rwO0J35wpEbGdrcN5Y29ycA,WaterSportActivity
Military uniforms,Mx4rvgHgkZwpEbGdrcN5Y29ycA,MilitaryUniform
Oil pipelines,Mx4rvraFUpwpEbGdrcN5Y29ycA,OilPipeline
Malawian people,Mx4rvVkDEpwpEbGdrcN5Y29ycA,MalawiPerson
Digests,Mx4rvViNmJwpEbGdrcN5Y29ycA,DigestionEvent
Air forces,Mx4rwQwazJwpEbGdrcN5Y29ycA,AirForce
Religious schools,Mx4rnzehctQMQdiZ3b45MkTnLw,ReligiousSchool
Natural resources,Mx4rwMc3h5wpEbGdrcN5Y29ycA,NaturalResourceType
Art exhibitions,Mx4rwM_OJZwpEbGdrcN5Y29ycA,ArtExhibit
Goalkeepers,Mx4rvqQv5ZwpEbGdrcN5Y29ycA,SoccerGoalkeeper
Autonomous regions,Mx4rvmBuaJwpEbGdrcN5Y29ycA,AutonomousRegion
Information systems,Mx4rwQLQ_JwpEbGdrcN5Y29ycA,InformationSystem
Forgeries,Mx4rqI3GLsrkQdiPPsvDXof3Hg,Forgery
Thought experiments,Mx4rwDQUKpwpEbGdrcN5Y29ycA,ThoughtExperimenting
Tongan people,Mx4rvVjF5JwpEbGdrcN5Y29ycA,TonganPerson
Bombs,Mx4rwQriRZwpEbGdrcN5Y29ycA,Bomb
Arch bridges,Mx4rjdX_hJUaEdqAAAACs6hRXg,ArchBridge
Military bands,Mx4r3HKkVFu7EdaAAABQ2sS97g,MilitaryBand
Jets,Mx4rvViz7pwpEbGdrcN5Y29ycA,JetPropelledAircraft
Avengers,Mx4rvoOzYZwpEbGdrcN5Y29ycA,DodgeAvengerCar
Clans,Mx4rwQB8YpwpEbGdrcN5Y29ycA,Tribe
Prelates,Mx4rBoVGGMkrEdmAAAACs6hRjg,Archpriest
Parkways,Mx4rvVjVYZwpEbGdrcN5Y29ycA,Highway
Servers,Mx4rvV6RRJwpEbGdrcN5Y29ycA,ServerProgram
Clippers,Mx4rvgEWB5wpEbGdrcN5Y29ycA,ClipperShip
Style guides,Mx4rv3EEsJwpEbGdrcN5Y29ycA,WritingStyleGuide
Fishing vessels,Mx4rvgWe-5wpEbGdrcN5Y29ycA,CommercialFishingBoat
Soft drinks,Mx4rvVjR5pwpEbGdrcN5Y29ycA,SoftDrink
Baseball pitchers,Mx4rvVkIp5wpEbGdrcN5Y29ycA,BaseballPitcher
Solar cells,Mx4rvVi4sJwpEbGdrcN5Y29ycA,SolarCell
Cinder cones,Mx4ryvwmwjPGEduAAAACs6hRXg,CinderCone
Money managers,Mx4rvhSw4pwpEbGdrcN5Y29ycA,MoneyManager
Examinations,Mx4r7Q3IFMCvEdmAAAACs6hRjg,Examination-Investigation
Psychiatrists,Mx4rvVi0QZwpEbGdrcN5Y29ycA,Psychiatrist
Armored divisions,Mx4r9o6nBJ8gEdaAAACQJ5pcGA,ArmoredDivision
Ethers,Mx4r40VRWKBKQdeUrcaTltZkkg,Ether
Manifolds,Mx4r3OJDJthGEdmAAAAH6Q2cKw,LocallyEuclideanSpatialThing
Convenience stores,Mx4rvVkGcJwpEbGdrcN5Y29ycA,ConvenienceStore
Viscountesses,Mx4rvktPZpwpEbGdrcN5Y29ycA,Viscountess
Concerts,Mx8Ngx4rwEcGC5wpEbGdrcN5Y29ycB4rvViPGJwpEbGdrcN5Y29ycB4rvVjH1pwpEbGdrcN5Y29ycA,"[:CollectionIntersection2Fn, :PublicEvent, :MusicalPerformance]"
Moraines,Mx4r35M4krgpEdmAAAACs0x8nw,Moraine-Topographical
Public utilities,Mx4rvViGtZwpEbGdrcN5Y29ycA,UtilityCompany
Social classes,Mx4rvVjCBpwpEbGdrcN5Y29ycA,PersonTypeBySocialClass
Nuclear reactors,Mx4rwJH52JwpEbGdrcN5Y29ycA,NuclearReactor
Tugboats,Mx4rwQCbHpwpEbGdrcN5Y29ycA,Tugboat
Stratovolcanoes,Mx4rU1HXyjPGEduAAAACs6hRXg,Stratovolcano
Racquetball players,Mx4ryZIaKWzqTrGwlXZHzKnSdA,RacquetballPlayer
Lawsuits,Mx4rvVj8upwpEbGdrcN5Y29ycA,Lawsuit
Patrol boats,Mx4rv1Ov5pwpEbGdrcN5Y29ycA,PatrolBoat
Antibodies,Mx4rImDPUpx2Ed2AAABQjYGu0g,AntibodyMolecule
Test pilots,Mx4rf7HSZsSXQdiPL9pprDpTfQ,TestPilot
Passions,Mx4rvViwd5wpEbGdrcN5Y29ycA,Passion
Dresses,Mx4rvVi0N5wpEbGdrcN5Y29ycA,Dress
Interfaces,Mx4rvViOxZwpEbGdrcN5Y29ycA,InterfaceProgram
Hieroglyphs,Mx4rvVkGlZwpEbGdrcN5Y29ycA,Hieroglyph
Sportsmen,Mx4rvVi--5wpEbGdrcN5Y29ycA,Athlete
Intelligence operations,Mx4rwPx5tZwpEbGdrcN5Y29ycA,IntelligenceGathering
Roundabouts,Mx4rwQzH5ZwpEbGdrcN5Y29ycA,RoadwayJunction
Grain elevators,Mx4rA6rEcI7GEdqAAAACs71DGQ,GrainElevator
Ethicists,Mx4rugZ-TitAQdiMZ-wb7y15rA,Ethicist
Grenade launchers,Mx4rvcqZNpwpEbGdrcN5Y29ycA,GrenadeLauncher
Idols,Mx4rAFBaXCdcQdifA8DHTzNL5A,Idol-Metaphorically
Nursing homes,Mx4rwP1Z7JwpEbGdrcN5Y29ycA,LongTermMedicalCareProvidingOrganization
Rooms,Mx4rvVifspwpEbGdrcN5Y29ycA,RoomInAConstruction
Baseball umpires,Mx4rvVjQmpwpEbGdrcN5Y29ycA,BaseballUmpire
Encodings,Mx4rvc5Ho5wpEbGdrcN5Y29ycA,Encoding
Inequalities,Mx4rx7sfUi_3QdiFk9ns9M_aHA,Inequality
Family trees,Mx4rvtBVwJwpEbGdrcN5Y29ycA,FamilyTree
Probability distributions,Mx4rp-S8dIIREdqAAACQJw5drg,ProbabilityDistributionFunction
Relics,Mx4rTnpiPHS_EdaAAACgyZzFrg,Antique
Scooters,Mx4rwQCdQJwpEbGdrcN5Y29ycA,Scooter
Agriculture ministers,Mx4r5rTVwFB1QdmVJ4qRY3H0KQ,MinisterOfAgriculture
Anti-tank missiles,Mx4rwHPZEZwpEbGdrcN5Y29ycA,AntiTankGuidedWeapon
Popes,Mx4rwQBxYpwpEbGdrcN5Y29ycA,Pope
Switches,Mx4rvVkI_5wpEbGdrcN5Y29ycA,ElectricalSwitch
Cattlemen,Mx4rvgIFy5wpEbGdrcN5Y29ycA,Cowboy
Stereophonics,Mx4rnrMQwHS9EdaAAACgyZzFrg,Stereophonic
Spokesmen,Mx4rwQr5zpwpEbGdrcN5Y29ycA,Spokesman
Assassinations,Mx4rvckb65wpEbGdrcN5Y29ycA,AssassinatingSomeone
Colors,Mx4rr19QJHStEdaAAACgyZzFrg,Color
Parties,Mx4rvViK8ZwpEbGdrcN5Y29ycA,Party-Celebration
Clerks,Mx4rvViMtpwpEbGdrcN5Y29ycA,ClericalWorker
Insurgents,Mx4rPgOJJStlEdiUgQAH6RYvSQ,Insurgent
Auto dealerships,Mx4rvVju15wpEbGdrcN5Y29ycA,AutoDealership
Legal codes,Mx4rvWXHupwpEbGdrcN5Y29ycA,LegalCode
Humans,Mx4rvViAkpwpEbGdrcN5Y29ycA,Person
Radio personalities,Mx4rvy3DbpwpEbGdrcN5Y29ycA,RadioPersonality
Navigators,Mx4rng5wTsiWEdmAAAACs6hRjg,Navigator-Explorer
Task forces,Mx4roKfXhHS-EdaAAACgyZzFrg,TaskForce-Military
Flavors,Mx4rRNpZ7HSyEdaAAACgyZzFrg,ObjectTypeByTaste
Motels,Mx4rvVibCZwpEbGdrcN5Y29ycA,LodgingOrganization
Respiratory diseases,Mx4rvWPCEpwpEbGdrcN5Y29ycA,RespiratoryAilment
Bonds,Mx4rvViEIJwpEbGdrcN5Y29ycA,Bond-Agreement
Outlaws,Mx4rwJi2PZwpEbGdrcN5Y29ycA,Outlaw
Emotions,Mx4rvViC_pwpEbGdrcN5Y29ycA,FeelingAttribute
Bicycles,Mx4rvVjo0JwpEbGdrcN5Y29ycA,Bicycle
Blizzards,Mx4rgu3isixEQdiWF8NLzXXpgw,SnowstormAsObject
Integrated circuits,Mx4ro4zGgzH8EdaeygACs0uFOQ,IntegratedCircuit
Junior colleges,Mx4rwLrn_ZwpEbGdrcN5Y29ycA,College-2Year
Space probes,Mx4rwRwvaZwpEbGdrcN5Y29ycA,SpaceProbe
Intrusions,Mx4rv_Yl5pwpEbGdrcN5Y29ycA,Intrusion
Heart diseases,Mx4rwQr9o5wpEbGdrcN5Y29ycA,HeartCondition
Miners,Mx4rbUDAbiTfQdeF0qPDTcOt5A,Miner
Religious groups,Mx4rvVjbBJwpEbGdrcN5Y29ycA,ReligiousOrganization
Manifestos,Mx4rvHUinCeLQdiC1r9-7rKEww,Manifesto
Television commercials,Mx4rwSwol5wpEbGdrcN5Y29ycA,TVCommercial-CW
Muppets,Mx4rvffeFJwpEbGdrcN5Y29ycA,Muppet-FictionalCharacter
Black holes,Mx4rwScAYpwpEbGdrcN5Y29ycA,BlackHole
Slogans,Mx4rwQr8bJwpEbGdrcN5Y29ycA,Advertisement-Commercial-IBT
Furnaces,Mx4rvVjN2ZwpEbGdrcN5Y29ycA,Furnace
Honor societies,Mx4rv4lMN5wpEbGdrcN5Y29ycA,HonorSociety
Suffixes,Mx4rv8GY6ZwpEbGdrcN5Y29ycA,LexicalSuffix
Textiles,Mx4rvVibU5wpEbGdrcN5Y29ycA,TextileArtifact
Office suites,Mx4rvhy1FJwpEbGdrcN5Y29ycA,ComputerOfficeSuiteProgram
Duets,Mx4rsCLgAscWEdmAAAACs6hRjg,Duet
Molecules,Mx4rvVjwspwpEbGdrcN5Y29ycA,Molecule
Cultural conventions,Mx4rrKPkBE16EdqAAAACs6hbjw,CulturalConvention-Specification
Craters,Mx4rwPKjXpwpEbGdrcN5Y29ycA,Crater
Orbits,Mx4rvgEQJ5wpEbGdrcN5Y29ycA,OrbitalPath
Chemical compounds,Mx4rvUCoPtoTQdaZVdw2OtjsAg,ChemicalCompoundTypeByChemicalSpecies
Image viewers,Mx4rUoQYhRBdEdaS5gACs0uFOQ,ImageFileViewingProgram
Advisors,Mx4r0hlXAuvlQdieFbf06sqfNg,Advisor
Innovators,Mx4rwIzUepwpEbGdrcN5Y29ycA,Pioneer
Notes,Mx4rvViJj5wpEbGdrcN5Y29ycA,Bill-Currency
Fasteners,Mx4rvVjIkZwpEbGdrcN5Y29ycA,FastenerConnection
Figurines,Mx4rv5fJrJwpEbGdrcN5Y29ycA,Figurine
Orangutans,Mx4rvVjs6ZwpEbGdrcN5Y29ycA,Orangutan
Genital piercings,Mx4rvtWjbJwpEbGdrcN5Y29ycA,BodyPartPiercing
Suicide bombers,Mx4rAm8kUNGrEdeRqQADR6QijQ,SuicideBomber
Housewives,Mx4rvVjkUpwpEbGdrcN5Y29ycA,Homemaker
Cubes,Mx4rwP4qT5wpEbGdrcN5Y29ycA,Cube
Buttes,Mx4r7lLJhiTVQdeaVoLynwa-Sw,Butte
Mummies,Mx4rUFCtqOp0EdqAAAACs71DGQ,MummifiedRemains-Human
Sinkholes,Mx4rv4v4eZwpEbGdrcN5Y29ycA,Sinkhole
Urban areas,Mx4rvVjK7JwpEbGdrcN5Y29ycA,UrbanArea
Pulmonologists,Mx4rvWMbNJwpEbGdrcN5Y29ycA,Pulmonologist
Portages,Mx4rQgRTqLgqEdmAAAACs0x8nw,Portage
Bags,Mx4rvViVAJwpEbGdrcN5Y29ycA,Bag
Musical compositions,Mx4rwUwN3ZwpEbGdrcN5Y29ycA,MusicalComposition
Toothed whales,Mx4rvVja4pwpEbGdrcN5Y29ycA,ToothedWhale
Nutritionists,Mx4rvVjkGJwpEbGdrcN5Y29ycA,Nutritionist
Phosphines,Mx4rS5UMnr6-QdefodvxPvW-bA,Phosphine
Space stations,Mx4rvb36jJwpEbGdrcN5Y29ycA,SpaceStation
Earldoms,Mx4rntaQULgqEdmAAAACs0x8nw,Earldom
Puddings,Mx4rv4EQ9JwpEbGdrcN5Y29ycA,Pudding
Pandemics,Mx4rpyBwcq_YEdyJ7wACs6hRYQ,Pandemic
Rums,Mx4rvVjX4pwpEbGdrcN5Y29ycA,Rum
Medical treatments,Mx4rvVi6T5wpEbGdrcN5Y29ycA,MedicalTreatmentEvent
Baseball catchers,Mx4rvVimV5wpEbGdrcN5Y29ycA,BaseballCatcher
Baseball outfielders,Mx4rvVjNRJwpEbGdrcN5Y29ycA,BaseballOutfielder
Baseball shortstops,Mx4rv-ikj5wpEbGdrcN5Y29ycA,BaseballShortstop
Investment banks,Mx4rvZC1ZZwpEbGdrcN5Y29ycA,InvestmentBank
Port authorities,Mx4rfGivRjyDEdyAAAACs6hbjw,PortAuthority
Cross-dressers,Mx4rwMxmz5wpEbGdrcN5Y29ycA,TransvestitePerson
Sayings,Mx4rqp8eojGUQdiE9aWWLkObVQ,Proverb
Golf drivers,Mx4rwPzhiZwpEbGdrcN5Y29ycA,Driver-GolfClub
Tubers,Mx4raeDj5Cw8QdiT7e8pb2JzAA,Tuber
Tides,Mx4rvnUyL5wpEbGdrcN5Y29ycA,Tide-Lunar
Medical procedures,Mx4rwApx65wpEbGdrcN5Y29ycA,MedicalProcedure
Preservationists,Mx4r_xuotCqhQdiMsNrSrPMK4Q,Preservationist
Teletubbies,Mx4rv2Y-ppwpEbGdrcN5Y29ycA,Teletubby-FictionalCharacter
Yoghurts,Mx4rvVjlNJwpEbGdrcN5Y29ycA,Yogurt
Intelligence analysts,Mx4rqJUa6LrMEdaAAAACs6Mw3A,IntelligenceAnalyst
Hydroplanes,Mx4rwQCIVJwpEbGdrcN5Y29ycA,FloatPlane
Fan clubs,Mx4rvs-aSJwpEbGdrcN5Y29ycA,FanClub
Peroxides,Mx8Ngh4rwBhyv5wpEbGdrcN5Y29ycB4rvkN32JwpEbGdrcN5Y29ycA,"[:ChemicalSubstanceFn, :HydrogenPeroxideMolecule]"
Antiques,Mx4rTnpiPHS_EdaAAACgyZzFrg,Antique
Private collections,Mx4rvwOwkZwpEbGdrcN5Y29ycA,PrivateCollection
Computer terminals,Mx4rv8N_DJwpEbGdrcN5Y29ycA,ComputerTerminal
Proofs,Mx4rQSjGwBxpQdiJIf5El_KKkA,Proof
Fellowships,Mx4rvZcrK5wpEbGdrcN5Y29ycA,ScholarshipAgreement
Campaign managers,Mx4rvWO8wpwpEbGdrcN5Y29ycA,CampaignManager
Recorders,Mx4rvVj-65wpEbGdrcN5Y29ycA,InformationRecordingDevice
Globes,Mx4rvgDAn5wpEbGdrcN5Y29ycA,Sphere
Axes,Mx4rvVjZ8JwpEbGdrcN5Y29ycA,Axe
Motorcycle clubs,Mx4rvxjbN5wpEbGdrcN5Y29ycA,MotorcycleClub
Approximations,Mx4rvVjSRZwpEbGdrcN5Y29ycA,Estimate
Balls,Mx4rvVjqGZwpEbGdrcN5Y29ycA,Ball
Device drivers,Mx4rvVirAZwpEbGdrcN5Y29ycA,DeviceDriverProgram
Support groups,Mx4rvkE5WJwpEbGdrcN5Y29ycA,SupportGroup
Flycatchers,Mx4rvzOvDpwpEbGdrcN5Y29ycA,Flycatcher
Pangolins,Mx4r3KFIDomoQdmQOapd-6786A,Pangolin
Nitrates,Mx4rMBg0MqgPEdudWQACs5b6Bw,Nitrate
Land mines,Mx4rvfdTwZwpEbGdrcN5Y29ycA,LandMine
Antifungals,Mx4rwP1KH5wpEbGdrcN5Y29ycA,Antifungal
Auto parts,Mx4rvVisRpwpEbGdrcN5Y29ycA,AutoPart
Fibers,Mx4rv-_l9JwpEbGdrcN5Y29ycA,Fiber
Otters,Mx4rvVjR2pwpEbGdrcN5Y29ycA,Otter
Demographers,Mx4rrLlO4C9DQdiJFodxc3XD_w,Demographer
Routers,Mx4rvf1wQZwpEbGdrcN5Y29ycA,Router-Network
Escorts,Mx4rvVjoWpwpEbGdrcN5Y29ycA,Escort-EntertainmentProvider
Bearings,Mx4r9snl0d92EdaeFgACs6MxsQ,BallBearing
Scientific instruments,Mx4rwQCJVJwpEbGdrcN5Y29ycA,ScientificInstrument
Tank guns,Mx4rwJzqcJwpEbGdrcN5Y29ycA,TankCannon
Truck drivers,Mx4rvVilcJwpEbGdrcN5Y29ycA,TruckDriver
Computer peripherals,Mx4rvVjd9ZwpEbGdrcN5Y29ycA,ComputerPeripheralDevice
Blackbirds,Mx4rvViHS5wpEbGdrcN5Y29ycA,Crow
Eskimos,Mx4rvVihf5wpEbGdrcN5Y29ycA,EthnicGroupOfInuit
Basses,Mx4rvw-fT5wpEbGdrcN5Y29ycA,Bass-Singer
Labor ministers,Mx8NhB4rvcD6KJwpEbGdrcN5Y29ycB4rvViAkpwpEbGdrcN5Y29ycB4rLvr0-FIkEdqAAAAOpmP6eB4rvVjVT5wpEbGdrcN5Y29ycA,"[:SubcollectionOfWithRelationFromTypeFn, :Person, :laborMinister, :Organization]"
Triangles,Mx4rvVjrapwpEbGdrcN5Y29ycA,Triangle
Coast guards,Mx4rvtf21pwpEbGdrcN5Y29ycA,CoastGuardOrganization
Atmospheric sciences,Mx4rv4m9AZwpEbGdrcN5Y29ycA,AtmosphericScience
Missile launchers,Mx4rvXAGyJwpEbGdrcN5Y29ycA,MissileLauncher
British diplomats,Mx8Ngx4rwEcGC5wpEbGdrcN5Y29ycB4rvVj_jpwpEbGdrcN5Y29ycB4rv5VvH5wpEbGdrcN5Y29ycA,"[:CollectionIntersection2Fn, :BritishPerson, :Diplomat]"
Star clusters,Mx4rwTU7epwpEbGdrcN5Y29ycA,StarCluster
Breakfast cereals,Mx4rvVjxRJwpEbGdrcN5Y29ycA,BreakfastCereal
Infographics,Mx4rtcdWImETEdqAAAACs71DGQ,Infographic
Cairns,Mx4rvUMewiTaQdePQqzndpwYgw,Cairn
Ballrooms,Mx4rISguhqUZQdiGyqKbE4O6Fg,Ballroom
Drawings,Mx4rwQw3a5wpEbGdrcN5Y29ycA,Drawing-Depiction
Lamps,Mx4rvVil7JwpEbGdrcN5Y29ycA,LightingDevice
Foundries,Mx4rI2ggbiTeQdeVabrJUUtQEQ,Foundry-Building
Urban legends,Mx4rv3xA-pwpEbGdrcN5Y29ycA,UrbanLegend
Windows,Mx4rvVj5V5wpEbGdrcN5Y29ycA,WindowPortal
Flight attendants,Mx4rvVjq_ZwpEbGdrcN5Y29ycA,FlightAttendant
Caddies,Mx4r16AJbOQ9EdqAAAACs71DGQ,Caddy
Bottles,Mx4rvVjslpwpEbGdrcN5Y29ycA,Bottle
Poppy seeds,Mx8Ngh4rwP4F85wpEbGdrcN5Y29ycB4rvVihfZwpEbGdrcN5Y29ycA,"[:SeedFn, :OpiumPoppyPlant]"
Personal taxes,Mx4rv-FfRpwpEbGdrcN5Y29ycA,PersonalTax
Transducers,Mx4rRLrrNqUjEd2AAABQjYGu0g,Transducer
Checklists,Mx4rvVjYvpwpEbGdrcN5Y29ycA,List-Information
Funerals,Mx4rvVj9YJwpEbGdrcN5Y29ycA,Funeral
Indexes,Mx4rvtD0JZwpEbGdrcN5Y29ycA,Index-PointerList
Religious texts,Mx4rvtUbp5wpEbGdrcN5Y29ycA,SacredText
Circassians,Mx4rvVjGTJwpEbGdrcN5Y29ycA,EthnicGroupOfCircassians
Homeless shelters,Mx4rPe8QJP_MEdqAAAACs71DGQ,HomelessShelter
Econometricians,Mx4rv5ATPZwpEbGdrcN5Y29ycA,Econometrician
Food ingredients,Mx4rvVjaKpwpEbGdrcN5Y29ycA,FoodIngredientOnly
Fragrances,Mx4rvVjKfJwpEbGdrcN5Y29ycA,Perfume
Motorboats,Mx4rvVjXLZwpEbGdrcN5Y29ycA,Motorboat
Bases,Mx4rEcLG1ArWEdaAAABQ2sS97g,ChemicallyBasicSubstance
Edicts,Mx4rq4MVQi_tQdiJmNWo97TmnA,Edict
White dwarfs,Mx4rvosgJZwpEbGdrcN5Y29ycA,DwarfStar
Anemias,Mx4rwThHvJwpEbGdrcN5Y29ycA,Anemia
Superstitions,Mx4rvc0szpwpEbGdrcN5Y29ycA,Superstition
Sailing vessels,Mx4rK9SXFirdEdqAAAACs71DGQ,SailingVessel
Neurological disorders,Mx4rwQeMqJwpEbGdrcN5Y29ycA,NeurologicalDisease
Chisels,Mx4rwTnqwZwpEbGdrcN5Y29ycA,Chisel
Electric motors,Mx4rvViod5wpEbGdrcN5Y29ycA,ElectricalMotor
Peppers,Mx4rwQCbBJwpEbGdrcN5Y29ycA,PepperPlant
Murders,Mx4rwQrtcJwpEbGdrcN5Y29ycA,Murder
Animal shelters,Mx4rwScplv_LEdqAAAACs71DGQ,AnimalShelter
Protease inhibitors,Mx4rUKRDPN1OQdacecIas_fL_Q,ProteaseInhibitor
Sororities,Mx4rvVkHhpwpEbGdrcN5Y29ycA,CollegeFraternalGreekOrganization
Compact cars,Mx4rvVjtkpwpEbGdrcN5Y29ycA,CompactCar
Galls,Mx4re5y83idaQdiGTvKSXRQ5UA,Gall
Tour guides,Mx4rwLkWOJwpEbGdrcN5Y29ycA,TourGuide
Financial markets,Mx8Ngh4rgOxtTBD1EduAAADggVbxzR4rvldq0ZwpEbGdrcN5Y29ycA,"[:MarketTypeByFocalProductTypeFn, :FinancialAsset]"
Hermitages,Mx4rrHBMxK1IEdqAAAACs6hO_g,Hermitage
Baseball uniforms,Mx4rvgEWYJwpEbGdrcN5Y29ycA,BaseballUniform
Filling stations,Mx4rvVigEpwpEbGdrcN5Y29ycA,ServiceStation
Columns,Mx4rKEA0BEPcQdmYVKUGS7IK3Q,Column-CW
Cruise lines,Mx4rv_dgK5wpEbGdrcN5Y29ycA,CruiseLine
Baseball infielders,Mx4rvVil05wpEbGdrcN5Y29ycA,BaseballInfielder
Travel agencies,Mx4rwDq8FJwpEbGdrcN5Y29ycA,TravelAgency
Spas,Mx4rvaKSK5wpEbGdrcN5Y29ycA,Spa
Web crawlers,Mx4rv2ItwJwpEbGdrcN5Y29ycA,WorldWideWebRobot
Whaling stations,Mx4ra8Wr3LtPEdqAAAACs6hnmQ,WhalingStation
Rings,Mx4rvVj0NJwpEbGdrcN5Y29ycA,RingShapedObject
Hypnotists,Mx4rvpOA3ZwpEbGdrcN5Y29ycA,MedicalHypnosisSpecialist
Peptides,Mx4rvtD6oJwpEbGdrcN5Y29ycA,PeptideMolecule
Pearls,Mx4rvc8LhpwpEbGdrcN5Y29ycA,Pearl
String instruments,Mx4rvVjXt5wpEbGdrcN5Y29ycA,StringInstrument
E-books,Mx8Ngh4rvXNIP5wpEbGdrcN5Y29ycB4rvVjmq5wpEbGdrcN5Y29ycA,"[:ElectronicFn, :""Book-CW""]"
Calvados,Mx4rvhsfSJwpEbGdrcN5Y29ycA,Calvados-Brandy
Overpasses,Mx4rwPu0MZwpEbGdrcN5Y29ycA,Overpass
Rocket launchers,Mx4rvXAGyJwpEbGdrcN5Y29ycA,MissileLauncher
Reference works,Mx4rvVjKoJwpEbGdrcN5Y29ycA,ReferenceWork
Iranian peoples,Mx4rvVjSMJwpEbGdrcN5Y29ycA,IranianPerson
Organic compounds,Mx4rv7aNXJwpEbGdrcN5Y29ycA,OrganicCompound
Psychiatric treatments,Mx8Ngh4rwP3aeJwpEbGdrcN5Y29ycB4rwP1baJwpEbGdrcN5Y29ycA,"[:MedicalTreatmentFn, :PsychologicalAilment]"
Ferris wheels,Mx4rwPzi0pwpEbGdrcN5Y29ycA,FerrisWheel
Promontories,Mx4rwMsGZpwpEbGdrcN5Y29ycA,Promontory
Abyssal plains,Mx4rUmNPzrgqEdmAAAACs0x8nw,AbyssalPlain
Isthmuses,Mx4rvVjQ2pwpEbGdrcN5Y29ycA,Isthmus
Giant pandas,Mx4rvVjAjZwpEbGdrcN5Y29ycA,PandaBear
Camels,Mx4rvVkAwpwpEbGdrcN5Y29ycA,Camel
Political campaigns,Mx4rwQB5gpwpEbGdrcN5Y29ycA,PoliticalElectionCampaign
Restrooms,Mx4rvVjd65wpEbGdrcN5Y29ycA,Restroom
Ligands,Mx4rO8R7VDk3QdeQM738ICSiRw,LigandType
Bikinis,Mx4rvViQf5wpEbGdrcN5Y29ycA,Bikini
Quotations,Mx4rv0p9e5wpEbGdrcN5Y29ycA,Quotation
Smart cards,Mx4rwLx8_5wpEbGdrcN5Y29ycA,SmartCard
Turrets,Mx4rwQCdvZwpEbGdrcN5Y29ycA,GunTurret
Androids,Mx4rvViQ1JwpEbGdrcN5Y29ycA,Android
Hot dogs,Mx4rvgCqsJwpEbGdrcN5Y29ycA,HotDog
Estrogens,Mx4rwP1ZFpwpEbGdrcN5Y29ycA,Estrogen
Prefixes,Mx4rwVV-xpwpEbGdrcN5Y29ycA,LexicalPrefix
Clothing manufacturers,Mx8Ngh4rvkpzWpwpEbGdrcN5Y29ycB4rvk3sS5wpEbGdrcN5Y29ycA,"[:ManufacturerFn, :""Clothing-Generic""]"
Hardware stores,Mx4rvVjC7ZwpEbGdrcN5Y29ycA,HardwareStore
Vans,Mx4rvVihV5wpEbGdrcN5Y29ycA,Van
Helicopter carriers,Mx4rvxF5K5wpEbGdrcN5Y29ycA,HelicopterCarrier
Runes,Mx4rvVkJdZwpEbGdrcN5Y29ycA,RunicLetter
Tomatoes,Mx4rvVi0pZwpEbGdrcN5Y29ycA,TomatoPlant
Vacuum cleaners,Mx4rvVjdyZwpEbGdrcN5Y29ycA,VacuumCleaner
Computer icons,Mx4rwRuCw5wpEbGdrcN5Y29ycA,ComputerIcon
Photographic films,Mx4rvVkB4ZwpEbGdrcN5Y29ycA,PhotographicFilm
Medical emergencies,Mx4r13NkHIczQdeVoNmHX6gE_g,MedicalEmergency
Catholic churches,Mx4rqHKRW0tORo2ebgn0Hy_Chw,CatholicChurch-Building
Queens,Mx4rnYV1DbLATH-rbmW_Vw7kHA,Queen
Governorates,Mx4r9tGU3-f8Sjel8rrf3UmokQ,Governorate-State-Geopolitical
Silversmiths,Mx4rG3OOmUGeRsmX1APKow0Xew,Silversmith
Aerospace engineers,Mx4r0lfHALC2QdeSs6U7u99OOA,AerospaceEngineer
Etchers,Mx4rnFpBDoeAT6WYDibF66IE5w,EtchingUOComponent-SemiconductorProcessing
Goldsmiths,Mx4rezqKJV0WRrKUYnnmX-BORQ,Goldsmith
Automotive engineers,Mx4rp0acsz9aTdyLFUGvl5IE-g,AutomotiveEngineer
Carnivorous plants,Mx4re6fk6K0WEd6eNAAhm0kILA,CarnivorousPlant
Restaurant chains,Mx4rQ81lrC5yTTyxDwsR3WbGTw,RestaurantChain
Megathrust earthquakes,Mx4r0jzbQTLLTE2gWvJcZ4x-5w,MegathrustEarthquake
Anti-tank guns,Mx4rPAGHaUUBTjqyNjGtA1HwTg,AntiTankArtilleryGun
Lemurs,Mx4rSAWgqzTyT1emVYu8zrjDkQ,Lemur
Social movements,Mx4r3qoLqDFjTPqUosnBRQgNMg,SocialMovement
Codecs,Mx4rhl2kvry-SeuQRQWImAsi-w,Codec-Software
Tributaries,Mx4rvVkHdJwpEbGdrcN5Y29ycA,Stream
Traditions,Mx4rvkKMU5wpEbGdrcN5Y29ycA,CulturalActivity
Sources,Mx4rv5L5vZwpEbGdrcN5Y29ycA,PropositionalConceptualWork
Demons,Mx4rwH9GhZwpEbGdrcN5Y29ycA,EvilBeing
Curves,Mx4rjMEyCaXfS5-L0PVmSm24OQ,CurvedLine
Silicides,Mx4rPULMSYdqRoqvUDMnixE8tA,Silicide
Plesiosaurs,Mx4r3cadKE65TmiK-svdQFnpgw,Plesiosaur
Lectins,Mx4rmDiELq0WEd6eNAAhm0kILA,Lectin
Mob bosses,Mx4r-uAFnpQFQM-nFADZij9WiA,OrganizedCrimeLeader
Virtual machines,Mx4rHbvIQu1FSeSucGLyF3GyrA,VirtualComputerInstance
Damselflies,Mx4rPi5aCXKCTU2ZmWVUR3PR_w,Damselfly
Pinnipeds,Mx4rmDhdF60WEd6eNAAhm0kILA,Pinniped
Herbicides,Mx4ry9dE6SeQRvKgDYgm_iPVNA,Herbicide
Laurales,Mx4romfJK60WEd6eNAAhm0kILA,Laurales
Ungulates,Mx4rjUec6q0WEd6eNAAhm0kILA,Ungulate
Self-immolations,Mx4r6WJtSa7STJe5vg16HbjutQ,SelfImmolation
Camelids,Mx4rFd66dEaDSWqrQmBiDCW2BQ,Camelidae
Opioids,Mx4ryPYYs8nhRIu3xrf7CrNnMQ,Opioid
Quarters,Mx4rdkNa86DgSEq7iH5yhbRhVA,Quarter-State-Geopolitical
Bituminous sands,Mx4ruF0BGycaRhysKxnJl62rcg,OilSands
Encryption devices,Mx4rSkeQwg9ARuyE8HPJDaUyIQ,EncryptionDevice
Badgers,Mx4rC14WOv8gTayqE-T87Xfr3Q,Badger
Sliders,Mx4rfEToYa0WEd6eNAAhm0kILA,Trachemys
Cicadas,Mx4rytoFy5KKTm6cbYwZC03-JQ,Cicada
Transcription factors,Mx4rJ9csf_I9THeSu-3PQxuXqg,TranscriptionFactorEnzyme
Condensation reactions,Mx4rq6sOj_bvQQ2gZmQegXbyXw,CondensationReaction
Telephone services,Mx4rNAamUhayQLii7_Co2fWhng,TelephoneService
Protein kinases,Mx4roF6tFjedTIWTgH6RBO2Y_g,ProteinKinaseMolecule
Electric cars,Mx4ri91qPA-PT_GB5_iCxFB2Pg,ElectricCar
Skinks,Mx4rdkVqQ60WEd6eNAAhm0kILA,Skink
Nymphs,Mx4rJxPKpjgAT5aqJ6cFTFt82Q,Nymph
Chess pieces,Mx4re5sdEPT_SVWG28gGhQnHIQ,ChessPiece
Engine manufacturers,Mx4rvVjvI5wpEbGdrcN5Y29ycA,ManufacturingOrganization
Hurricanes,Mx4rGXdHdqdFQdeZyeu3p8B-2A,HurricaneAsEvent
Cyclones,Mx4rMLNFRtOeTHa1eyuufdIW0g,CycloneAsEvent
Volleyball clubs,Mx4rv4ohjpwpEbGdrcN5Y29ycA,Club-Organization
Handball clubs,Mx4rv4ohjpwpEbGdrcN5Y29ycA,Club-Organization
Navy officers,Mx4rvVinSJwpEbGdrcN5Y29ycA,MilitaryOfficer
Fantasy characters,Mx4rwHKvgpwpEbGdrcN5Y29ycA,FictionalCharacter
Cavalry divisions,Mx4rMNnCADt6EdaAAACgye-oRQ,Division-MilitaryEchelon
Thickening agents,Mx4rZBlE-I4ZQdiKV-E2YrcatA,EfficaciousSubstanceTypeByComposition
German athletes,Mx4rvVi--5wpEbGdrcN5Y29ycA,Athlete
Speed skaters,Mx4rvwPld5wpEbGdrcN5Y29ycA,Skateboarder
Korean athletes,Mx4rvVi--5wpEbGdrcN5Y29ycA,Athlete
Storage media,Mx4rvVjyH5wpEbGdrcN5Y29ycA,InformationStorageMedia
Naval reactors,Mx4rwJH52JwpEbGdrcN5Y29ycA,NuclearReactor
Colonies,Mx4r7UPPpMkuEdmAAAACs6hRjg,Colony-GeopoliticalEntity
Germanic peoples,Mx4rvViAkpwpEbGdrcN5Y29ycA,Person
Latin letters,Mx4rwA1vh5wpEbGdrcN5Y29ycA,Letter-Alphabetic
Top-level domains,Mx4rvmo-jZwpEbGdrcN5Y29ycA,DomainName
Ambulance services,Mx4rvVixGpwpEbGdrcN5Y29ycA,ServiceOrganization
Roman sites,Mx4rwLjlAJwpEbGdrcN5Y29ycA,GeographicalThing
Hash functions,Mx4rvVxAsJwpEbGdrcN5Y29ycA,Function-Denotational
Models (occupation),Mx4rveai1ZwpEbGdrcN5Y29ycA,ProfessionalModel
Rockets,Mx4rwQwoMJwpEbGdrcN5Y29ycA,RocketPropelledTransportationDevice
Aircraft guns,Mx4rwQBuo5wpEbGdrcN5Y29ycA,Gun
Railways,Mx4rwQr0aZwpEbGdrcN5Y29ycA,RailwayOrganization
Biosphere reserves,Mx4ra3m5tgnoEdqAAAACs0x8nw,Reserve-OutdoorRegion
Instrument makers,Mx4rvVjvXpwpEbGdrcN5Y29ycA,ManufacturingCompany
African scientists,Mx4rvVj755wpEbGdrcN5Y29ycA,Scientist
Virginia media,Mx4rvViOUpwpEbGdrcN5Y29ycA,CommunicationsOrganization
Scientific societies,Mx4r2Ns-2EPeQdmYv_GT1H70Qg,Society-Organization
Racecar drivers,Mx4rvVi-AJwpEbGdrcN5Y29ycA,Driver-TransportationProfessional
Organ builders,Mx4rvVj20pwpEbGdrcN5Y29ycA,ConstructionCompany
Dance moves,Mx4rvVkEAZwpEbGdrcN5Y29ycA,MovementEvent
Visitor attractions,Mx4rwPfOMJwpEbGdrcN5Y29ycA,TouristAttraction
Food manufacturers,Mx4rvVjvI5wpEbGdrcN5Y29ycA,ManufacturingOrganization
Witch trials,Mx4rvWPSj5wpEbGdrcN5Y29ycA,Trial
Educational buildings,Mx4rvVj7KJwpEbGdrcN5Y29ycA,Building
Superhero teams,Mx4rvZowY5wpEbGdrcN5Y29ycA,Team
Supervillain teams,Mx4rvZowY5wpEbGdrcN5Y29ycA,Team
Aromatic compounds,Mx4rvUCoPtoTQdaZVdw2OtjsAg,ChemicalCompoundTypeByChemicalSpecies
Film studios,Mx4rvgC4G5wpEbGdrcN5Y29ycA,Studio
Ancient peoples,Mx4rvViAkpwpEbGdrcN5Y29ycA,Person
National universities,Mx4rvVjjvpwpEbGdrcN5Y29ycA,University
Rally drivers,Mx4rvVi-AJwpEbGdrcN5Y29ycA,Driver-TransportationProfessional
Indigenous peoples,Mx4rvViAkpwpEbGdrcN5Y29ycA,Person
Labor leaders,Mx4rwQr5eJwpEbGdrcN5Y29ycA,Leader
Fictional media,Mx4rvViOUpwpEbGdrcN5Y29ycA,CommunicationsOrganization
Chinese-language newspapers,Mx4rv4ByW5wpEbGdrcN5Y29ycA,NewspaperSeries
Automotive pioneers,Mx4rwIzUepwpEbGdrcN5Y29ycA,Pioneer
Greek engineers,Mx4rvVkBWpwpEbGdrcN5Y29ycA,Engineer
Greek physicists,Mx4rvViN4ZwpEbGdrcN5Y29ycA,Physicist
Buildings,Mx4rvVj7KJwpEbGdrcN5Y29ycA,Building
Aerobatic teams,Mx4rvZowY5wpEbGdrcN5Y29ycA,Team
Infantry guns,Mx4rwQBuo5wpEbGdrcN5Y29ycA,Gun
Residences,Mx4rvVjmiZwpEbGdrcN5Y29ycA,HumanResidence
Learned societies,Mx4rv5icNZwpEbGdrcN5Y29ycA,Society
Journals,Mx4rvVigHZwpEbGdrcN5Y29ycA,JournalSeries
Cycle races,Mx4rvViTdZwpEbGdrcN5Y29ycA,RacingSportsEvent
British guns,Mx4rwQBuo5wpEbGdrcN5Y29ycA,Gun
German guns,Mx4rwQBuo5wpEbGdrcN5Y29ycA,Gun
Snooker players,Mx4ryq4QtitlEd6a8AAhm0kILA,SportsPlayingAgent
Degrees,Mx4rvVip-pwpEbGdrcN5Y29ycA,EducationalDegree
Tennis coaches,Mx4rvVjlaJwpEbGdrcN5Y29ycA,SportsCoach
Film characters,Mx4rwHKvgpwpEbGdrcN5Y29ycA,FictionalCharacter
Theatre characters,Mx4rwHKvgpwpEbGdrcN5Y29ycA,FictionalCharacter
Universities,Mx4rvVjjvpwpEbGdrcN5Y29ycA,University
Marine reserves,Mx4ra3m5tgnoEdqAAAACs0x8nw,Reserve-OutdoorRegion
Baseball managers,Mx4rvVj7uZwpEbGdrcN5Y29ycA,GeneralManager-SportsTeam
Pipe bands,Mx4rvgEZGJwpEbGdrcN5Y29ycA,Band-MusicGroup
Greek scientists,Mx4rvVj755wpEbGdrcN5Y29ycA,Scientist
Hypergeometric functions,Mx4rvVxAsJwpEbGdrcN5Y29ycA,Function-Denotational
Night markets,Mx4rvVjDcpwpEbGdrcN5Y29ycA,GroceryStore
Secret societies,Mx4rv5icNZwpEbGdrcN5Y29ycA,Society
Religious workers,Mx4rvVjnN5wpEbGdrcN5Y29ycA,PersonWithOccupation
Debating societies,Mx4rv5icNZwpEbGdrcN5Y29ycA,Society
Baseball leagues,Mx4rvzrBuJwpEbGdrcN5Y29ycA,OrganizationOfOrganizations
Futsal clubs,Mx4rv4ohjpwpEbGdrcN5Y29ycA,Club-Organization
National academies,Mx4rpo0ncHqGQdeOwLvZU0r7Hw,SchoolInstitution
Aircraft manufacturers,Mx4rvVjvI5wpEbGdrcN5Y29ycA,ManufacturingOrganization
Business terms,Mx4rvVjkrpwpEbGdrcN5Y29ycA,LexicalWord
Handball players,Mx4rvVi--5wpEbGdrcN5Y29ycA,Athlete
Bus manufacturers,Mx4rvVjvI5wpEbGdrcN5Y29ycA,ManufacturingOrganization
Television studios,Mx4rvgC4G5wpEbGdrcN5Y29ycA,Studio
Thai media,Mx4rvViOUpwpEbGdrcN5Y29ycA,CommunicationsOrganization
Fascist parties,Mx4rvVj82pwpEbGdrcN5Y29ycA,PoliticalParty
Oil magnates,Mx4ruNWukqUaQdiW3vR5T6wkaw,Tycoon
Infantry divisions,Mx4rMNnCADt6EdaAAACgye-oRQ,Division-MilitaryEchelon
Area studies,Mx4rv6KsE5wpEbGdrcN5Y29ycA,AreaStudies
Milesian colonies,Mx4r7UPPpMkuEdmAAAACs6hRjg,Colony-GeopoliticalEntity
Cycle manufacturers,Mx4rvVjvI5wpEbGdrcN5Y29ycA,ManufacturingOrganization
Hawaii-related ships,Mx4rvVi-55wpEbGdrcN5Y29ycA,Watercraft
Pennsylvania-related ships,Mx4rvVi-55wpEbGdrcN5Y29ycA,Watercraft
Missouri-related ships,Mx4rvVi-55wpEbGdrcN5Y29ycA,Watercraft
Louisiana-related ships,Mx4rvVi-55wpEbGdrcN5Y29ycA,Watercraft
Alaska-related ships,Mx4rvVi-55wpEbGdrcN5Y29ycA,Watercraft
Delaware-related ships,Mx4rvVi-55wpEbGdrcN5Y29ycA,Watercraft
Wooden churches,Mx4rvVif_pwpEbGdrcN5Y29ycA,Church-Building
Media executives,Mx4rvVj635wpEbGdrcN5Y29ycA,Executive
Guitar makers,Mx4rvVjvXpwpEbGdrcN5Y29ycA,ManufacturingCompany
Cabaret composers,Mx4rvVjp3ZwpEbGdrcN5Y29ycA,MusicalComposer
Publicity photographs,Mx4rvVjZ7ZwpEbGdrcN5Y29ycA,Photograph
School bands,Mx4rvVj0CZwpEbGdrcN5Y29ycA,MarchingBand
Concert bands,Mx4rvgEZGJwpEbGdrcN5Y29ycA,Band-MusicGroup
Big bands,Mx4rvgEZGJwpEbGdrcN5Y29ycA,Band-MusicGroup
Spree shootings,Mx4riXpgbLjDEdmAAAACs6hRjg,ShootingSomeone
Bible verses,Mx4rvvm9OJwpEbGdrcN5Y29ycA,Poem-CW
Jazz arrangers,Mx4rvdM4ZJwpEbGdrcN5Y29ycA,Arranger-Music
Ragtime musicians,Mx4rvVisB5wpEbGdrcN5Y29ycA,Musician
Oud players,Mx4rvVisB5wpEbGdrcN5Y29ycA,Musician
Education-related terms,Mx4rvVjkrpwpEbGdrcN5Y29ycA,LexicalWord
Cars,Mx4rvViVwZwpEbGdrcN5Y29ycA,Automobile
Paddle steamers,Mx4rvVi-55wpEbGdrcN5Y29ycA,Watercraft
