Abbreviations,Mx4rwGPa8pwpEbGdrcN5Y29ycA,Abbreviation
Abortifacients,Mx4rvgSuQpwpEbGdrcN5Y29ycA,Abortifacient
Dividends,Mx4rMKGOCrvMEdmAAAACs6hRjg,Accumulation-Profits
Acrobats,Mx4rv5EdKZwpEbGdrcN5Y29ycA,Acrobat
Actinomycetales,Mx4rvtYh_ZwpEbGdrcN5Y29ycA,Actinomycetales-Order
Advertisements,Mx4rwP2CJJwpEbGdrcN5Y29ycA,Advertisement-PCW
Aerosols,Mx4rwQBj4pwpEbGdrcN5Y29ycA,AerosolStuff
Affricates,Mx4rwK4e95wpEbGdrcN5Y29ycA,Affricative-Consonant
Erithacus,Mx4rv7vR5ZwpEbGdrcN5Y29ycA,AfricanGreyParrot
Alkanes,Mx4rydvDMuzqQdaLvdv5ptfzVQ,Alkane
Almonds,Mx8Ngh4rvVipdpwpEbGdrcN5Y29ycB4rhb27_IY2QdeEBbPcSwE6yA,"[:FruitFn, :AlmondTree]"
Altars,Mx4rvViUsJwpEbGdrcN5Y29ycA,AltarStage
Alps,Mx4rOEO5eLllQdePBrf7ILo0VQ,Altay-ProvinceRussia
Bison,Mx4rvhr0dJwpEbGdrcN5Y29ycA,AmericanBison
Amphetamines,Mx4rwP1bk5wpEbGdrcN5Y29ycA,Amphetamine
Analgesics,Mx4rvVjr8pwpEbGdrcN5Y29ycA,Analgesic
Anchovies,Mx4rwHMX8JwpEbGdrcN5Y29ycA,Anchovy
Quechua,Mx4rvVj_7JwpEbGdrcN5Y29ycA,AndeanLanguageFamily
Androgens,Mx4rvVr9A5wpEbGdrcN5Y29ycA,Androgen
Anime,Mx4rwUcs75wpEbGdrcN5Y29ycA,Anime
Anorectics,Mx4rwP1X7ZwpEbGdrcN5Y29ycA,Anorectic
Antacids,Mx4rwP1Y15wpEbGdrcN5Y29ycA,Antacid
Anticoagulants,Mx4rvV3NUpwpEbGdrcN5Y29ycA,Anticoagulant
Anticonvulsants,Mx4rvVoFpJwpEbGdrcN5Y29ycA,Anticonvulsant
Antiemetics,Mx4rwP1Y95wpEbGdrcN5Y29ycA,AntiEmetic
Antihistamines,Mx4rwP1Z_ZwpEbGdrcN5Y29ycA,Antihistamine
Antipyretics,Mx4rwP1aN5wpEbGdrcN5Y29ycA,Antipyretic
Anxiolytics,Mx4rwP34cpwpEbGdrcN5Y29ycA,Anxiolytic
Apples,Mx4rvVjBnZwpEbGdrcN5Y29ycA,AppleTree
Aprons,Mx4rvVirR5wpEbGdrcN5Y29ycA,Apron
Arboreta,Mx4rJxqzdFwxEdqAAAACs71DGQ,Arboretum
Arborists,Mx4rGOFiIvpVEdqAAAACs71DGQ,Arborist
Arsenals,Mx4riBVf0ABuEduAAAACs71DGQ,Arsenal
Avalanches,Mx4rwTjbN5wpEbGdrcN5Y29ycA,Avalanche
Bacillales,Mx4rvdbbMZwpEbGdrcN5Y29ycA,Bacillales-Order
Bacteriophages,Mx4rv9XuR5wpEbGdrcN5Y29ycA,Bacteriophage
Robbers,Mx4rP9eqpiwaEdiUggAH6RYvSQ,BankRobber
Barbiturates,Mx4rwP1YXpwpEbGdrcN5Y29ycA,Barbiturate
Barcodes,Mx4rvq3c4pwpEbGdrcN5Y29ycA,Barcode
Barnacles,Mx4rvViIdJwpEbGdrcN5Y29ycA,Barnacle
Batanes,Mx4rwFYpApwpEbGdrcN5Y29ycA,Batanes-ProvincePhilippines
Euphydryas,Mx4rwDD315wpEbGdrcN5Y29ycA,BayCheckerspotButterfly
Curlers,Mx4rvVkLnZwpEbGdrcN5Y29ycA,BeautyDevice
Beekeepers,Mx4rgXCcwtnXQdicdbI1HTUQQw,Beekeeper
Belarus,Mx4rvVjw35wpEbGdrcN5Y29ycA,Belarus
Benzodiazepines,Mx4rv5X5spwpEbGdrcN5Y29ycA,Benzodiazepine
Billboards,Mx4rvViflJwpEbGdrcN5Y29ycA,Billboard
Bioethicists,Mx4r9K_WnCwKQdiEMdNMJDDpBQ,Bioethicist
Genera,Mx4rvVian5wpEbGdrcN5Y29ycA,BiologicalGenus
Phyla,Mx4rvViYE5wpEbGdrcN5Y29ycA,BiologicalPhylum
BIOS,Mx4rvurKzJwpEbGdrcN5Y29ycA,BIOSChip
Biscuits,Mx4rwQCF3pwpEbGdrcN5Y29ycA,Biscuit
Angus,Mx4roXxuPjgNEdqAAAACs6hRXg,BlackAngusCattle
Ferrets,Mx4rv0zJz5wpEbGdrcN5Y29ycA,BlackFootedFerret
Cyanobacteria,Mx4rvViFLpwpEbGdrcN5Y29ycA,BlueGreenAlgae
Jays,Mx4rvWTZBpwpEbGdrcN5Y29ycA,Bluejay
Boathouses,Mx4r8yCObPnPEdqAAAACs71DGQ,Boathouse
Bogs,Mx4r1WsAbqL5EdqAAAAOpmP6eA,Bog
Submunitions,Mx4rvvw-WJwpEbGdrcN5Y29ycA,BombSubmunition
Bonsai,Mx4rviw3BJwpEbGdrcN5Y29ycA,BonsaiTree
Brakes,Mx4rvlUWSJwpEbGdrcN5Y29ycA,Brandy-Liquor
Bricks,Mx4rvVj-spwpEbGdrcN5Y29ycA,Brick
Bronchodilators,Mx4rvViIqZwpEbGdrcN5Y29ycA,Bronchodilator
Pelecanus,Mx4rvrCAMJwpEbGdrcN5Y29ycA,BrownPelican
Terriers,Mx4rMWkHHn-2EdaAAAACs0uFOQ,BrusselsGriffon
Hornworts,Mx4rvVjol5wpEbGdrcN5Y29ycA,BryophytaDivision
Mosses,Mx4rvVjol5wpEbGdrcN5Y29ycA,BryophytaDivision
Bryophytes,Mx4rvVjo05wpEbGdrcN5Y29ycA,Bryophyte
Bubbles,Mx4rc0n4Oi9IQdiJuZpQwHgN5Q,Bubble
Buddhas,Mx4rvVjmnZwpEbGdrcN5Y29ycA,Buddhism
Buffers,Mx4rvVj6u5wpEbGdrcN5Y29ycA,Buffer
Shrubs,Mx4rvViaLZwpEbGdrcN5Y29ycA,Bush
Cacti,Mx4rvVib2JwpEbGdrcN5Y29ycA,Cactus
Candles,Mx4rvVikZ5wpEbGdrcN5Y29ycA,Candle
Canids,Mx4rvVjQRJwpEbGdrcN5Y29ycA,CanineAnimal
Cannon,Mx4rv53PcZwpEbGdrcN5Y29ycA,Cannon
Caps,Mx4rvgHnapwpEbGdrcN5Y29ycA,Cap
Capacitors,Mx4rvVi5dJwpEbGdrcN5Y29ycA,Capacitor
Capuchins,Mx4rleGrsQCZEdeApQADR6QijQ,Capuchin
Carbohydrates,Mx4rvbylZJwpEbGdrcN5Y29ycA,CarbohydrateStuff
Carbonates,Mx4r7_AtLPZRQdaesqN0KpMusQ,CarbonateIon
Cardinalis,Mx4rvVop-pwpEbGdrcN5Y29ycA,Cardinal-Bird
Cardiologists,Mx4rvViLqZwpEbGdrcN5Y29ycA,Cardiologist
Carnivores,Mx4rvVkE9ZwpEbGdrcN5Y29ycA,Carnivore
Carp,Mx4rvVi76pwpEbGdrcN5Y29ycA,Carp
Catanduanes,Mx4rwLkMhZwpEbGdrcN5Y29ycA,Catanduanes-ProvincePhilippines
Catecholamines,Mx4rvr93TJwpEbGdrcN5Y29ycA,Catecholamine
Cations,Mx4ro-BkkuqPQdaN4aO8svG_Jg,Cation
Roe,Mx4rv5woPpwpEbGdrcN5Y29ycA,Caviar
Ceilings,Mx4rvVj3Q5wpEbGdrcN5Y29ycA,CeilingOfARoom
Centrifuges,Mx4rvgELvJwpEbGdrcN5Y29ycA,Centrifuge
Chad,Mx4rvViCj5wpEbGdrcN5Y29ycA,Chad
Chains,Mx4rvVjNfZwpEbGdrcN5Y29ycA,Chain
Chalcogens,Mx4rSoV_1OxiQdaDqKbeb3ckaA,ChalcogenElementType
Nonmetals,Mx4rSoV_1OxiQdaDqKbeb3ckaA,ChalcogenElementType
Checkpoints,Mx4r6FVkrvfbEdmAAAACs6hO_g,Checkpoint
Cheesemakers,Mx4rvVjjmpwpEbGdrcN5Y29ycA,Cheesemaker
Chordates,Mx4rvVkGO5wpEbGdrcN5Y29ycA,ChordataPhylum
Cigars,Mx4rvVjIKpwpEbGdrcN5Y29ycA,Cigar
Cigarettes,Mx4rwPzxnJwpEbGdrcN5Y29ycA,Cigarette
Ciliates,Mx4rvVikGJwpEbGdrcN5Y29ycA,Ciliate
Clarinets,Mx4rwQrt5ZwpEbGdrcN5Y29ycA,Clarinet
Clostridiales,Mx4rvajBxJwpEbGdrcN5Y29ycA,Clostridiales-Order
Coal,Mx4rwPRtHpwpEbGdrcN5Y29ycA,Coal
Coats,Mx4rvVjhHpwpEbGdrcN5Y29ycA,Coat
Cockroaches,Mx4rvViJOpwpEbGdrcN5Y29ycA,Cockroach
Coffins,Mx4rwPzb-ZwpEbGdrcN5Y29ycA,Coffin
Cola,Mx4rvViROpwpEbGdrcN5Y29ycA,ColaSoftDrink
Colloids,Mx4rwByX95wpEbGdrcN5Y29ycA,Colloid
Comoros,Mx4rvViEXpwpEbGdrcN5Y29ycA,Comoros-TheNation
Anthologies,Mx4rEgQxOvRgQdeVysqI1MgOjA,ConceptualWorkSeries-Periodic
Condoms,Mx4rwP1mBpwpEbGdrcN5Y29ycA,Condom
Conifers,Mx4rvVihh5wpEbGdrcN5Y29ycA,Conifer
Contortionists,Mx4rvt6ofZwpEbGdrcN5Y29ycA,Contortionist
Corps,Mx4rkuMrLG3OEdaAAACgye-oRQ,Corps-MilitaryEchelon
Corpora,Mx4rgRNvhqpIEdaAAABQ2sS97g,Corpus
Corticosteroids,Mx4rwQr9PZwpEbGdrcN5Y29ycA,Corticosteroid
Sedans,Mx4rwBQbsJwpEbGdrcN5Y29ycA,CountrySedanCar
Crayfish,Mx4rvViySpwpEbGdrcN5Y29ycA,Crayfish
Rowers,Mx4rwPzhAJwpEbGdrcN5Y29ycA,CrewTeam
Crickets,Mx4rvVkApZwpEbGdrcN5Y29ycA,Cricket-Insect
Crips,Mx4rv60405wpEbGdrcN5Y29ycA,CriminalOrganization
Crossbows,Mx4rvVjCKpwpEbGdrcN5Y29ycA,Crossbow
Crows,Mx4rvViHS5wpEbGdrcN5Y29ycA,Crow
Crowns,Mx4rvW19gpwpEbGdrcN5Y29ycA,Crown
Cuckoos,Mx4rwP1k0pwpEbGdrcN5Y29ycA,Cuckoo
Oncorhynchus,Mx4rwEJV1ZwpEbGdrcN5Y29ycA,CutthroatTrout
Cycads,Mx4rvVigPZwpEbGdrcN5Y29ycA,Cycad
Cymbals,Mx4rwPR1A5wpEbGdrcN5Y29ycA,Cymbal
Cytokines,Mx4rwBQVa5wpEbGdrcN5Y29ycA,Cytokine
Daggers,Mx4rwQCclpwpEbGdrcN5Y29ycA,Dagger
Darts,Mx4rwKx-JZwpEbGdrcN5Y29ycA,DartsGame
Debuggers,Mx4rvipchZwpEbGdrcN5Y29ycA,DebuggerProgram
Deer,Mx4rvVi-jpwpEbGdrcN5Y29ycA,Deer
Desks,Mx4rvVjfVpwpEbGdrcN5Y29ycA,Desk-PieceOfFurniture
Detonators,Mx4rvmYrGpwpEbGdrcN5Y29ycA,Detonator
Diapers,Mx4rvVjI0JwpEbGdrcN5Y29ycA,Diaper
Diatoms,Mx4rvVilW5wpEbGdrcN5Y29ycA,Diatom
Camcorders,Mx4rvXmVQJwpEbGdrcN5Y29ycA,DigitalCamcorder
Dinghies,Mx4rvgD62ZwpEbGdrcN5Y29ycA,Dinghy
Directories,Mx4rwVIiy5wpEbGdrcN5Y29ycA,Directory-ReferenceWork
Disinfectants,Mx4rwOtWKZwpEbGdrcN5Y29ycA,DisinfectantSubstance
Osteopaths,Mx4rvWVwiJwpEbGdrcN5Y29ycA,Doctor-Osteopathic
Doughnuts,Mx4rwQCLXpwpEbGdrcN5Y29ycA,Doughnut
Druze,Mx8Ngh4rwBtg95wpEbGdrcN5Y29ycB4rvVi2EZwpEbGdrcN5Y29ycA,"[:BelieverFn, :DruzeReligion]"
Dumplings,Mx4rt-aDFCwFQdiTFrW9baKjJg,Dumpling
Eagles,Mx4rvViGopwpEbGdrcN5Y29ycA,Eagle
Ecosystems,Mx4rv_UD6pwpEbGdrcN5Y29ycA,Ecosystem
Eggplants,Mx8Ngh4rvVipdpwpEbGdrcN5Y29ycB4rvptjppwpEbGdrcN5Y29ycA,"[:FruitFn, :EggplantPlant]"
Emoticons,Mx4rvaDNm5wpEbGdrcN5Y29ycA,Emoticon
Dromaius,Mx4rwBpLoJwpEbGdrcN5Y29ycA,Emu
Performances,Mx4rvVjAJ5wpEbGdrcN5Y29ycA,EntertainmentPerformance
Envelopes,Mx4rvVjqo5wpEbGdrcN5Y29ycA,Envelope
Epics,Mx4rulqH1MkrEdmAAAACs6hRjg,EpicPoem-CW
Bodo,Mx4rkXSy3l9CQdmAdO8LzPho8w,EthnicGroupOfBodo
Dravidians,Mx4rvVjAqZwpEbGdrcN5Y29ycA,EthnicGroupOfDravidians
Hmong,Mx4rvVivApwpEbGdrcN5Y29ycA,EthnicGroupOfHmong
Kalenjin,Mx4rvjVMc5wpEbGdrcN5Y29ycA,EthnicGroupOfKalenjin
Ethologists,Mx4rvVkATJwpEbGdrcN5Y29ycA,Ethologist
Chromosomes,Mx4rv5eB6ZwpEbGdrcN5Y29ycA,EukaryoticChromosome
Eukaryotes,Mx4rv8gyOpwpEbGdrcN5Y29ycA,EukaryoticOrganism
Expectorants,Mx4rwP1Z8pwpEbGdrcN5Y29ycA,Expectorant
Fabulists,Mx4rpwDlNssdEdmAAAACs6hRjg,Fabulist-Storyteller
Falcons,Mx4rvVjqbJwpEbGdrcN5Y29ycA,Falcon
Caracaras,Mx4rvpetSpwpEbGdrcN5Y29ycA,FalconiformOrder
Falconiformes,Mx4rvpetSpwpEbGdrcN5Y29ycA,FalconiformOrder
Potamilus,Mx4rvrea-JwpEbGdrcN5Y29ycA,FatPocketbook
Feathers,Mx4rvVjW-5wpEbGdrcN5Y29ycA,Feather
Fences,Mx4rvgEVapwpEbGdrcN5Y29ycA,Fence
Bosons,Mx4rz2kVBlIRQdifdK9z29Vw5g,FermionicCondensate-StateOfMatter
Fermions,Mx4rz2kVBlIRQdifdK9z29Vw5g,FermionicCondensate-StateOfMatter
Coatings,Mx4rvVigx5wpEbGdrcN5Y29ycA,Film-SheetOrCoating
Finches,Mx4rvWI6MZwpEbGdrcN5Y29ycA,Finch
Fingers,Mx4rvVi_f5wpEbGdrcN5Y29ycA,Finger
Fireplaces,Mx4rvVj2PZwpEbGdrcN5Y29ycA,Fireplace
Fish,Mx4rvVjfU5wpEbGdrcN5Y29ycA,Fish
Flagellates,Mx4rvVikWJwpEbGdrcN5Y29ycA,Flagellate
Flamingos,Mx4rvViOOJwpEbGdrcN5Y29ycA,Flamingo
Fleas,Mx4rvVi775wpEbGdrcN5Y29ycA,Flea
Floors,Mx4rvVj4k5wpEbGdrcN5Y29ycA,FloorInAConstruction
Flies,Mx4rvVjaGZwpEbGdrcN5Y29ycA,Fly-Insect
Glades,Mx4r-lACFHS7EdaAAACgyZzFrg,ForestClearing
Fur,Mx4rvViB75wpEbGdrcN5Y29ycA,Fur
Gears,Mx4rvVkBhZwpEbGdrcN5Y29ycA,Gear
Geisha,Mx4rv0o0C5wpEbGdrcN5Y29ycA,Geisha
Gels,Mx4rkG3gMV5VEdeHZQACs6hcsw,Gel
Gerbils,Mx4rvVi_hZwpEbGdrcN5Y29ycA,Gerbil
Gestures,Mx4rvVkMBZwpEbGdrcN5Y29ycA,Gesture
Thamnophis,Mx4rvpYcf5wpEbGdrcN5Y29ycA,GiantGarterSnake
Gibbons,Mx4rvViqIZwpEbGdrcN5Y29ycA,Gibbon
Sterna,Mx4rvW3iAZwpEbGdrcN5Y29ycA,Gladiolus
Gliders,Mx4rvYBA7pwpEbGdrcN5Y29ycA,Glider
Gloves,Mx4rvViztpwpEbGdrcN5Y29ycA,Glove
Glucocorticoids,Mx4rwBBZtJwpEbGdrcN5Y29ycA,Glucocorticoid
Glyphs,Mx4r-AzHGpXOEdaAAAACs1uxFw,Glyph
Carduelis,Mx4rvVk-oZwpEbGdrcN5Y29ycA,Goldfinch
Goldfish,Mx4rwP1bWJwpEbGdrcN5Y29ycA,Goldfish
Gowns,Mx4rwPRr4ZwpEbGdrcN5Y29ycA,Gown
Grains,Mx4rvViBppwpEbGdrcN5Y29ycA,GrainOfCereal
Grapefruit,Mx8Ngh4rvVipdpwpEbGdrcN5Y29ycB4rvVyngpwpEbGdrcN5Y29ycA,"[:FruitFn, :GrapefruitTree]"
Grasshoppers,Mx4rvVikCZwpEbGdrcN5Y29ycA,Grasshopper
Greece,Mx4rvVi8BJwpEbGdrcN5Y29ycA,Greece
Greenhouses,Mx4rvVicgpwpEbGdrcN5Y29ycA,Greenhouse
Grocers,Mx4rCy3mPCeFQdiLa4hejyKH4Q,Grocer
Muskets,Mx4rwEHeqJwpEbGdrcN5Y29ycA,Gun-MuzzleLoading
Gymnasiums,Mx4r4H5PtsBwEdaAAAACs6Mw3A,Gymnasium-Facility
Gymnosperms,Mx4rvViCz5wpEbGdrcN5Y29ycA,GymnospermGroup
Gyroscopes,Mx4rwSXw2pwpEbGdrcN5Y29ycA,Gyroscope
Hadith,Mx4rAFLtdE69QdmN37JVO5jqrA,Hadith
Halogens,Mx4rjnYvQCYfEdaGOQACs0uFOQ,HalogenElementType
Hammers,Mx4rvVjSApwpEbGdrcN5Y29ycA,Hammer
Harpoons,Mx4rv7T3DJwpEbGdrcN5Y29ycA,Harpoon-FishingDevice
Hats,Mx4rvVilJZwpEbGdrcN5Y29ycA,Hat
Headaches,Mx4rwP1rlJwpEbGdrcN5Y29ycA,Headache
Headlines,Mx4rZK0ZThxjQdiUds6PuQMOhw,Headline
Headmasters,Mx4rYENoOitfQdiLIs6rh9ys-g,Headmaster
Exocarpos,Mx4rvgzQ85wpEbGdrcN5Y29ycA,Heau
Helices,Mx4rwRDEk5wpEbGdrcN5Y29ycA,Helix
Hematologists,Mx4rwQrlzJwpEbGdrcN5Y29ycA,Hematologist
Hernias,Mx4rvXxMSpwpEbGdrcN5Y29ycA,Hernia
Herons,Mx4rvVy5KZwpEbGdrcN5Y29ycA,Heron
Hides,Mx4rwDNtapwpEbGdrcN5Y29ycA,Hide-Product
Hijackers,Mx4rwOCCjJwpEbGdrcN5Y29ycA,Hijacker
Hikers,Mx4rvWMTp5wpEbGdrcN5Y29ycA,Hiker
Historiographers,Mx4rzefuqhraQdiadPWaPbbhRw,Historian
Hobbyists,Mx4rv5EL45wpEbGdrcN5Y29ycA,Hobbyist
Holsters,Mx4rwQBZqJwpEbGdrcN5Y29ycA,Holster
Aesculus,Mx4rvViuxZwpEbGdrcN5Y29ycA,HorseChestnutTree
Hounds,Mx4rv3NWi5wpEbGdrcN5Y29ycA,Hound
Linens,Mx4rwP1kM5wpEbGdrcN5Y29ycA,HouseholdLinensMarketCategory
Hovercraft,Mx4rvtyDlZwpEbGdrcN5Y29ycA,Hovercraft
Humanities,Mx4rwGWamJwpEbGdrcN5Y29ycA,Humanities-FieldOfStudy
Hummingbirds,Mx4rwQrmoZwpEbGdrcN5Y29ycA,Hummingbird
Chub,Mx4rvzgw85wpEbGdrcN5Y29ycA,HumpbackChub
Icebergs,Mx4rwPu5l5wpEbGdrcN5Y29ycA,Iceberg
Illinois,Mx4rvVitlJwpEbGdrcN5Y29ycA,Illinois-State
Immunosuppressants,Mx4rvwzOP5wpEbGdrcN5Y29ycA,Immunosuppressive
Implants,Mx4rwGwObpwpEbGdrcN5Y29ycA,Implant-Medical
Sultanates,Mx4rN1Ovqm2oEdaAAACgyZzFrg,IndependentSultanate
Inhalants,Mx4rvVi9xZwpEbGdrcN5Y29ycA,InhalantDrug
Newsgroups,Mx4rwRZ4-pwpEbGdrcN5Y29ycA,InternetNewsgroup
Internists,Mx4rvViK45wpEbGdrcN5Y29ycA,Internist
Inuit,Mx4rwFSyDZwpEbGdrcN5Y29ycA,InuitLanguageFamily
Jackets,Mx4rvViWxZwpEbGdrcN5Y29ycA,Jacket
Javelins,Mx4rvVjFv5wpEbGdrcN5Y29ycA,Javelin
Jeans,Mx4rvgHis5wpEbGdrcN5Y29ycA,Jeans
Jedi,Mx4rwNLAD5wpEbGdrcN5Y29ycA,JediKnight
Kayaks,Mx4rvViqpZwpEbGdrcN5Y29ycA,Kayak
Kingfishers,Mx4rvViZbZwpEbGdrcN5Y29ycA,Kingfisher
Kites,Mx4rvV3kTpwpEbGdrcN5Y29ycA,Kite-TheDevice
Aptenodytes,Mx4rkcSM4v34QdiEMZABeA1NZQ,Kiwi-Bird
Laxatives,Mx4rwP1YxJwpEbGdrcN5Y29ycA,Laxative
Lecturers,Mx4rvViG_JwpEbGdrcN5Y29ycA,Lecturer
Affixes,Mx4rvVjkrpwpEbGdrcN5Y29ycA,LexicalWord
Limbs,Mx4rvn1uSZwpEbGdrcN5Y29ycA,Limb-AnimalBodyPart
Lipids,Mx4rwMA0KZwpEbGdrcN5Y29ycA,Lipid
Liverworts,Mx4rvVijkZwpEbGdrcN5Y29ycA,Liverwort
Locusts,Mx4rvVnVSZwpEbGdrcN5Y29ycA,Locust
Lice,Mx4rv4LLcJwpEbGdrcN5Y29ycA,Louse
Lymphocytes,Mx4rwJScB5wpEbGdrcN5Y29ycA,Lymphocyte
Macaws,Mx4rleGEoACZEdeApQADR6QijQ,Macaw
Machetes,Mx4ra7DeJF5rQdmQmc0MXLkr9g,Machete
Macrophages,Mx4rvnWI9JwpEbGdrcN5Y29ycA,Macrophage
Maldives,Mx4rvViUN5wpEbGdrcN5Y29ycA,Maldives
Anas,Mx4rwQCc6ZwpEbGdrcN5Y29ycA,MallardDuck
Manga,Mx4rv-znjZwpEbGdrcN5Y29ycA,Manga
Mangroves,Mx4rvVjqNJwpEbGdrcN5Y29ycA,MangroveTree
Feces,Mx4rBGBa4NnZQdiV1-wSIuZtdw,Manure
Marshmallows,Mx4rplth0C0GEdiLGQACs5b6-g,Marshmallow
Quails,Mx4rv7uFnpwpEbGdrcN5Y29ycA,MaskedBobwhite
Spectrometers,Mx4rwGQg9ZwpEbGdrcN5Y29ycA,MassSpectrometry
Mastodons,Mx4rwEilMpwpEbGdrcN5Y29ycA,Mastodon
Mattresses,Mx4rvVivuZwpEbGdrcN5Y29ycA,Mattress
Mauritius,Mx4rvViEG5wpEbGdrcN5Y29ycA,Mauritius
Mazes,Mx4rv7lUbpwpEbGdrcN5Y29ycA,Maze
Series,Mx4rvhz6_JwpEbGdrcN5Y29ycA,MediaSeriesProduct
Melodramas,Mx4rn92zSB6xQdiZn_Xmzfv-HQ,Melodrama
Melons,Mx8Ngh4rvVipdpwpEbGdrcN5Y29ycB4ruSjK2i1oQdedd9xX6bacxw,"[:FruitFn, :MelonPlant]"
Memorabilia,Mx4rvkxX1pwpEbGdrcN5Y29ycA,Memorabilia
Meninges,Mx4rwDOl8JwpEbGdrcN5Y29ycA,Meninges
Metalloids,Mx4r1zbcKPAGQdaZ1o7RjdyIhw,Metalloid
Meteoroids,Mx4rv24zJZwpEbGdrcN5Y29ycA,Meteoroid
Microphones,Mx4rvVjpapwpEbGdrcN5Y29ycA,Microphone
Microscopes,Mx4rv6U955wpEbGdrcN5Y29ycA,Microscope
Midwives,Mx4rvViIS5wpEbGdrcN5Y29ycA,Midwife
Barracks,Mx4rYjaoRiTfQdef_7ooT-nUvw,MilitaryBarrack
Lactates,Mx4rvVjESpwpEbGdrcN5Y29ycA,MilkSecretionEvent
Mirrors,Mx4rvVj-cZwpEbGdrcN5Y29ycA,Mirror
Mitochondria,Mx4rvVjDqZwpEbGdrcN5Y29ycA,Mitochondrion
Mockingbirds,Mx4rvWFGLJwpEbGdrcN5Y29ycA,Mockingbird
Modems,Mx4rvVi7a5wpEbGdrcN5Y29ycA,Modem
Monomers,Mx4rv0l_WZwpEbGdrcN5Y29ycA,Monomer
Mopeds,Mx4rQ3ZZ2IiMEdqAAAACs0uFOQ,Moped
Moths,Mx4rwP1fhpwpEbGdrcN5Y29ycA,Moth
Mice,Mx4rvVjvnpwpEbGdrcN5Y29ycA,Mouse-Rodent
Mumps,Mx4rwP1HVpwpEbGdrcN5Y29ycA,Mumps
Chords,Mx4rv8OszJwpEbGdrcN5Y29ycA,MusicalChord
Mycotoxins,Mx4rYZtn9stuQdeUcPHmBfMHBw,Mycotoxin
Blockades,Mx4rwKZol5wpEbGdrcN5Y29ycA,NavalBlockade
Nazis,Mx4rvbyZHJwpEbGdrcN5Y29ycA,Nazi
Nebulae,Mx4rwPuoRZwpEbGdrcN5Y29ycA,Nebula
Neckties,Mx4rvVjMXJwpEbGdrcN5Y29ycA,NeckTie
Nepenthes,Mx4rvVj3IJwpEbGdrcN5Y29ycA,NepenthesOrder
Nephrologists,Mx4rwQrkwZwpEbGdrcN5Y29ycA,Nephrologist
Nerves,Mx4rwP3lkpwpEbGdrcN5Y29ycA,Nerve
Neurosurgeons,Mx4rvVimqZwpEbGdrcN5Y29ycA,NeuroSurgeon
Neurotoxins,Mx4rYAzRnsQ_QdeJjeqo-4yZew,Neurotoxin
Neurotransmitters,Mx4rwJcaM5wpEbGdrcN5Y29ycA,Neurotransmitter
Newsletters,Mx4rwP1oFJwpEbGdrcN5Y29ycA,Newsletter
Newts,Mx4rvVjq-ZwpEbGdrcN5Y29ycA,Newt
Watchmen,Mx4rTILbNl9sQdmLWYDkXJoHCg,NightWatchperson
Notebooks,Mx4rvVjSS5wpEbGdrcN5Y29ycA,Notebook
Nucleons,Mx4rvViBkZwpEbGdrcN5Y29ycA,Nucleon
Nucleosides,Mx4rwUtzAJwpEbGdrcN5Y29ycA,Nucleoside
Nucleotides,Mx4rv986zZwpEbGdrcN5Y29ycA,Nucleotide
Dietitians,Mx4rvVjkGJwpEbGdrcN5Y29ycA,Nutritionist
Quercus,Mx4rvVjB35wpEbGdrcN5Y29ycA,OakTree
Octopuses,Mx4rvVjVM5wpEbGdrcN5Y29ycA,Octopus
Oilers,Mx4rv2rTXJwpEbGdrcN5Y29ycA,Oiler
Ointments,Mx4rwP1n5JwpEbGdrcN5Y29ycA,Ointment
Oncologists,Mx4rwP1YbJwpEbGdrcN5Y29ycA,Oncologist
Onions,Mx4rvVjIZ5wpEbGdrcN5Y29ycA,OnionPlant
Chats,Mx4rvm2Dx5wpEbGdrcN5Y29ycA,OnlineChat
Possums,Mx4rvVipxJwpEbGdrcN5Y29ycA,Opossum
Opticians,Mx4rE9fukFd7EdqAAAACs71DGQ,Optician
Optometrists,Mx4rwPvEe5wpEbGdrcN5Y29ycA,Optometrist
Organelles,Mx4rvs3KP5wpEbGdrcN5Y29ycA,Organelle
Otolaryngologists,Mx4rwQroE5wpEbGdrcN5Y29ycA,Otorhinolaryngologist
Pagers,Mx4rv0VzsZwpEbGdrcN5Y29ycA,Pager
Palms,Mx4rvVibKZwpEbGdrcN5Y29ycA,PalmTree
Pamphlets,Mx4rvVjNcpwpEbGdrcN5Y29ycA,Pamphlet
Pancakes,Mx4rwQCBXpwpEbGdrcN5Y29ycA,Pancake
Parakeets,Mx4rvWZHwJwpEbGdrcN5Y29ycA,Parakeet
Partnerships,Mx4rvVipSZwpEbGdrcN5Y29ycA,Partnership
Pavilions,Mx4rmr8KADAAQdifaYi7vWB88A,Pavilion
Arachis,Mx4rvVidtZwpEbGdrcN5Y29ycA,PeanutPlant
Peanuts,Mx4rvVidtZwpEbGdrcN5Y29ycA,PeanutPlant
Pears,Mx8Ngh4rvVipdpwpEbGdrcN5Y29ycB4rvViseZwpEbGdrcN5Y29ycA,"[:FruitFn, :PearTree]"
Pelicans,Mx4rvWM8LpwpEbGdrcN5Y29ycA,Pelican
Pencils,Mx4rvVjLfJwpEbGdrcN5Y29ycA,Pencil
Spits,Mx4rvViPJpwpEbGdrcN5Y29ycA,Peninsula
Cent,Mx4rwPzmypwpEbGdrcN5Y29ycA,PennyCoin-US
Pennies,Mx4rwPzmypwpEbGdrcN5Y29ycA,PennyCoin-US
Pheasants,Mx4rvVivoZwpEbGdrcN5Y29ycA,Pheasant
Phlox,Mx4rvViol5wpEbGdrcN5Y29ycA,PhloxPlant
Phobias,Mx4rwQtbz5wpEbGdrcN5Y29ycA,Phobia
Phosphates,Mx4rv-cwsZwpEbGdrcN5Y29ycA,Phosphate
Photocopiers,Mx4rvVium5wpEbGdrcN5Y29ycA,PhotocopyMachine
Physiotherapists,Mx4rwP1aPpwpEbGdrcN5Y29ycA,PhysicalTherapist
Pineapples,Mx4rvViet5wpEbGdrcN5Y29ycA,PineapplePlant
Piranhas,Mx4rvVi7JpwpEbGdrcN5Y29ycA,Piranha
Planters,Mx4rvh31epwpEbGdrcN5Y29ycA,Planter-Flowerpot
Plasticizers,Mx4rceOYkZICEdeELAADR6QijQ,Plasticizer
Plateaus,Mx4rvmUHgJwpEbGdrcN5Y29ycA,Plateau
Platyhelminthes,Mx4rA0nWhLOnEdeT8QACs6hPlA,Platyhelminthes
Pliers,Mx4rvVjSQJwpEbGdrcN5Y29ycA,Pliers
Plovers,Mx4rvyoMhpwpEbGdrcN5Y29ycA,Plover
Podiatrists,Mx4rvViKXpwpEbGdrcN5Y29ycA,Podiatrist
Rhus,Mx4rvViDO5wpEbGdrcN5Y29ycA,PoisonIvy-Plant
Polygons,Mx4rvVjVXJwpEbGdrcN5Y29ycA,Polygon
Porpoises,Mx4rtHKU7CRJQdmO3LgVGVQxRg,Porpoise
Postcards,Mx4rvyMSx5wpEbGdrcN5Y29ycA,PostCard
Prions,Mx4rvs4V4ZwpEbGdrcN5Y29ycA,Prion
Projectiles,Mx4rwFAPh5wpEbGdrcN5Y29ycA,Projectile-Device
Projectors,Mx4rwPvLvJwpEbGdrcN5Y29ycA,ProjectionDisplayDevice
Prokaryotes,Mx4rvVjVN5wpEbGdrcN5Y29ycA,ProkaryoticCell
Propellers,Mx4rwP2IS5wpEbGdrcN5Y29ycA,Propeller
Thrillers,Mx4rdUvbpHS9EdaAAACgyZzFrg,PropositionalConceptualWork-ThrillerGenre
Protista,Mx4rvVimKZwpEbGdrcN5Y29ycA,ProtistaKingdom
Clairvoyants,Mx4rwB-v7ZwpEbGdrcN5Y29ycA,PsychicAdviser
Puffins,Mx4rvViPy5wpEbGdrcN5Y29ycA,Puffin
Ramones,Mx4rvl9fUZwpEbGdrcN5Y29ycA,PunkMusic
Pylons,Mx4rwPSRg5wpEbGdrcN5Y29ycA,Pylon
Quadrilaterals,Mx4rvn5lgpwpEbGdrcN5Y29ycA,Quadrilateral
Mononegavirales,Mx4rvifi15wpEbGdrcN5Y29ycA,RabiesVirus
Rags,Mx4rvgH3a5wpEbGdrcN5Y29ycA,Rags-ClothingItem
Rails,Mx4rvVi-lJwpEbGdrcN5Y29ycA,Railway
Rape,Mx4rwQrfCZwpEbGdrcN5Y29ycA,Rape
Corvus,Mx4rvWQTspwpEbGdrcN5Y29ycA,Raven
Rays,Mx4rwP1mN5wpEbGdrcN5Y29ycA,Ray-Fish
Recessions,Mx4rv3ZriZwpEbGdrcN5Y29ycA,Recession-Economic
Picoides,Mx4rvabO9JwpEbGdrcN5Y29ycA,RedCockadedWoodpecker
Reindeer,Mx4rwPfntpwpEbGdrcN5Y29ycA,Reindeer
Requiems,Mx4r1B9zAjDcQdiODZ43uQpjEQ,Requiem
Institutes,Mx4rvViNhJwpEbGdrcN5Y29ycA,ResearchOrganization
Retroviruses,Mx4rCoDMgN1AQdaVGuxjeW4uUA,Retrovirus
Rheumatologists,Mx4rwQrpFZwpEbGdrcN5Y29ycA,Rheumatologist
Rickettsiales,Mx4rwFpl3ZwpEbGdrcN5Y29ycA,Rickettsiales-Order
Riddles,Mx4rwToBYZwpEbGdrcN5Y29ycA,Riddle
Roofs,Mx4rvVj3iJwpEbGdrcN5Y29ycA,RoofOfAConstruction
Roses,Mx4rvVia8JwpEbGdrcN5Y29ycA,RoseBush
Rotorcraft,Mx4rwT13G5wpEbGdrcN5Y29ycA,RotaryWingAircraft
Rotifers,Mx4rvu6aipwpEbGdrcN5Y29ycA,Rotifera
Rotundas,Mx4raPD59CzUQdifWZRjvlt6Ng,Rotunda
Salespeople,Mx4rvVibr5wpEbGdrcN5Y29ycA,SalesPerson
Salmon,Mx4rvVi87pwpEbGdrcN5Y29ycA,Salmon
Sandals,Mx4rvViPKZwpEbGdrcN5Y29ycA,Sandal
Saxophones,Mx4rwQrc2JwpEbGdrcN5Y29ycA,Saxophone
Scarves,Mx4rvVjL2ZwpEbGdrcN5Y29ycA,Scarf
Scavengers,Mx4rvaQpd5wpEbGdrcN5Y29ycA,Scavenger
Scissors,Mx4rvVizM5wpEbGdrcN5Y29ycA,Scissors
Screws,Mx4rvViKRpwpEbGdrcN5Y29ycA,Screw-Connector
Seawalls,Mx4rniDxgqMCEdqAAAAOpmP6eA,Seawall
Sedatives,Mx4rwP1YSZwpEbGdrcN5Y29ycA,Sedative
Sediments,Mx4rwSxfpJwpEbGdrcN5Y29ycA,Sediment
Seychelles,Mx4rvViD2JwpEbGdrcN5Y29ycA,Seychelles
Shampoos,Mx4rvVj1lpwpEbGdrcN5Y29ycA,Shampoo
Sheep,Mx4rvVjk95wpEbGdrcN5Y29ycA,Sheep
Shepherds,Mx4rwPKz3ZwpEbGdrcN5Y29ycA,Sheepherder
Shoemakers,Mx4rvVjappwpEbGdrcN5Y29ycA,ShoeCobbler
Shorebirds,Mx4rvWJaD5wpEbGdrcN5Y29ycA,ShoreBird
Silicates,Mx4rysPUcEL8QdefqvEH25WYrA,SilicateIon
Sirens,Mx4rwP1LhpwpEbGdrcN5Y29ycA,Siren
Skateboards,Mx4rvViyvZwpEbGdrcN5Y29ycA,Skateboard
Skirts,Mx4rvVjdTpwpEbGdrcN5Y29ycA,Skirt
Snowmobiles,Mx4rwPzlHZwpEbGdrcN5Y29ycA,Snowmobile
Soaps,Mx4rvVj4KZwpEbGdrcN5Y29ycA,Soap-Personal
Socks,Mx4rvViPuJwpEbGdrcN5Y29ycA,Sock
Couches,Mx4rvVjfFJwpEbGdrcN5Y29ycA,Sofa-PieceOfFurniture
Demos,Mx4rq_qd7sBlQdeQkYac79V93g,SoftwareDemonstration
Solutions,Mx4rvVkFnJwpEbGdrcN5Y29ycA,Solution
Lullabies,Mx4rwP3teJwpEbGdrcN5Y29ycA,Song-CW
Spacecraft,Mx4rwQtlDpwpEbGdrcN5Y29ycA,Spacecraft
Spaniels,Mx4rvbU4pZwpEbGdrcN5Y29ycA,Spaniel
Spices,Mx4rvVjN4ZwpEbGdrcN5Y29ycA,Spice
Spirals,Mx4rwK0hyJwpEbGdrcN5Y29ycA,Spiral
Spoons,Mx4rvVj1iZwpEbGdrcN5Y29ycA,Spoon
Squid,Mx4rvViSBJwpEbGdrcN5Y29ycA,Squid
Stairways,Mx4rvVjkx5wpEbGdrcN5Y29ycA,Stairway
Monologues,Mx4rvgDEwZwpEbGdrcN5Y29ycA,StandupComedy
Steakhouses,Mx4rNZ6nJiwNQdiWRp_vVMmIcg,Steakhouse-Organization
Stegosaurs,Mx4rwQBx75wpEbGdrcN5Y29ycA,Stegosaurus
Steroids,Mx4rvVjl9JwpEbGdrcN5Y29ycA,Steroid
Stews,Mx4rvWFWqpwpEbGdrcN5Y29ycA,Stew-Foodstuff
Himantopus,Mx4rv-kmmZwpEbGdrcN5Y29ycA,Stilt-Bird
Stone,Mx4rvViOBJwpEbGdrcN5Y29ycA,StoneStuff
Storks,Mx4rvVjEqJwpEbGdrcN5Y29ycA,Stork
Sunglasses,Mx4rvVjojpwpEbGdrcN5Y29ycA,Sunglasses
Supernovae,Mx4rvrry3ZwpEbGdrcN5Y29ycA,Supernova
Survivalists,Mx4rwDqOz5wpEbGdrcN5Y29ycA,Survivalist
Swans,Mx4rvVjE6JwpEbGdrcN5Y29ycA,Swan
Sweaters,Mx4rvVkBipwpEbGdrcN5Y29ycA,Sweater
Swimsuits,Mx4rvVjETpwpEbGdrcN5Y29ycA,SwimSuit
Tangos,Mx4rDoJQnnS7EdaAAACgyZzFrg,Tango-StyleOfDance
Tendons,Mx4rvVjefJwpEbGdrcN5Y29ycA,Tendon
Termites,Mx4rvVi7bpwpEbGdrcN5Y29ycA,Termite
Terns,Mx4rvffp8ZwpEbGdrcN5Y29ycA,Tern
Lemmas,Mx4rvViqjpwpEbGdrcN5Y29ycA,Theorizing
Theropods,Mx4rYZLsZtSZEdqAAAACs6hRXg,Therapod
Thermometers,Mx4rvVikQZwpEbGdrcN5Y29ycA,Thermometer
Theses,Mx4rP9fRtSwaEdiUggAH6RYvSQ,Thesis
Thrones,Mx4rOVxI-im6QdifN7MwFspDTQ,Throne
Thrushes,Mx4rwP1LlpwpEbGdrcN5Y29ycA,Thrush-Bird
Tires,Mx4rvVjB1pwpEbGdrcN5Y29ycA,Tire
Toads,Mx4rvVjfqpwpEbGdrcN5Y29ycA,Toad
Toilets,Mx4rvVjYnZwpEbGdrcN5Y29ycA,Toilet
Teeth,Mx4rvVjUEZwpEbGdrcN5Y29ycA,Tooth
Toucans,Mx4rwP1UkJwpEbGdrcN5Y29ycA,Toucan
Touchscreens,Mx4rvVionJwpEbGdrcN5Y29ycA,Touchscreen
Poisons,Mx4rvViTUZwpEbGdrcN5Y29ycA,ToxicSubstance
Footpaths,Mx4rwP1K_pwpEbGdrcN5Y29ycA,Trail
Trailers,Mx4rvViSrJwpEbGdrcN5Y29ycA,Trailer
Voyages,Mx4rvVi9WpwpEbGdrcN5Y29ycA,Travel-TripEvent
Travelers,Mx4rwKPv_JwpEbGdrcN5Y29ycA,Traveller
Tricycles,Mx4rwQCWAJwpEbGdrcN5Y29ycA,Tricycle
Triglycerides,Mx4rvsdoVZwpEbGdrcN5Y29ycA,Triglyceride
Rainforests,Mx4rwFq7W5wpEbGdrcN5Y29ycA,TropicalRainForest
Tropics,Mx4rwPzmFJwpEbGdrcN5Y29ycA,Tropics
Tsunami,Mx4rvV5j_JwpEbGdrcN5Y29ycA,Tsunami
Tsunamis,Mx4rvV5j_JwpEbGdrcN5Y29ycA,Tsunami
Turntables,Mx4rvVjg8JwpEbGdrcN5Y29ycA,TurntableMechanism
Vandals,Mx4rCKXo8irOEdiXsQAH6RYvVQ,Vandal
Vasodilators,Mx4rvWEbsJwpEbGdrcN5Y29ycA,Vasodilator
Vectors,Mx4r8rRyfmJsQdiEvK-aX6H8Pg,Vectors-Math-Topic
Verbs,Mx4rvViAfJwpEbGdrcN5Y29ycA,Verb
Joints,Mx4rwG8bD5wpEbGdrcN5Y29ycA,VertebralBodyJoint
Visas,Mx4rv8gfApwpEbGdrcN5Y29ycA,Visa-Document
Vowels,Mx4rvfs4HJwpEbGdrcN5Y29ycA,Vowel
Waffles,Mx4rwQCC_5wpEbGdrcN5Y29ycA,Waffle
Wagons,Mx4rwP1mLpwpEbGdrcN5Y29ycA,Wagon
Waltzes,Mx4rgIPYqDGhQdiX1rgMN5qIUw,Waltz
Watercraft,Mx4rvVi-55wpEbGdrcN5Y29ycA,Watercraft
Anseriformes,Mx4rvV9DmJwpEbGdrcN5Y29ycA,Waterfowl
Waterfowl,Mx4rvV9DmJwpEbGdrcN5Y29ycA,Waterfowl
Nymphaeales,Mx4rvVjtopwpEbGdrcN5Y29ycA,WaterLilyOrder
Waxes,Mx4rvVi0CZwpEbGdrcN5Y29ycA,Wax
Wheels,Mx4rvVivK5wpEbGdrcN5Y29ycA,Wheel
Whips,Mx4rvaFsApwpEbGdrcN5Y29ycA,Whip
Whirlpools,Mx4rzIJGkDDFEdieNAACs6hciw,Whirlpool-Bathtub
Whistles,Mx4rvVjtRJwpEbGdrcN5Y29ycA,Whistle
Leukocytes,Mx4rvuOjmpwpEbGdrcN5Y29ycA,WhiteBloodCell
Wigs,Mx4rvVjoIJwpEbGdrcN5Y29ycA,Wig
Winds,Mx4rvVjorZwpEbGdrcN5Y29ycA,WindProcess
Vintners,Mx4rwP3rCpwpEbGdrcN5Y29ycA,Winery
Woodpeckers,Mx4rvVjF7pwpEbGdrcN5Y29ycA,Woodpecker
Wrens,Mx4rAJbO0iy8Qdidm-GA9uCcug,Wren
Wrenches,Mx4rvVkJTZwpEbGdrcN5Y29ycA,Wrench
Numerals,Mx4rwN4fhpwpEbGdrcN5Y29ycA,WrittenNumeral
Yemen,Mx4rwPbFVJwpEbGdrcN5Y29ycA,Yemen
Zambales,Mx4rvjT__5wpEbGdrcN5Y29ycA,Zambales-ProvincePhilippines
Zeolites,Mx4r8ExS0EsZEdqAAAACs6hO_g,Zeolite
