DEL,Educational organizations,Educational institutions
DEL,American Calvinist and Reformed Christians,American Calvinist and Reformed Christians by denomination
DEL,Community-based organizations,Non-profit organizations by type
DEL,Community-building organizations,Non-profit organizations
DEL,Landforms by country,International landforms
DEL,International landforms,Landforms by country
DEL,Bulgarian people,Ethnic Bulgarian people
DEL,Ethnic Bulgarian people,Bulgarian people
DEL,Persistent programming languages,Data-centric programming languages
DEL,0-6-0 locomotives,C locomotives
DEL,C locomotives,0-6-0 locomotives
DEL,Agrarian politics,Food politics
DEL,Food politics,Agrarian politics
DEL,Bangladeshi Nobel laureates,Bengali Nobel laureates
DEL,Bengali Nobel laureates,Bangladeshi Nobel laureates
DEL,Arcade Comics,Awesome Comics
DEL,Awesome Comics,Arcade Comics
DEL,15th-century Byzantine people,15th-century Greek people
DEL,15th-century Greek people,15th-century Byzantine people
DEL,Catalans Dragons players,AS Saint Estève players
DEL,AS Saint Estève players,Catalans Dragons players
DEL,Musician video games,Band-centric video games
DEL,Protected areas of Hawaii (island),"Protected areas of Hawaii County, Hawaii"
DEL,"Protected areas of Hawaii County, Hawaii",Protected areas of Hawaii (island)
DEL,Marius songs,Songs written by Marius
DEL,Songs written by Marius,Marius songs
ADD,Marius songs,Songs by songwriter
ADD,Songs written by Marius,Songs by songwriter
DEL,Scholars and academics by subject,Scholars by subject
DEL,Footballers in England,Footballers in England by club
DEL,Ethnographic museums,Folk art museums and galleries
DEL,People from the Providence metropolitan area,People from Greater Boston
DEL,People from Rhode Island,People from the Providence metropolitan area
DEL,Identity politics,Politics and race
DEL,Politics and race,Identity politics
DEL,People in English history,English people by period
DEL,English people by period,People in English history
DEL,People from Sicily,People of Sicilian descent
DEL,People of Sicilian descent,People from Sicily
DEL,Literary agents,Talent agents
DEL,House styles,American architectural styles
DEL,"Office buildings in Washington, D.C.","Commercial buildings in Washington, D.C."
DEL,"Commercial buildings in Washington, D.C.","Office buildings in Washington, D.C."
DEL,Optical materials,Transparent materials
DEL,National symbols of Poland,Polish symbols
DEL,American people of Middle Eastern descent,American people of Southwest Asian descent
DEL,American people of Southwest Asian descent,American people of Middle Eastern descent
DEL,Ethnic Armenian people,People of Armenian descent
DEL,16th-century English people,People of the Tudor period
DEL,16th-century Welsh people,People of the Tudor period
DEL,People from Wolverhampton,People educated at Wolverhampton Grammar School
DEL,High Holy Days,Ten Days of Repentance
DEL,Minangkabau people,People of Minangkabau descent
DEL,People of Minangkabau descent,Minangkabau people
DEL,Minangkabau people,Malaysian Minangkabau people
DEL,People of Swiss-German descent,Swiss-German people
DEL,Swiss-German people,People of Swiss-German descent
DEL,English people of Ugandan descent,British people of Ugandan descent
DEL,British people of Ugandan descent,English people of Ugandan descent
DEL,Catalans Dragons players,XIII Catalan players
DEL,XIII Catalan players,Catalans Dragons players
DEL,Works by genre,Creative works
DEL,Basketball venues in the United States,American Basketball Association (2000–present) venues
DEL,Arts festivals in Scotland,Cultural festivals in Scotland
DEL,Cultural festivals in Scotland,Arts festivals in Scotland
DEL,Arts festivals in Wales,Cultural festivals in Wales
DEL,Cultural festivals in Wales,Arts festivals in Wales
DEL,Hentai anime and manga,Ecchi anime and manga
DEL,Ecchi anime and manga,Hentai anime and manga
DEL,"Sports venues in San Bernardino County, California",Sports venues in San Bernardino-Riverside Metro
DEL,Sports venues in San Bernardino-Riverside Metro,"Sports venues in San Bernardino County, California"
DEL,"Schools in Fairfax County, Virginia","Classical schools in Fairfax County, Virginia"
DEL,American Calvinist and Reformed Christians,American Calvinist and Reformed Christians by denomination