Abbreviations,Abbreviation,Mx4rwGPa8pwpEbGdrcN5Y29ycA,Abbreviation
Hypotheses,AbductiveInferenceProcess,Mx4rBZ7CSpnAEdqAAAACs6hRXg,AbductiveInferenceProcess
Abortifacients,Abortifacient,Mx4rvgSuQpwpEbGdrcN5Y29ycA,Abortifacient
Accidents,Accident,Mx4rvViib5wpEbGdrcN5Y29ycA,Accident
Dividends,Accumulation_Profits,Mx4rMKGOCrvMEdmAAAACs6hRjg,Accumulation-Profits
Acids,AcidType,Mx4rES1yRgrWEdaAAABQ2sS97g,AcidType
Acrobats,Acrobat,Mx4rv5EdKZwpEbGdrcN5Y29ycA,Acrobat
Acronyms,Acronym,Mx4rvWHOBJwpEbGdrcN5Y29ycA,Acronym
Actinomycetales,Actinomycetales_Order,Mx4rvtYh_ZwpEbGdrcN5Y29ycA,Actinomycetales-Order
Actuaries,Actuary,Mx4rsYyNlohwEdqAAAACs6hRXg,Actuary
Dames,AdultFemaleHuman,Mx4rvVix8ZwpEbGdrcN5Y29ycA,AdultFemaleHuman
Women,AdultFemaleHuman,Mx4rvVix8ZwpEbGdrcN5Y29ycA,AdultFemaleHuman
Advertisements,Advertisement_PCW,Mx4rwP2CJJwpEbGdrcN5Y29ycA,Advertisement-PCW
Advocates,Advocate,Mx4rkpnEysksEdmAAAACs6hRjg,Advocate
Aerosols,AerosolStuff,Mx4rwQBj4pwpEbGdrcN5Y29ycA,AerosolStuff
Affricates,Affricative_Consonant,Mx4rwK4e95wpEbGdrcN5Y29ycA,Affricative-Consonant
Erithacus,AfricanGreyParrot,Mx4rv7vR5ZwpEbGdrcN5Y29ycA,AfricanGreyParrot
Symptoms,AilmentCondition,Mx4rwQwYVpwpEbGdrcN5Y29ycA,AilmentCondition
Syndromes,AilmentConditionTypeBySyndrome,Mx4rv7sZaZwpEbGdrcN5Y29ycA,AilmentConditionTypeBySyndrome
Airfields,Airfield,Mx4rT2uByCTVQdeVZZaE0030Zg,Airfield
Airlines,AirlineCompany,Mx4rvViq7pwpEbGdrcN5Y29ycA,AirlineCompany
Airports,Airport_Physical,Mx4rvVj-r5wpEbGdrcN5Y29ycA,Airport-Physical
Albums,Album_CW,Mx4rwLmi3JwpEbGdrcN5Y29ycA,Album-CW
Alcohols,Alcohol_Compound,Mx4rvVim-JwpEbGdrcN5Y29ycA,Alcohol-Compound
Algae,AlgaeSubkingdom,Mx4rvVkEu5wpEbGdrcN5Y29ycA,AlgaeSubkingdom
Metals,AlkalineEarthMetalElementType,Mx4rIrv2DuxiQdaVSb11xsRi0A,AlkalineEarthMetalElementType
Alkaloids,Alkaloid,Mx4rvVkK35wpEbGdrcN5Y29ycA,Alkaloid
Alkanes,Alkane,Mx4rydvDMuzqQdaLvdv5ptfzVQ,Alkane
Almanacs,Almanac,Mx4rvVjZxJwpEbGdrcN5Y29ycA,Almanac
Almonds,Almond,Mx8Ngh4rvVipdpwpEbGdrcN5Y29ycB4rhb27_IY2QdeEBbPcSwE6yA,"[:FruitFn, :AlmondTree]"
Altars,AltarStage,Mx4rvViUsJwpEbGdrcN5Y29ycA,AltarStage
Alps,Altay_ProvinceRussia,Mx4rOEO5eLllQdePBrf7ILo0VQ,Altay-ProvinceRussia
Ambassadors,Ambassador,Mx4rvrr-aZwpEbGdrcN5Y29ycA,Ambassador
Bison,AmericanBison,Mx4rvhr0dJwpEbGdrcN5Y29ycA,AmericanBison
Amines,Amine,Mx4rv1_6HJwpEbGdrcN5Y29ycA,Amine
Emirs,Amir_HeadOfState,Mx4rvViZ-pwpEbGdrcN5Y29ycA,Amir-HeadOfState
Amphetamines,Amphetamine,Mx4rwP1bk5wpEbGdrcN5Y29ycA,Amphetamine
Amphibians,Amphibian,Mx4rvVjgJJwpEbGdrcN5Y29ycA,Amphibian
Amphitheaters,Amphitheater,Mx4rYDzjmCTVQdeXfaOpKNkSSQ,Amphitheater
Amplifiers,Amplifier,Mx4rvjxerZwpEbGdrcN5Y29ycA,Amplifier
Analgesics,Analgesic,Mx4rvVjr8pwpEbGdrcN5Y29ycA,Analgesic
Anarchists,Anarchist,Mx4rwMXTh5wpEbGdrcN5Y29ycA,Anarchist
Anchovies,Anchovy,Mx4rwHMX8JwpEbGdrcN5Y29ycA,Anchovy
Quechua,AndeanLanguageFamily,Mx4rvVj_7JwpEbGdrcN5Y29ycA,AndeanLanguageFamily
Androgens,Androgen,Mx4rvVr9A5wpEbGdrcN5Y29ycA,Androgen
Anesthesiologists,Anesthesiologist,Mx4rvVjYJJwpEbGdrcN5Y29ycA,Anesthesiologist
Anesthetics,Anesthetic,Mx4rvVjFtJwpEbGdrcN5Y29ycA,Anesthetic
Angels,Angel,Mx4rwQBmFJwpEbGdrcN5Y29ycA,Angel
Angiosperms,AngiospermSpecies,Mx4rvViPFpwpEbGdrcN5Y29ycA,AngiospermSpecies
Anime,Anime,Mx4rwUcs75wpEbGdrcN5Y29ycA,Anime
Anions,Anion,Mx4rpimUiuqPQdaJL4eopsni5w,Anion
Anorectics,Anorectic,Mx4rwP1X7ZwpEbGdrcN5Y29ycA,Anorectic
Ants,Ant,Mx4rvVjecpwpEbGdrcN5Y29ycA,Ant
Antacids,Antacid,Mx4rwP1Y15wpEbGdrcN5Y29ycA,Antacid
Antennas,Antenna,Mx4rvVjSAZwpEbGdrcN5Y29ycA,Antenna
Antibiotics,Antibiotic,Mx4rvVikl5wpEbGdrcN5Y29ycA,Antibiotic
Anticoagulants,Anticoagulant,Mx4rvV3NUpwpEbGdrcN5Y29ycA,Anticoagulant
Anticonvulsants,Anticonvulsant,Mx4rvVoFpJwpEbGdrcN5Y29ycA,Anticonvulsant
Antidepressants,Antidepressant,Mx4rvWUZl5wpEbGdrcN5Y29ycA,Antidepressant
Antiemetics,AntiEmetic,Mx4rwP1Y95wpEbGdrcN5Y29ycA,AntiEmetic
Antihistamines,Antihistamine,Mx4rwP1Z_ZwpEbGdrcN5Y29ycA,Antihistamine
Antioxidants,Antioxidant,Mx4rvjFAqpwpEbGdrcN5Y29ycA,Antioxidant
Antipyretics,Antipyretic,Mx4rwP1aN5wpEbGdrcN5Y29ycA,Antipyretic
Antiseptics,Antiseptic,Mx4rvVtYsZwpEbGdrcN5Y29ycA,Antiseptic
Anxiolytics,Anxiolytic,Mx4rwP34cpwpEbGdrcN5Y29ycA,Anxiolytic
Apartments,ApartmentUnit,Mx4rvVixF5wpEbGdrcN5Y29ycA,ApartmentUnit
Apes,Ape,Mx4rvVicmpwpEbGdrcN5Y29ycA,Ape
Appetizers,Appetizer,Mx4rvVkEgJwpEbGdrcN5Y29ycA,Appetizer
Apples,AppleTree,Mx4rvVjBnZwpEbGdrcN5Y29ycA,AppleTree
Aprons,Apron,Mx4rvVirR5wpEbGdrcN5Y29ycA,Apron
Aqueducts,Aqueduct,Mx4rGDBL3tSzQdaKOcti1qFoQw,Aqueduct
Aquifers,Aquifer,Mx4rzIMJ5TDFEdieNAACs6hciw,Aquifer
Arachnids,Arachnid,Mx4rvVifK5wpEbGdrcN5Y29ycA,Arachnid
Arboreta,Arboretum,Mx4rJxqzdFwxEdqAAAACs71DGQ,Arboretum
Arborists,Arborist,Mx4rGOFiIvpVEdqAAAACs71DGQ,Arborist
Archbishops,Archbishop,Mx4rvePNfZwpEbGdrcN5Y29ycA,Archbishop
Archivists,Archivist,Mx4revPXgitfQdifNqLv5mEwfg,Archivist
Arias,Aria,Mx4rvulC0JwpEbGdrcN5Y29ycA,Aria
Armadillos,Armadillo,Mx4rwP1IB5wpEbGdrcN5Y29ycA,Armadillo
Arrays,Array_DataStructure,Mx4r3NMwBzgtEdaHLgACs0uFOQ,Array-DataStructure
Arsenals,Arsenal,Mx4riBVf0ABuEduAAAACs71DGQ,Arsenal
Arsonists,Arsonist,Mx4rywPTAitbQdiRp5JjG3sBuw,Arsonist
Arthropods,Arthropod,Mx4rvViwSJwpEbGdrcN5Y29ycA,Arthropod
Arts,Arts,Mx4rv9muppwpEbGdrcN5Y29ycA,Arts
Associations,Association,Mx4rwH-3XJwpEbGdrcN5Y29ycA,Association
Asteroids,Asteroid,Mx4rvVjB1JwpEbGdrcN5Y29ycA,Asteroid
Astronomers,Astronomer,Mx4rvVj_A5wpEbGdrcN5Y29ycA,Astronomer
Atheists,Atheist,Mx4rvbK69JwpEbGdrcN5Y29ycA,Atheist
Atlases,Atlas,Mx4rwFzDzJwpEbGdrcN5Y29ycA,Atlas
Atolls,Atoll,Mx4rvVjZCZwpEbGdrcN5Y29ycA,Atoll
Atoms,Atom,Mx4rvViR75wpEbGdrcN5Y29ycA,Atom
Autobiographies,Autobiography,Mx4rvbZoS5wpEbGdrcN5Y29ycA,Autobiography
Avalanches,Avalanche,Mx4rwTjbN5wpEbGdrcN5Y29ycA,Avalanche
Ayatollahs,Ayatollah,Mx4r8QiLguJbEdiOzgACs6hcqg,Ayatollah
Bacillales,Bacillales_Order,Mx4rvdbbMZwpEbGdrcN5Y29ycA,Bacillales-Order
Bacteriophages,Bacteriophage,Mx4rv9XuR5wpEbGdrcN5Y29ycA,Bacteriophage
Bacteria,Bacterium,Mx4rvVjU-5wpEbGdrcN5Y29ycA,Bacterium
Bakers,Baker,Mx4rvVjlpJwpEbGdrcN5Y29ycA,Baker
Bakeries,Bakery,Mx4rvViUoJwpEbGdrcN5Y29ycA,Bakery
Ballads,Ballad_CW,Mx4rvCSlHMiWEdmAAAACs6hRjg,Ballad-CW
Ballerinas,Ballerina,Mx4rvgH0a5wpEbGdrcN5Y29ycA,Ballerina
Ballets,BalletDancePerformance,Mx4rvYkGtJwpEbGdrcN5Y29ycA,BalletDancePerformance
Balloons,Balloon,Mx4rvVjsl5wpEbGdrcN5Y29ycA,Balloon
Robbers,BankRobber,Mx4rP9eqpiwaEdiUggAH6RYvSQ,BankRobber
Barbiturates,Barbiturate,Mx4rwP1YXpwpEbGdrcN5Y29ycA,Barbiturate
Barcodes,Barcode,Mx4rvq3c4pwpEbGdrcN5Y29ycA,Barcode
Barges,Barge,Mx4rv68PXpwpEbGdrcN5Y29ycA,Barge
Baritones,Baritone_Singer,Mx4rvzoMspwpEbGdrcN5Y29ycA,Baritone-Singer
Barns,Barn,Mx4rvWKUxJwpEbGdrcN5Y29ycA,Barn
Barnacles,Barnacle,Mx4rvViIdJwpEbGdrcN5Y29ycA,Barnacle
Barons,Baron,Mx4rwNcrupwpEbGdrcN5Y29ycA,Baron
Baronets,Baronet,Mx4rvm8qF5wpEbGdrcN5Y29ycA,Baronet
Bartenders,Bartender,Mx4rvVjj1ZwpEbGdrcN5Y29ycA,Bartender
Batanes,Batanes_ProvincePhilippines,Mx4rwFYpApwpEbGdrcN5Y29ycA,Batanes-ProvincePhilippines
Battalions,Battalion_MilitaryEchelon,Mx4rvumfE5wpEbGdrcN5Y29ycA,Battalion-MilitaryEchelon
Battles,Battle,Mx4rvViusJwpEbGdrcN5Y29ycA,Battle
Battleships,Battleship,Mx4rwQCY1pwpEbGdrcN5Y29ycA,Battleship
Euphydryas,BayCheckerspotButterfly,Mx4rwDD315wpEbGdrcN5Y29ycA,BayCheckerspotButterfly
Bazaars,Bazaar_Marketplace,Mx4r9qe5DFhxEdqAAAACs71DGQ,Bazaar-Marketplace
Beaches,Beach,Mx4rvVjvKZwpEbGdrcN5Y29ycA,Beach
Bears,Bear_Animal,Mx4rvVjGfpwpEbGdrcN5Y29ycA,Bear-Animal
Curlers,BeautyDevice,Mx4rvVkLnZwpEbGdrcN5Y29ycA,BeautyDevice
Beavers,Beaver,Mx4rvVijlJwpEbGdrcN5Y29ycA,Beaver
Bees,Bee,Mx4rvVkHLZwpEbGdrcN5Y29ycA,Bee
Fagales,BeechOrder,Mx4rvVj1OpwpEbGdrcN5Y29ycA,BeechOrder
Beekeepers,Beekeeper,Mx4rgXCcwtnXQdicdbI1HTUQQw,Beekeeper
Beetles,Beetle,Mx4rvVi8cpwpEbGdrcN5Y29ycA,Beetle
Beggars,Beggar,Mx4radGw6Eb-EdqAAAACs71DGQ,Beggar
Belarus,Belarus,Mx4rvVjw35wpEbGdrcN5Y29ycA,Belarus
Benzodiazepines,Benzodiazepine,Mx4rv5X5spwpEbGdrcN5Y29ycA,Benzodiazepine
Bibliographies,Bibliography,Mx4rvit3I5wpEbGdrcN5Y29ycA,Bibliography
Banknotes,Bill_Currency,Mx4rvViJj5wpEbGdrcN5Y29ycA,Bill-Currency
Billboards,Billboard,Mx4rvViflJwpEbGdrcN5Y29ycA,Billboard
Billionaires,Billionaire,Mx4rlyOvVyp4EdiUfwAH6RYvSQ,Billionaire
Biochemists,Biochemist,Mx4rvVj7pJwpEbGdrcN5Y29ycA,Biochemist
Bioethicists,Bioethicist,Mx4r9K_WnCwKQdiEMdNMJDDpBQ,Bioethicist
Biographers,Biographer,Mx4rvmIcyZwpEbGdrcN5Y29ycA,Biographer
Genera,BiologicalGenus,Mx4rvVian5wpEbGdrcN5Y29ycA,BiologicalGenus
Phyla,BiologicalPhylum,Mx4rvViYE5wpEbGdrcN5Y29ycA,BiologicalPhylum
Biologists,Biologist,Mx4rvVikRZwpEbGdrcN5Y29ycA,Biologist
Biomes,BiomeType,Mx4rwNQuD5wpEbGdrcN5Y29ycA,BiomeType
BIOS,BIOSChip,Mx4rvurKzJwpEbGdrcN5Y29ycA,BIOSChip
Biscuits,Biscuit,Mx4rwQCF3pwpEbGdrcN5Y29ycA,Biscuit
Angus,BlackAngusCattle,Mx4roXxuPjgNEdqAAAACs6hRXg,BlackAngusCattle
Ferrets,BlackFootedFerret,Mx4rv0zJz5wpEbGdrcN5Y29ycA,BlackFootedFerret
Cyanobacteria,BlueGreenAlgae,Mx4rvViFLpwpEbGdrcN5Y29ycA,BlueGreenAlgae
Jays,Bluejay,Mx4rvWTZBpwpEbGdrcN5Y29ycA,Bluejay
Blues,BluesMusic,Mx4rv_-aApwpEbGdrcN5Y29ycA,BluesMusic
Boathouses,Boathouse,Mx4r8yCObPnPEdqAAAACs71DGQ,Boathouse
Bodyguards,Bodyguard_Occupation,Mx4rfGFgUv3AQded1NmObieo4Q,Bodyguard-Occupation
Bogs,Bog,Mx4r1WsAbqL5EdqAAAAOpmP6eA,Bog
Boilers,Boiler_Device,Mx4rwU6bAZwpEbGdrcN5Y29ycA,Boiler-Device
Submunitions,BombSubmunition,Mx4rvvw-WJwpEbGdrcN5Y29ycA,BombSubmunition
Bonsai,BonsaiTree,Mx4rviw3BJwpEbGdrcN5Y29ycA,BonsaiTree
Bookstores,Bookstore,Mx4rvVjzyZwpEbGdrcN5Y29ycA,Bookstore
Boots,Boot_Footwear,Mx4rvVisaJwpEbGdrcN5Y29ycA,Boot-Footwear
Boroughs,Borough,Mx4row2WOHwNQdeFcucrvFV0yw,Borough
Botanists,Botanist,Mx4rvVireZwpEbGdrcN5Y29ycA,Botanist
Boxers,Boxer,Mx4rvViXA5wpEbGdrcN5Y29ycA,Boxer
Boycotts,Boycott_Economic,Mx4rwMCh_pwpEbGdrcN5Y29ycA,Boycott-Economic
Brakes,Brandy_Liquor,Mx4rvlUWSJwpEbGdrcN5Y29ycA,Brandy-Liquor
Bricks,Brick,Mx4rvVj-spwpEbGdrcN5Y29ycA,Brick
Bridges,Bridge,Mx4rvgD1IZwpEbGdrcN5Y29ycA,Bridge
Brigs,Brig,Mx4rR-MIkSsyEdiaugAH6RYvVQ,Brig
Brigades,Brigade_MilitaryEchelon,Mx4rLvHKZDt6EdaAAACgye-oRQ,Brigade-MilitaryEchelon
Bronchodilators,Bronchodilator,Mx4rvViIqZwpEbGdrcN5Y29ycA,Bronchodilator
Brothels,Brothel,Mx4rvV5VcJwpEbGdrcN5Y29ycA,Brothel
Pelecanus,BrownPelican,Mx4rvrCAMJwpEbGdrcN5Y29ycA,BrownPelican
Terriers,BrusselsGriffon,Mx4rMWkHHn-2EdaAAAACs0uFOQ,BrusselsGriffon
Hornworts,BryophytaDivision,Mx4rvVjol5wpEbGdrcN5Y29ycA,BryophytaDivision
Mosses,BryophytaDivision,Mx4rvVjol5wpEbGdrcN5Y29ycA,BryophytaDivision
Bryophytes,Bryophyte,Mx4rvVjo05wpEbGdrcN5Y29ycA,Bryophyte
Bubbles,Bubble,Mx4rc0n4Oi9IQdiJuZpQwHgN5Q,Bubble
Buddhas,Buddhism,Mx4rvVjmnZwpEbGdrcN5Y29ycA,Buddhism
Budgets,Budget,Mx4rvVih4ZwpEbGdrcN5Y29ycA,Budget
Buffers,Buffer,Mx4rvVj6u5wpEbGdrcN5Y29ycA,Buffer
Bulldozers,Bulldozer,Mx4rvVj_AJwpEbGdrcN5Y29ycA,Bulldozer
Bunkers,Bunker,Mx4rDrDZAPrmEdmAAAAOpmP6tw,Bunker
Burglars,Burglar,Mx4rdaj8KizSQdiAMNPdEsK_tA,Burglar
Shrubs,Bush,Mx4rvViaLZwpEbGdrcN5Y29ycA,Bush
Buses,Butcher,Mx4rvVjvqJwpEbGdrcN5Y29ycA,Butcher
Butchers,Butcher,Mx4rvVjvqJwpEbGdrcN5Y29ycA,Butcher
Butterflies,Butterfly,Mx4rwP1eaJwpEbGdrcN5Y29ycA,Butterfly
Cacti,Cactus,Mx4rvVib2JwpEbGdrcN5Y29ycA,Cactus
Cakes,Cake,Mx4rvViDipwpEbGdrcN5Y29ycA,Cake
Calculators,Calculator,Mx4rvVjatJwpEbGdrcN5Y29ycA,Calculator
Centuries,CalendarCentury,Mx4rvVi49pwpEbGdrcN5Y29ycA,CalendarCentury
Decades,CalendarDecade,Mx4rvVi5N5wpEbGdrcN5Y29ycA,CalendarDecade
Months,CalendarMonth,Mx4rvVjAKZwpEbGdrcN5Y29ycA,CalendarMonth
Weeks,CalendarWeek,Mx4rvVjAZJwpEbGdrcN5Y29ycA,CalendarWeek
Campuses,Campus,Mx4rvVj29ZwpEbGdrcN5Y29ycA,Campus
Canals,Canal,Mx4rvVjzcZwpEbGdrcN5Y29ycA,Canal
Candles,Candle,Mx4rvVikZ5wpEbGdrcN5Y29ycA,Candle
Canids,CanineAnimal,Mx4rvVjQRJwpEbGdrcN5Y29ycA,CanineAnimal
Canines,CanineAnimal,Mx4rvVjQRJwpEbGdrcN5Y29ycA,CanineAnimal
Cannibals,Cannibal,Mx4rq62uDqAzQdiT6MyuMWko1Q,Cannibal
Cannon,Cannon,Mx4rv53PcZwpEbGdrcN5Y29ycA,Cannon
Caps,Cap,Mx4rvgHnapwpEbGdrcN5Y29ycA,Cap
Capacitors,Capacitor,Mx4rvVi5dJwpEbGdrcN5Y29ycA,Capacitor
Capitals,CapitalCityOfRegion,Mx4rvVjylZwpEbGdrcN5Y29ycA,CapitalCityOfRegion
Capuchins,Capuchin,Mx4rleGrsQCZEdeApQADR6QijQ,Capuchin
Carbohydrates,CarbohydrateStuff,Mx4rvbylZJwpEbGdrcN5Y29ycA,CarbohydrateStuff
Carbonates,CarbonateIon,Mx4r7_AtLPZRQdaesqN0KpMusQ,CarbonateIon
Carcinogens,CarcinogenType,Mx4rPwvRMnZnQdePE8nJzK_Qig,CarcinogenType
Cardinalis,Cardinal_Bird,Mx4rvVop-pwpEbGdrcN5Y29ycA,Cardinal-Bird
Cardiologists,Cardiologist,Mx4rvViLqZwpEbGdrcN5Y29ycA,Cardiologist
Freighters,CargoShip,Mx4rwQCRkZwpEbGdrcN5Y29ycA,CargoShip
Carnivals,Carnival,Mx4rwPzrQ5wpEbGdrcN5Y29ycA,Carnival
Carnivores,Carnivore,Mx4rvVkE9ZwpEbGdrcN5Y29ycA,Carnivore
Carousels,Carousel,Mx4rvgEDJ5wpEbGdrcN5Y29ycA,Carousel
Carp,Carp,Mx4rvVi76pwpEbGdrcN5Y29ycA,Carp
Carpenters,Carpenter,Mx4rvVkDQ5wpEbGdrcN5Y29ycA,Carpenter
Casinos,Casino_Organization,Mx4rvw_jMpwpEbGdrcN5Y29ycA,Casino-Organization
Castles,Castle,Mx4rvgEGtpwpEbGdrcN5Y29ycA,Castle
Cats,Cat,Mx4rvVkFc5wpEbGdrcN5Y29ycA,Cat
Catalogues,Catalog_CW,Mx4rYcfcNtvvQdiGkqL51MjX4Q,Catalog-CW
Catanduanes,Catanduanes_ProvincePhilippines,Mx4rwLkMhZwpEbGdrcN5Y29ycA,Catanduanes-ProvincePhilippines
Catecholamines,Catecholamine,Mx4rvr93TJwpEbGdrcN5Y29ycA,Catecholamine
Cathedrals,Cathedral,Mx4rvVigPpwpEbGdrcN5Y29ycA,Cathedral
Catholics,CatholicPerson,Mx4rwFAJYpwpEbGdrcN5Y29ycA,CatholicPerson
Cations,Cation,Mx4ro-BkkuqPQdaN4aO8svG_Jg,Cation
Cattle,Cattle_Domestic,Mx4rvVjBaZwpEbGdrcN5Y29ycA,Cattle-Domestic
Causeways,Causeway,Mx4rx_LqKCTaQdeDobXeN24CKg,Causeway
Caves,Cave,Mx4rvViDMJwpEbGdrcN5Y29ycA,Cave
Roe,Caviar,Mx4rv5woPpwpEbGdrcN5Y29ycA,Caviar
Ceilings,CeilingOfARoom,Mx4rvVj3Q5wpEbGdrcN5Y29ycA,CeilingOfARoom
Cells,Cell,Mx4rvVjuY5wpEbGdrcN5Y29ycA,Cell
Cellists,Cellist,Mx8Ngh4rvW-_IZwpEbGdrcN5Y29ycB4rvV7b45wpEbGdrcN5Y29ycA,"[:PlayerOfInstrumentFn, :Cello]"
Cellos,Cello,Mx4rvV7b45wpEbGdrcN5Y29ycA,Cello
Censuses,Census,Mx4rCbB68i9DQdiKK7a7tRjq7Q,Census
Centrifuges,Centrifuge,Mx4rvgELvJwpEbGdrcN5Y29ycA,Centrifuge
Cephalopods,Cephalopod,Mx4rvZoocpwpEbGdrcN5Y29ycA,Cephalopod
Ceramics,Ceramic,Mx4rvViGupwpEbGdrcN5Y29ycA,Ceramic
Ceremonies,Ceremony,Mx4rvVjq_JwpEbGdrcN5Y29ycA,Ceremony
Cetaceans,Cetacean,Mx4rvViMn5wpEbGdrcN5Y29ycA,Cetacean
Chad,Chad,Mx4rvViCj5wpEbGdrcN5Y29ycA,Chad
Chains,Chain,Mx4rvVjNfZwpEbGdrcN5Y29ycA,Chain
Chairs,Chair_PieceOfFurniture,Mx4rvVjo_ZwpEbGdrcN5Y29ycA,Chair-PieceOfFurniture
Chalcogens,ChalcogenElementType,Mx4rSoV_1OxiQdaDqKbeb3ckaA,ChalcogenElementType
Nonmetals,ChalcogenElementType,Mx4rSoV_1OxiQdaDqKbeb3ckaA,ChalcogenElementType
Chameleons,Chameleon,Mx4rvVjxLJwpEbGdrcN5Y29ycA,Chameleon
Chapels,Chapel,Mx4rv4J3IZwpEbGdrcN5Y29ycA,Chapel
Checkpoints,Checkpoint,Mx4r6FVkrvfbEdmAAAACs6hO_g,Checkpoint
Cheerleaders,Cheerleader,Mx4rwQBvF5wpEbGdrcN5Y29ycA,Cheerleader
Cheeses,Cheese,Mx4rvVjOAZwpEbGdrcN5Y29ycA,Cheese
Cheesemakers,Cheesemaker,Mx4rvVjjmpwpEbGdrcN5Y29ycA,Cheesemaker
Chimneys,Chimney,Mx4rQUU4BC-MEdqAAAACs71DGQ,Chimney
Chimpanzees,Chimpanzee,Mx4rvVjiU5wpEbGdrcN5Y29ycA,Chimpanzee
Chipmunks,Chipmunk,Mx4rvVkIspwpEbGdrcN5Y29ycA,Chipmunk
Choirs,Choir,Mx4rrIFTAlxnEdqAAAACs71DGQ,Choir
Chordates,ChordataPhylum,Mx4rvVkGO5wpEbGdrcN5Y29ycA,ChordataPhylum
Christians,ChristianPerson,Mx4rwQB295wpEbGdrcN5Y29ycA,ChristianPerson
Chroniclers,Chronicler,Mx4rov-Vlsr-EdmAAAACs6hRjg,Chronicler
Cigars,Cigar,Mx4rvVjIKpwpEbGdrcN5Y29ycA,Cigar
Cigarettes,Cigarette,Mx4rwPzxnJwpEbGdrcN5Y29ycA,Cigarette
Ciliates,Ciliate,Mx4rvVikGJwpEbGdrcN5Y29ycA,Ciliate
Circuses,Circus,Mx4rvVi1f5wpEbGdrcN5Y29ycA,Circus
Cirques,Cirque,Mx4rzkwSgiTaQdeO4p5Nb90Sww,Cirque
Clamps,Clamp_Tool,Mx4rwI4V1pwpEbGdrcN5Y29ycA,Clamp-Tool
Clarinets,Clarinet,Mx4rwQrt5ZwpEbGdrcN5Y29ycA,Clarinet
Cliffs,Cliff,Mx4rvVjU5pwpEbGdrcN5Y29ycA,Cliff
Seasons,ClimaticSeasons_Time_Topic,Mx4r6rABVmJsQdiFwZXPPrBO6A,ClimaticSeasons-Time-Topic
Climbers,Climber_Athlete,Mx4rKoAbOssTEdmAAAACs6hRjg,Climber-Athlete
Clocks,Clock,Mx4rvVjz8pwpEbGdrcN5Y29ycA,Clock
Clostridiales,Clostridiales_Order,Mx4rvajBxJwpEbGdrcN5Y29ycA,Clostridiales-Order
Fabrics,Cloth,Mx4rvVkJCZwpEbGdrcN5Y29ycA,Cloth
Clouds,Clown,Mx4rvgHzjJwpEbGdrcN5Y29ycA,Clown
Clowns,Clown,Mx4rvgHzjJwpEbGdrcN5Y29ycA,Clown
Coal,Coal,Mx4rwPRtHpwpEbGdrcN5Y29ycA,Coal
Coats,Coat,Mx4rvVjhHpwpEbGdrcN5Y29ycA,Coat
Cables,Cockatoo,Mx4r7y43RvAjQdaWw8txoC6XFw,Cockatoo
Cockroaches,Cockroach,Mx4rvViJOpwpEbGdrcN5Y29ycA,Cockroach
Cocktails,CocktailDrink,Mx4rv2GPW5wpEbGdrcN5Y29ycA,CocktailDrink
Coffins,Coffin,Mx4rwPzb-ZwpEbGdrcN5Y29ycA,Coffin
Cola,ColaSoftDrink,Mx4rvViROpwpEbGdrcN5Y29ycA,ColaSoftDrink
Collectors,Collector,Mx4rwN8ikpwpEbGdrcN5Y29ycA,Collector
Fraternities,CollegeFraternalGreekOrganization,Mx4rvVkHhpwpEbGdrcN5Y29ycA,CollegeFraternalGreekOrganization
Colloids,Colloid,Mx4rwByX95wpEbGdrcN5Y29ycA,Colloid
Fuels,CombustibleFuelSubstance,Mx4rvVitW5wpEbGdrcN5Y29ycA,CombustibleFuelSubstance
Comets,Comet,Mx4rvViVppwpEbGdrcN5Y29ycA,Comet
Commentators,Commentator,Mx4rWUNxOjDQQdiGWKzgKd8ipQ,Commentator
Airliners,CommercialAirliner,Mx4r0Z1FHjDhQdiBpokGyffSPA,CommercialAirliner
Commissions,Commission_Organization,Mx4rhHJlMjlSEdeUggACs2TnIQ,Commission-Organization
Communists,Communist,Mx4rvlAIgZwpEbGdrcN5Y29ycA,Communist
Communities,Community,Mx4rvdFcWZwpEbGdrcN5Y29ycA,Community
Comoros,Comoros_TheNation,Mx4rvViEXpwpEbGdrcN5Y29ycA,Comoros-TheNation
Anthologies,ConceptualWorkSeries_Periodic,Mx4rEgQxOvRgQdeVysqI1MgOjA,ConceptualWorkSeries-Periodic
Concertos,Concerto,Mx4rwKAH-ZwpEbGdrcN5Y29ycA,Concerto
Condiments,Condiment,Mx4rvVjdfZwpEbGdrcN5Y29ycA,Condiment
Condoms,Condom,Mx4rwP1mBpwpEbGdrcN5Y29ycA,Condom
Condominiums,Condominium,Mx4rvWRBg5wpEbGdrcN5Y29ycA,Condominium
Conflicts,ConflictEvent,Mx4rvyEmy5wpEbGdrcN5Y29ycA,ConflictEvent
Conifers,Conifer,Mx4rvVihh5wpEbGdrcN5Y29ycA,Conifer
Consonants,Consonant,Mx4rvgFDnZwpEbGdrcN5Y29ycA,Consonant
Constellations,Constellation,Mx4rwPuslJwpEbGdrcN5Y29ycA,Constellation
Constitutions,Constitution,Mx4rGH9VFrvUEdmAAAACs6hRjg,Constitution
Consultants,Consultant,Mx4rwP3EHJwpEbGdrcN5Y29ycA,Consultant
Contents,Content,Mx4r0IhRkMb6EdmAAAACs6hRjg,Content
Continents,Continent_Generic,Mx4rrUePtGV9Ed2AAABQjYGu0g,Continent-Generic
Contortionists,Contortionist,Mx4rvt6ofZwpEbGdrcN5Y29ycA,Contortionist
Controversies,ControversialAction,Mx4rvViAE5wpEbGdrcN5Y29ycA,ControversialAction
Convents,Convent_Residence,Mx4rENHUNCTbQdeVBuqOqTr7Lw,Convent-Residence
Convertibles,ConvertibleCar,Mx4rvVih3ZwpEbGdrcN5Y29ycA,ConvertibleCar
Cookbooks,CookBook,Mx4rwCEZ-5wpEbGdrcN5Y29ycA,CookBook
Cookies,Cookie,Mx4rvViDSJwpEbGdrcN5Y29ycA,Cookie
Collectives,CooperativeOrganization,Mx4rvVzYvpwpEbGdrcN5Y29ycA,CooperativeOrganization
Cooperatives,CooperativeOrganization,Mx4rvVzYvpwpEbGdrcN5Y29ycA,CooperativeOrganization
Scribes,Copyist,Mx4rzx8SossVEdmAAAACs6hRjg,Copyist
Corps,Corps_MilitaryEchelon,Mx4rkuMrLG3OEdaAAACgye-oRQ,Corps-MilitaryEchelon
Corpora,Corpus,Mx4rgRNvhqpIEdaAAABQ2sS97g,Corpus
Corticosteroids,Corticosteroid,Mx4rwQr9PZwpEbGdrcN5Y29ycA,Corticosteroid
Corvettes,Corvette_Ship,Mx4rwN4c3pwpEbGdrcN5Y29ycA,Corvette-Ship
Cosmetics,CosmeticsMarketCategory,Mx4rwP1iBJwpEbGdrcN5Y29ycA,CosmeticsMarketCategory
Counts,Count_Nobleman,Mx4rvm64yZwpEbGdrcN5Y29ycA,Count-Nobleman
Countesses,Countess,Mx4rvtGrlZwpEbGdrcN5Y29ycA,Countess
Sedans,CountrySedanCar,Mx4rwBQbsJwpEbGdrcN5Y29ycA,CountrySedanCar
Counties,County,Mx4rvVjkmJwpEbGdrcN5Y29ycA,County
Courts,Court_Judicial,Mx4rwIt59JwpEbGdrcN5Y29ycA,Court-Judicial
Bovines,Cow,Mx4rwOz9NJwpEbGdrcN5Y29ycA,Cow
Crabs,Crab,Mx4rvViIMZwpEbGdrcN5Y29ycA,Crab
Crafts,CraftActivity,Mx4rv3YRB5wpEbGdrcN5Y29ycA,CraftActivity
Artisans,CraftWorker,Mx4rvVie_pwpEbGdrcN5Y29ycA,CraftWorker
Crayfish,Crayfish,Mx4rvViySpwpEbGdrcN5Y29ycA,Crayfish
Rowers,CrewTeam,Mx4rwPzhAJwpEbGdrcN5Y29ycA,CrewTeam
Crickets,Cricket_Insect,Mx4rvVkApZwpEbGdrcN5Y29ycA,Cricket-Insect
Crimes,CriminalAct,Mx4rwQrrDJwpEbGdrcN5Y29ycA,CriminalAct
Bloods,CriminalOrganization,Mx4rv60405wpEbGdrcN5Y29ycA,CriminalOrganization
Crips,CriminalOrganization,Mx4rv60405wpEbGdrcN5Y29ycA,CriminalOrganization
Criminologists,Criminologist,Mx4r5mDWJrZwEdmAAAACs4vPlg,Criminologist
Critics,Critic,Mx4rxLwPEBPHQdiOxIH5gWCidg,Critic
Crops,Crop,Mx4rvXdCPZwpEbGdrcN5Y29ycA,Crop
Crossbows,Crossbow,Mx4rvVjCKpwpEbGdrcN5Y29ycA,Crossbow
Crows,Crow,Mx4rvViHS5wpEbGdrcN5Y29ycA,Crow
Crowns,Crown,Mx4rvW19gpwpEbGdrcN5Y29ycA,Crown
Cruisers,Cruiser,Mx4rwFE2IZwpEbGdrcN5Y29ycA,Cruiser
Crusades,Crusade,Mx4rynt4BC0TQdiQkJbj8zfCIA,Crusade
Crustaceans,Crustacean,Mx4rvVizJ5wpEbGdrcN5Y29ycA,Crustacean
Cryptographers,Cryptographer,Mx4rwVHafZwpEbGdrcN5Y29ycA,Cryptographer
Cuckoos,Cuckoo,Mx4rwP1k0pwpEbGdrcN5Y29ycA,Cuckoo
Cults,Cult,Mx4rlyPWYip4EdiUfwAH6RYvSQ,Cult
Cultivars,Cultivar,Mx4r6DQWeCeAQdiRwbH-MTYaMQ,Cultivar
Civilizations,Culture_Civilization,Mx4rfG66qMsfEdmAAAACs6hRjg,Culture-Civilization
Curricula,Curriculum,Mx4rckY6CCzvQdiGIbNR1vMN4A,Curriculum
Oncorhynchus,CutthroatTrout,Mx4rwEJV1ZwpEbGdrcN5Y29ycA,CutthroatTrout
Cycads,Cycad,Mx4rvVigPZwpEbGdrcN5Y29ycA,Cycad
Cymbals,Cymbal,Mx4rwPR1A5wpEbGdrcN5Y29ycA,Cymbal
Cytokines,Cytokine,Mx4rwBQVa5wpEbGdrcN5Y29ycA,Cytokine
Daggers,Dagger,Mx4rwQCclpwpEbGdrcN5Y29ycA,Dagger
Bandleaders,DanceBandLeader,Mx4rMTEsOMQDEdmAAAACs6hRjg,DanceBandLeader
Darts,DartsGame,Mx4rwKx-JZwpEbGdrcN5Y29ycA,DartsGame
Dates,Date,Mx4rvVisWZwpEbGdrcN5Y29ycA,Date
Debuggers,DebuggerProgram,Mx4rvipchZwpEbGdrcN5Y29ycA,DebuggerProgram
Decongestants,Decongestant,Mx4rvViXuZwpEbGdrcN5Y29ycA,Decongestant
Ornaments,Decoration,Mx4rwPfSRZwpEbGdrcN5Y29ycA,Decoration
Deer,Deer,Mx4rvVi-jpwpEbGdrcN5Y29ycA,Deer
Defectors,Defector,Mx4rNDp-Liz3QdiLxOQYOKGvgw,Defector
Deserts,Desert,Mx4rvVjreZwpEbGdrcN5Y29ycA,Desert
Desks,Desk_PieceOfFurniture,Mx4rvVjfVpwpEbGdrcN5Y29ycA,Desk-PieceOfFurniture
Desserts,DessertFood,Mx4rvVkKypwpEbGdrcN5Y29ycA,DessertFood
Destroyers,Destroyer,Mx4rwQCZ_pwpEbGdrcN5Y29ycA,Destroyer
Detonators,Detonator,Mx4rvmYrGpwpEbGdrcN5Y29ycA,Detonator
Diacritics,DiacriticMark,Mx4rwIcAOZwpEbGdrcN5Y29ycA,DiacriticMark
Diagrams,Diagram,Mx4rj5sOQCzGEdiUgwAH6RYvSQ,Diagram
Diapers,Diaper,Mx4rvVjI0JwpEbGdrcN5Y29ycA,Diaper
Diarists,Diarist,Mx4rDO55UMsIEdmAAAACs6hRjg,Diarist
Diaries,Diary,Mx4rvVjU4JwpEbGdrcN5Y29ycA,Diary
Diatoms,Diatom,Mx4rvVilW5wpEbGdrcN5Y29ycA,Diatom
Dice,DiceGame,Mx4rwRR6k5wpEbGdrcN5Y29ycA,DiceGame
Dictionaries,Dictionary,Mx4rvVjKWpwpEbGdrcN5Y29ycA,Dictionary
Diets,DietProgram,Mx4roTc2YL7GQdeOz4rwGpx0hA,DietProgram
Camcorders,DigitalCamcorder,Mx4rvXmVQJwpEbGdrcN5Y29ycA,DigitalCamcorder
Dikes,Dike,Mx4rvVjEWZwpEbGdrcN5Y29ycA,Dike
Diners,Diner,Mx4rvVj6sZwpEbGdrcN5Y29ycA,Diner
Dinghies,Dinghy,Mx4rvgD62ZwpEbGdrcN5Y29ycA,Dinghy
Dinosaurs,Dinosaur,Mx4rwQBqYJwpEbGdrcN5Y29ycA,Dinosaur
Diodes,Diode,Mx4rv-wjgpwpEbGdrcN5Y29ycA,Diode
Directories,Directory_ReferenceWork,Mx4rwVIiy5wpEbGdrcN5Y29ycA,Directory-ReferenceWork
Disasters,DisasterEvent,Mx4rwP1YzJwpEbGdrcN5Y29ycA,DisasterEvent
Disinfectants,DisinfectantSubstance,Mx4rwOtWKZwpEbGdrcN5Y29ycA,DisinfectantSubstance
Exhibitions,DisplayingSomething,Mx4rvVikupwpEbGdrcN5Y29ycA,DisplayingSomething
Diuretics,Diuretic,Mx4rwP1X2pwpEbGdrcN5Y29ycA,Diuretic
Divers,Diver,Mx4rvVjR9ZwpEbGdrcN5Y29ycA,Diver
Wharves,Dock,Mx4rvgES8pwpEbGdrcN5Y29ycA,Dock
Osteopaths,Doctor_Osteopathic,Mx4rvWVwiJwpEbGdrcN5Y29ycA,Doctor-Osteopathic
Documents,Document_CW,Mx4r1c41Pji8Ed2AAAACs6hRXg,Document-CW
Documentaries,Documentary_Genre,Mx4rG1GLHnS7EdaAAACgyZzFrg,Documentary-Genre
Dolls,Doll_Toy,Mx4rvgEWHpwpEbGdrcN5Y29ycA,Doll-Toy
Dolphins,Dolphin,Mx4rvVj0wpwpEbGdrcN5Y29ycA,Dolphin
Domes,Dome,Mx4rVbC1tIa0EdqAAAACs71DGQ,Dome
Pets,DomesticPet,Mx4rvVkFMpwpEbGdrcN5Y29ycA,DomesticPet
Donkeys,Donkey,Mx4rvVi_ApwpEbGdrcN5Y29ycA,Donkey
Doors,DoorInABuilding,Mx4rvVj4UZwpEbGdrcN5Y29ycA,DoorInABuilding
Doughnuts,Doughnut,Mx4rwQCLXpwpEbGdrcN5Y29ycA,Doughnut
Dragons,Dragon,Mx4rwPzyTpwpEbGdrcN5Y29ycA,Dragon
Dragonflies,Dragonfly,Mx4rvVjP_JwpEbGdrcN5Y29ycA,Dragonfly
Droughts,Drought,Mx4rvk1f3pwpEbGdrcN5Y29ycA,Drought
Drums,DrumInstrument,Mx4rvVmSe5wpEbGdrcN5Y29ycA,DrumInstrument
Drummers,Drummer,Mx4rwLrP3JwpEbGdrcN5Y29ycA,Drummer
Druze,Druze_Muslim,Mx8Ngh4rwBtg95wpEbGdrcN5Y29ycB4rvVi2EZwpEbGdrcN5Y29ycA,"[:BelieverFn, :DruzeReligion]"
Duchesses,Duchess,Mx4rwOcFjJwpEbGdrcN5Y29ycA,Duchess
Ducks,Duck,Mx4rvVj4kJwpEbGdrcN5Y29ycA,Duck
Dukes,Duke,Mx4rv0mEtJwpEbGdrcN5Y29ycA,Duke
Dumplings,Dumpling,Mx4rt-aDFCwFQdiTFrW9baKjJg,Dumpling
Dunes,Dune,Mx4rwPK2aJwpEbGdrcN5Y29ycA,Dune
Dyes,Dye,Mx4rNDG87GknQdeR4I_eAafewQ,Dye
Eagles,Eagle,Mx4rvViGopwpEbGdrcN5Y29ycA,Eagle
Earls,Earl,Mx4rwFXDRpwpEbGdrcN5Y29ycA,Earl
Earthquakes,Earthquake,Mx4rwQBYpZwpEbGdrcN5Y29ycA,Earthquake
Echinoderms,Echinodermata,Mx4rwJ5IW5wpEbGdrcN5Y29ycA,Echinodermata
Eclipses,Eclipse_CelestialEvent,Mx4rvrbOSpwpEbGdrcN5Y29ycA,Eclipse-CelestialEvent
Ecologists,Ecologist,Mx4rwQCEL5wpEbGdrcN5Y29ycA,Ecologist
Economies,EconomicSystem,Mx4rwI-mXpwpEbGdrcN5Y29ycA,EconomicSystem
Ecosystems,Ecosystem,Mx4rv_UD6pwpEbGdrcN5Y29ycA,Ecosystem
Eggs,Egg,Mx4rvbafcZwpEbGdrcN5Y29ycA,Egg
Eggplants,Eggplant,Mx8Ngh4rvVipdpwpEbGdrcN5Y29ycB4rvptjppwpEbGdrcN5Y29ycA,"[:FruitFn, :EggplantPlant]"
Electricians,Electrician,Mx4rvViGB5wpEbGdrcN5Y29ycA,Electrician
Synthesizers,ElectronicSynthesizer,Mx4rvjd1v5wpEbGdrcN5Y29ycA,ElectronicSynthesizer
Elephants,Elephant,Mx4rvViVeJwpEbGdrcN5Y29ycA,Elephant
Elevators,Elevator,Mx4rvVj3ypwpEbGdrcN5Y29ycA,Elevator
Elves,Elf,Mx4rvYdIVZwpEbGdrcN5Y29ycA,Elf
Paramedics,EmergencyWorker,Mx4rwQr8hpwpEbGdrcN5Y29ycA,EmergencyWorker
Emirates,Emirate_Geopolitical,Mx4rvlwpq5wpEbGdrcN5Y29ycA,Emirate-Geopolitical
Emoticons,Emoticon,Mx4rvaDNm5wpEbGdrcN5Y29ycA,Emoticon
Emperors,Emperor_HeadOfState,Mx4rvViZvZwpEbGdrcN5Y29ycA,Emperor-HeadOfState
Empires,Empire,Mx4rvrUy_ZwpEbGdrcN5Y29ycA,Empire
Dromaius,Emu,Mx4rwBpLoJwpEbGdrcN5Y29ycA,Emu
Ciphers,EncryptedCommunication,Mx4rvWL4ipwpEbGdrcN5Y29ycA,EncryptedCommunication
Encyclopedias,Encyclopedia,Mx4rvVifc5wpEbGdrcN5Y29ycA,Encyclopedia
Performances,EntertainmentPerformance,Mx4rvVjAJ5wpEbGdrcN5Y29ycA,EntertainmentPerformance
Entomologists,Entomologist,Mx4rFHTwOMsbEdmAAAACs6hRjg,Entomologist
Envelopes,Envelope,Mx4rvVjqo5wpEbGdrcN5Y29ycA,Envelope
Environments,Environment_Generic,Mx4rwLW-jpwpEbGdrcN5Y29ycA,Environment-Generic
Environmentalists,Environmentalist,Mx8Ngh4rwBtg95wpEbGdrcN5Y29ycB4rwEw8YpwpEbGdrcN5Y29ycA,"[:BelieverFn, :Environmentalism]"
Enzymes,EnzymeMolecule,Mx4rvfBoWZwpEbGdrcN5Y29ycA,EnzymeMolecule
Epics,EpicPoem_CW,Mx4rulqH1MkrEdmAAAACs6hRjg,EpicPoem-CW
Epidemiologists,Epidemiologist,Mx4rvViKoJwpEbGdrcN5Y29ycA,Epidemiologist
Equations,Equation_MathematicalStatement,Mx4rHBTKnM3nEdmAAAACs6hRjg,Equation-MathematicalStatement
Escarpments,Escarpment,Mx4rVuYm3CTbQdeFI5T0eezPYw,Escarpment
Esters,Ester,Mx4rwQ_uhJwpEbGdrcN5Y29ycA,Ester
Estuaries,Estuary,Mx4rvVjI85wpEbGdrcN5Y29ycA,Estuary
Bodo,EthnicGroupOfBodo,Mx4rkXSy3l9CQdmAdO8LzPho8w,EthnicGroupOfBodo
Dravidians,EthnicGroupOfDravidians,Mx4rvVjAqZwpEbGdrcN5Y29ycA,EthnicGroupOfDravidians
Hmong,EthnicGroupOfHmong,Mx4rvVivApwpEbGdrcN5Y29ycA,EthnicGroupOfHmong
Jews,EthnicGroupOfIsraeliJews,Mx4rvw4jsJwpEbGdrcN5Y29ycA,EthnicGroupOfIsraeliJews
Kalenjin,EthnicGroupOfKalenjin,Mx4rvjVMc5wpEbGdrcN5Y29ycA,EthnicGroupOfKalenjin
Maronites,EthnicGroupOfMaronites,Mx4rvVi2rZwpEbGdrcN5Y29ycA,EthnicGroupOfMaronites
Ethologists,Ethologist,Mx4rvVkATJwpEbGdrcN5Y29ycA,Ethologist
Chromosomes,EukaryoticChromosome,Mx4rv5eB6ZwpEbGdrcN5Y29ycA,EukaryoticChromosome
Eukaryotes,EukaryoticOrganism,Mx4rv8gyOpwpEbGdrcN5Y29ycA,EukaryoticOrganism
Evangelists,Evangelist,Mx4rbuiAOiwGQdiQCKLvGckv4w,Evangelist
Expatriates,Expatriate,Mx4rcSllnCxOQdiI0P90K7qpmQ,Expatriate
Expectorants,Expectorant,Mx4rwP1Z8pwpEbGdrcN5Y29ycA,Expectorant
Explosions,Explosion,Mx4rvgD3bpwpEbGdrcN5Y29ycA,Explosion
Fables,Fable,Mx4rvViJsZwpEbGdrcN5Y29ycA,Fable
Parables,Fable,Mx4rvViJsZwpEbGdrcN5Y29ycA,Fable
Fabulists,Fabulist_Storyteller,Mx4rpwDlNssdEdmAAAACs6hRjg,Fabulist-Storyteller
Fairies,Fairy,Mx4rvwj-OJwpEbGdrcN5Y29ycA,Fairy
Falcons,Falcon,Mx4rvVjqbJwpEbGdrcN5Y29ycA,Falcon
Caracaras,FalconiformOrder,Mx4rvpetSpwpEbGdrcN5Y29ycA,FalconiformOrder
Falconiformes,FalconiformOrder,Mx4rvpetSpwpEbGdrcN5Y29ycA,FalconiformOrder
Famines,Famine,Mx4rvlvvmZwpEbGdrcN5Y29ycA,Famine
Farms,FarmTheOrganization,Mx4rvViqgJwpEbGdrcN5Y29ycA,FarmTheOrganization
Fascists,Fascist,Mx4rv6NB4pwpEbGdrcN5Y29ycA,Fascist
Potamilus,FatPocketbook,Mx4rvrea-JwpEbGdrcN5Y29ycA,FatPocketbook
Feathers,Feather,Mx4rvVjW-5wpEbGdrcN5Y29ycA,Feather
Felines,FelidaeFamily,Mx4rvVj0aZwpEbGdrcN5Y29ycA,FelidaeFamily
Fences,Fence,Mx4rvgEVapwpEbGdrcN5Y29ycA,Fence
Bosons,FermionicCondensate_StateOfMatter,Mx4rz2kVBlIRQdifdK9z29Vw5g,FermionicCondensate-StateOfMatter
Fermions,FermionicCondensate_StateOfMatter,Mx4rz2kVBlIRQdifdK9z29Vw5g,FermionicCondensate-StateOfMatter
Ferries,Ferry,Mx4rwQCasJwpEbGdrcN5Y29ycA,Ferry
Fertilizers,Fertilizer,Mx4rvVjuAJwpEbGdrcN5Y29ycA,Fertilizer
Festivals,Festival,Mx4rvcE-CZwpEbGdrcN5Y29ycA,Festival
Coatings,Film_SheetOrCoating,Mx4rvVigx5wpEbGdrcN5Y29ycA,Film-SheetOrCoating
Cameras,FilmCamera,Mx4r0k4LjJlbQdiCDMRXfw26pQ,FilmCamera
Filters,Filter,Mx4rvVizaZwpEbGdrcN5Y29ycA,Filter
Finches,Finch,Mx4rvWI6MZwpEbGdrcN5Y29ycA,Finch
Fingers,Finger,Mx4rvVi_f5wpEbGdrcN5Y29ycA,Finger
Fires,Fire_CombustionProcess,Mx4rJVWDE7ZqEdmFRAACs6hRjg,Fire-CombustionProcess
Firefighters,Firefighter,Mx4rvgHg8pwpEbGdrcN5Y29ycA,Firefighter
Fireplaces,Fireplace,Mx4rvVj2PZwpEbGdrcN5Y29ycA,Fireplace
Fireworks,Firework_Display,Mx4rvgECNZwpEbGdrcN5Y29ycA,Firework-Display
Fish,Fish,Mx4rvVjfU5wpEbGdrcN5Y29ycA,Fish
Fisheries,Fishery,Mx4rsB8JhCwLQdiLv-Nj07B9TA,Fishery
Fjords,Fjord,Mx4rvViGYZwpEbGdrcN5Y29ycA,Fjord
Flags,Flag,Mx4rvViQupwpEbGdrcN5Y29ycA,Flag
Flagellates,Flagellate,Mx4rvVikWJwpEbGdrcN5Y29ycA,Flagellate
Flamingos,Flamingo,Mx4rvViOOJwpEbGdrcN5Y29ycA,Flamingo
Fleas,Flea,Mx4rvVi775wpEbGdrcN5Y29ycA,Flea
Floors,FloorInAConstruction,Mx4rvVj4k5wpEbGdrcN5Y29ycA,FloorInAConstruction
Flowers,FloweryPlant,Mx4rvVipFpwpEbGdrcN5Y29ycA,FloweryPlant
Reservoirs,FluidReservoir,Mx4rvVj3RZwpEbGdrcN5Y29ycA,FluidReservoir
Flutes,Flute,Mx4rwQrtNZwpEbGdrcN5Y29ycA,Flute
Flies,Fly_Insect,Mx4rvVjaGZwpEbGdrcN5Y29ycA,Fly-Insect
Forests,Forest,Mx4rwVAaWpwpEbGdrcN5Y29ycA,Forest
Glades,ForestClearing,Mx4r-lACFHS7EdaAAACgyZzFrg,ForestClearing
Forts,Fortification,Mx4rGIj4ZLtSEdmAAAACs6hRjg,Fortification
Fossils,Fossil,Mx4rwFdI3ZwpEbGdrcN5Y29ycA,Fossil
Fountains,Fountain_Artificial,Mx4rvs83fZwpEbGdrcN5Y29ycA,Fountain-Artificial
Foxes,Fox,Mx4rvVi-h5wpEbGdrcN5Y29ycA,Fox
Franchises,Franchise,Mx4r4QiLYCxMQdiUxYyN0h-ahA,Franchise
Frigates,Frigate_SailingShip,Mx4rvedtDpwpEbGdrcN5Y29ycA,Frigate-SailingShip
Frogs,Frog,Mx4rvVjcS5wpEbGdrcN5Y29ycA,Frog
Fugitives,Fugitive,Mx4rvnCCKZwpEbGdrcN5Y29ycA,Fugitive
Fungi,Fungus,Mx4rvViZCZwpEbGdrcN5Y29ycA,Fungus
Fur,Fur,Mx4rvViB75wpEbGdrcN5Y29ycA,Fur
Galaxies,Galaxy,Mx4rwPurL5wpEbGdrcN5Y29ycA,Galaxy
Galleons,Galleon,Mx4rwQCVf5wpEbGdrcN5Y29ycA,Galleon
Gangs,Gang,Mx4rvWh8GJwpEbGdrcN5Y29ycA,Gang
Mobsters,Gangster,Mx4rv153ZZwpEbGdrcN5Y29ycA,Gangster
Gases,GaseousTangibleThing,Mx4rvVjFK5wpEbGdrcN5Y29ycA,GaseousTangibleThing
Gastropods,Gastropod,Mx4rvysMbZwpEbGdrcN5Y29ycA,Gastropod
Gates,Gate,Mx4rwQB8kpwpEbGdrcN5Y29ycA,Gate
Gears,Gear,Mx4rvVkBhZwpEbGdrcN5Y29ycA,Gear
Geckos,Gecko,Mx4rvVjw7ZwpEbGdrcN5Y29ycA,Gecko
Geisha,Geisha,Mx4rv0o0C5wpEbGdrcN5Y29ycA,Geisha
Gels,Gel,Mx4rkG3gMV5VEdeHZQACs6hcsw,Gel
Gemstones,GemStone,Mx4rwQCKX5wpEbGdrcN5Y29ycA,GemStone
Genes,Gene_HereditaryUnit,Mx4rv0yv45wpEbGdrcN5Y29ycA,Gene-HereditaryUnit
Generals,General_Rank,Mx4rCX1yJHS-EdaAAACgyZzFrg,General-Rank
Elections,GeneralElection,Mx4r6mdgyNg6EdmAAACQJw5drg,GeneralElection
Drugs,GenericDrug,Mx4rwP3wbpwpEbGdrcN5Y29ycA,GenericDrug
Geneticists,Geneticist,Mx4rvVj_RZwpEbGdrcN5Y29ycA,Geneticist
Genres,Geocode,Mx4rNDPSCLhWEdqAAAACs70rUg,Geocode
Geologists,Geologist,Mx4rvVi4hZwpEbGdrcN5Y29ycA,Geologist
Borders,GeopoliticalBorder,Mx4rvVkLfZwpEbGdrcN5Y29ycA,GeopoliticalBorder
Gerbils,Gerbil,Mx4rvVi_hZwpEbGdrcN5Y29ycA,Gerbil
Gestures,Gesture,Mx4rvVkMBZwpEbGdrcN5Y29ycA,Gesture
Geysers,Geyser,Mx4rvgETPZwpEbGdrcN5Y29ycA,Geyser
Ghosts,Ghost,Mx4rv4IgpZwpEbGdrcN5Y29ycA,Ghost
Giants,Giant,Mx4rvuMG85wpEbGdrcN5Y29ycA,Giant
Thamnophis,GiantGarterSnake,Mx4rvpYcf5wpEbGdrcN5Y29ycA,GiantGarterSnake
Gibbons,Gibbon,Mx4rvViqIZwpEbGdrcN5Y29ycA,Gibbon
Giraffes,Giraffe,Mx4rvVj0QJwpEbGdrcN5Y29ycA,Giraffe
Glaciers,Glacier,Mx4rvgD8xJwpEbGdrcN5Y29ycA,Glacier
Sterna,Gladiolus,Mx4rvW3iAZwpEbGdrcN5Y29ycA,Gladiolus
Gliders,Glider,Mx4rvYBA7pwpEbGdrcN5Y29ycA,Glider
Glossaries,Glossary,Mx4rvn3SS5wpEbGdrcN5Y29ycA,Glossary
Gloves,Glove,Mx4rvViztpwpEbGdrcN5Y29ycA,Glove
Glucocorticoids,Glucocorticoid,Mx4rwBBZtJwpEbGdrcN5Y29ycA,Glucocorticoid
Glyphs,Glyph,Mx4r-AzHGpXOEdaAAAACs1uxFw,Glyph
Goats,Goat,Mx4rvVjiuZwpEbGdrcN5Y29ycA,Goat
Deities,God,Mx4rvVjrCJwpEbGdrcN5Y29ycA,God
Gods,God,Mx4rvVjrCJwpEbGdrcN5Y29ycA,God
Carduelis,Goldfinch,Mx4rvVk-oZwpEbGdrcN5Y29ycA,Goldfinch
Goldfish,Goldfish,Mx4rwP1bWJwpEbGdrcN5Y29ycA,Goldfish
Golfers,Golfer,Mx4rvlU1HZwpEbGdrcN5Y29ycA,Golfer
Geese,Goose_Bird,Mx4rvVkBxpwpEbGdrcN5Y29ycA,Goose-Bird
Gorillas,Gorilla,Mx4rvVjtKZwpEbGdrcN5Y29ycA,Gorilla
Gowns,Gown,Mx4rwPRr4ZwpEbGdrcN5Y29ycA,Gown
Grains,GrainOfCereal,Mx4rvViBppwpEbGdrcN5Y29ycA,GrainOfCereal
Grapefruit,Grapefruit,Mx8Ngh4rvVipdpwpEbGdrcN5Y29ycB4rvVyngpwpEbGdrcN5Y29ycA,"[:FruitFn, :GrapefruitTree]"
Graphs,Graph_CW,Mx4rVyhPOAVvQdiRoZcGVqZelQ,Graph-CW
Symbols,GraphicalAIS,Mx4r2XFgqAXyEdqAAAACs71DGQ,GraphicalAIS
Grasses,GrassFamily,Mx4rvVjVFJwpEbGdrcN5Y29ycA,GrassFamily
Grasshoppers,Grasshopper,Mx4rvVikCZwpEbGdrcN5Y29ycA,Grasshopper
Grasslands,Grassland,Mx4rvgEAo5wpEbGdrcN5Y29ycA,Grassland
Cemeteries,Graveyard,Mx4rwPzRbpwpEbGdrcN5Y29ycA,Graveyard
Greece,Greece,Mx4rvVi8BJwpEbGdrcN5Y29ycA,Greece
Greenhouses,Greenhouse,Mx4rvVicgpwpEbGdrcN5Y29ycA,Greenhouse
Years,GregorianYear,Mx4r02Fn5CyJEdaAAABQ2rksLw,GregorianYear
Grenades,Grenade,Mx4r4r01PPUfQdeZ--kYL7ElzA,Grenade
Grocers,Grocer,Mx4rCy3mPCeFQdiLa4hejyKH4Q,Grocer
Supermarkets,GroceryStore,Mx4rvVjDcpwpEbGdrcN5Y29ycA,GroceryStore
Guerrillas,Guerrilla,Mx4rowujBB7AQdiWtfaLp2Z13Q,Guerrilla
Guitars,Guitar,Mx4rwQrsppwpEbGdrcN5Y29ycA,Guitar
Guitarists,Guitarist,Mx8Ngh4rvW-_IZwpEbGdrcN5Y29ycB4rwQrsppwpEbGdrcN5Y29ycA,"[:PlayerOfInstrumentFn, :Guitar]"
Gulfs,Gulf,Mx4rvVkABpwpEbGdrcN5Y29ycA,Gulf
Muskets,Gun_MuzzleLoading,Mx4rwEHeqJwpEbGdrcN5Y29ycA,Gun-MuzzleLoading
Firearms,Gun_Portable,Mx4rvVigDpwpEbGdrcN5Y29ycA,Gun-Portable
Gymnasiums,Gymnasium_Facility,Mx4r4H5PtsBwEdaAAAACs6Mw3A,Gymnasium-Facility
Gymnasts,Gymnast,Mx4rvViQHpwpEbGdrcN5Y29ycA,Gymnast
Gymnastics,GymnasticsSportsEvent,Mx4rvVjbJ5wpEbGdrcN5Y29ycA,GymnasticsSportsEvent
Gymnosperms,GymnospermGroup,Mx4rvViCz5wpEbGdrcN5Y29ycA,GymnospermGroup
Gyroscopes,Gyroscope,Mx4rwSXw2pwpEbGdrcN5Y29ycA,Gyroscope
Habitats,Habitat,Mx4rvVj5GpwpEbGdrcN5Y29ycA,Habitat
Hadith,Hadith,Mx4rAFLtdE69QdmN37JVO5jqrA,Hadith
Hairdressers,HairStylist,Mx4rvVidRJwpEbGdrcN5Y29ycA,HairStylist
Halogens,HalogenElementType,Mx4rjnYvQCYfEdaGOQACs0uFOQ,HalogenElementType
Hammers,Hammer,Mx4rvVjSApwpEbGdrcN5Y29ycA,Hammer
Hamsters,Hamster,Mx4rvViXkJwpEbGdrcN5Y29ycA,Hamster
Handguns,Handgun,Mx4rwQCXyZwpEbGdrcN5Y29ycA,Handgun
Pistols,Handgun,Mx4rwQCXyZwpEbGdrcN5Y29ycA,Handgun
Harps,Harp_TheStringInstrument,Mx4rwDOJBJwpEbGdrcN5Y29ycA,Harp-TheStringInstrument
Harpoons,Harpoon_FishingDevice,Mx4rv7T3DJwpEbGdrcN5Y29ycA,Harpoon-FishingDevice
Hats,Hat,Mx4rvVilJZwpEbGdrcN5Y29ycA,Hat
Sanctuaries,Haven,Mx4rLFp1yCtPQdiTiN04RyAi8w,Haven
Hawks,Hawk,Mx4rvVkBH5wpEbGdrcN5Y29ycA,Hawk
Headaches,Headache,Mx4rwP1rlJwpEbGdrcN5Y29ycA,Headache
Headlands,Headland,Mx4ryjTUsqrKEdqAAAAOpmP6tw,Headland
Headlines,Headline,Mx4rZK0ZThxjQdiUds6PuQMOhw,Headline
Headmasters,Headmaster,Mx4rYENoOitfQdiLIs6rh9ys-g,Headmaster
Headphones,Headphones,Mx4rvVjbeZwpEbGdrcN5Y29ycA,Headphones
Exocarpos,Heau,Mx4rvgzQ85wpEbGdrcN5Y29ycA,Heau
Heliports,Heliport_Physical,Mx4rwGe3uZwpEbGdrcN5Y29ycA,Heliport-Physical
Helices,Helix,Mx4rwRDEk5wpEbGdrcN5Y29ycA,Helix
Hematologists,Hematologist,Mx4rwQrlzJwpEbGdrcN5Y29ycA,Hematologist
Yeasts,HemiascomyceteClass,Mx4rvViU3ZwpEbGdrcN5Y29ycA,HemiascomyceteClass
Herbs,HerbPlant,Mx4rvfFh6JwpEbGdrcN5Y29ycA,HerbPlant
Hernias,Hernia,Mx4rvXxMSpwpEbGdrcN5Y29ycA,Hernia
Herons,Heron,Mx4rvVy5KZwpEbGdrcN5Y29ycA,Heron
Hides,Hide_Product,Mx4rwDNtapwpEbGdrcN5Y29ycA,Hide-Product
Explosives,Highway,Mx4rvVjVYZwpEbGdrcN5Y29ycA,Highway
Expressways,Highway,Mx4rvVjVYZwpEbGdrcN5Y29ycA,Highway
Hijackers,Hijacker,Mx4rwOCCjJwpEbGdrcN5Y29ycA,Hijacker
Hikers,Hiker,Mx4rvWMTp5wpEbGdrcN5Y29ycA,Hiker
Hills,Hill,Mx4rvgEUypwpEbGdrcN5Y29ycA,Hill
Hippopotamuses,Hippopotamus,Mx4rvVjlnpwpEbGdrcN5Y29ycA,Hippopotamus
Historiographers,Historian,Mx4rzefuqhraQdiadPWaPbbhRw,Historian
Hoaxes,Hoax,Mx4rvrasypwpEbGdrcN5Y29ycA,Hoax
Hobbies,HobbyActivity,Mx4rwPzrzpwpEbGdrcN5Y29ycA,HobbyActivity
Hobbyists,Hobbyist,Mx4rv5EL45wpEbGdrcN5Y29ycA,Hobbyist
Holsters,Holster,Mx4rwQBZqJwpEbGdrcN5Y29ycA,Holster
Homeopaths,Homeopath,Mx4rva-nGJwpEbGdrcN5Y29ycA,Homeopath
Lesbians,HomosexualFemaleHuman,Mx4rvVj1qpwpEbGdrcN5Y29ycA,HomosexualFemaleHuman
Horses,Horse,Mx4rwQBg3ZwpEbGdrcN5Y29ycA,Horse
Aesculus,HorseChestnutTree,Mx4rvViuxZwpEbGdrcN5Y29ycA,HorseChestnutTree
Hospitals,Hospital,Mx4rvViRwZwpEbGdrcN5Y29ycA,Hospital
Hotels,HotelBuilding,Mx4rvViIe5wpEbGdrcN5Y29ycA,HotelBuilding
Hounds,Hound,Mx4rv3NWi5wpEbGdrcN5Y29ycA,Hound
Linens,HouseholdLinensMarketCategory,Mx4rwP1kM5wpEbGdrcN5Y29ycA,HouseholdLinensMarketCategory
Hovercraft,Hovercraft,Mx4rvtyDlZwpEbGdrcN5Y29ycA,Hovercraft
Howitzers,Howitzer,Mx4rwQCWxZwpEbGdrcN5Y29ycA,Howitzer
Humanities,Humanities_FieldOfStudy,Mx4rwGWamJwpEbGdrcN5Y29ycA,Humanities-FieldOfStudy
Rights,HumanRight,Mx4r90e90DL0QdeWHMF143CJgQ,HumanRight
Surnames,HumanSurname,Mx4rv2Wq-ZwpEbGdrcN5Y29ycA,HumanSurname
Hummingbirds,Hummingbird,Mx4rwQrmoZwpEbGdrcN5Y29ycA,Hummingbird
Chub,HumpbackChub,Mx4rvzgw85wpEbGdrcN5Y29ycA,HumpbackChub
Hydrocarbons,Hydrocarbon,Mx4rvkgfqJwpEbGdrcN5Y29ycA,Hydrocarbon
Hyenas,Hyena,Mx4rvVjSG5wpEbGdrcN5Y29ycA,Hyena
Icebergs,Iceberg,Mx4rwPu5l5wpEbGdrcN5Y29ycA,Iceberg
Illinois,Illinois_State,Mx4rvVitlJwpEbGdrcN5Y29ycA,Illinois-State
Imams,Imam,Mx4rMkM8wqURQdic0fH40JMnqg,Imam
Immunologists,Immunologist,Mx4rvViLaZwpEbGdrcN5Y29ycA,Immunologist
Immunosuppressants,Immunosuppressive,Mx4rvwzOP5wpEbGdrcN5Y29ycA,Immunosuppressive
Implants,Implant_Medical,Mx4rwGwObpwpEbGdrcN5Y29ycA,Implant-Medical
Sultanates,IndependentSultanate,Mx4rN1Ovqm2oEdaAAACgyZzFrg,IndependentSultanate
Epidemics,InfectiousDiseaseEpidemic,Mx4rW3J2ehjOEdaAAABgCEAsSQ,InfectiousDiseaseEpidemic
Inhalants,InhalantDrug,Mx4rvVi9xZwpEbGdrcN5Y29ycA,InhalantDrug
Injuries,Ink,Mx4rvVimdZwpEbGdrcN5Y29ycA,Ink
Inscriptions,Inscription,Mx4riqcWQizTQdiaMeD3tzQmJQ,Inscription
Insects,Insect,Mx4rvVi495wpEbGdrcN5Y29ycA,Insect
Insecticides,Insecticide,Mx4rJc3N0glrQdiE87CONd2sTA,Insecticide
Insurgencies,Insurgency,Mx4rwKcDN5wpEbGdrcN5Y29ycA,Insurgency
Integers,Integer,Mx4rvVieEpwpEbGdrcN5Y29ycA,Integer
Organs,InternalOrgan,Mx4rvvwMaJwpEbGdrcN5Y29ycA,InternalOrgan
Newsgroups,InternetNewsgroup,Mx4rwRZ4-pwpEbGdrcN5Y29ycA,InternetNewsgroup
Internists,Internist,Mx4rvViK45wpEbGdrcN5Y29ycA,Internist
Inuit,InuitLanguageFamily,Mx4rwFSyDZwpEbGdrcN5Y29ycA,InuitLanguageFamily
Investors,Investor,Mx4rv2mD3pwpEbGdrcN5Y29ycA,Investor
Crystals,IonicCompound,Mx4r3vT-6PXQQdaKCfkyUgeA-Q,IonicCompound
Islamists,Islamist,Mx4rmQV06PDvQdaeGvyxZM_BCA,Islamist
Islands,IslandRegion,Mx4rvVi7f5wpEbGdrcN5Y29ycA,IslandRegion
Isotopes,Isotope,Mx4roKc-HvHhQdaBDNvSUEQyBg,Isotope
Jackals,Jackal,Mx4rvVjC3pwpEbGdrcN5Y29ycA,Jackal
Jackets,Jacket,Mx4rvViWxZwpEbGdrcN5Y29ycA,Jacket
Janitors,Janitor,Mx4rvVj83pwpEbGdrcN5Y29ycA,Janitor
Javelins,Javelin,Mx4rvVjFv5wpEbGdrcN5Y29ycA,Javelin
Jeans,Jeans,Mx4rvgHis5wpEbGdrcN5Y29ycA,Jeans
Jedi,JediKnight,Mx4rwNLAD5wpEbGdrcN5Y29ycA,JediKnight
Jockeys,Jockey,Mx4rvgHjK5wpEbGdrcN5Y29ycA,Jockey
Jokes,Joke_CW,Mx4rv6DY7JwpEbGdrcN5Y29ycA,Joke-CW
Kayaks,Kayak,Mx4rvViqpZwpEbGdrcN5Y29ycA,Kayak
Ketones,Ketone,Mx4rJ87u2OzrQdaJBNaXUM0EAg,Ketone
Keyboardists,Keyboardist,Mx8Ngh4rvW-_IZwpEbGdrcN5Y29ycB4rvVjf7JwpEbGdrcN5Y29ycA,"[:PlayerOfInstrumentFn, :""Keyboard-MusicalInstrument""]"
Kidnappers,Kidnapper,Mx4r8CxplqRLQdiVQ8GZ96PsYA,Kidnapper
Kings,King_HeadOfState,Mx4rvVjnNpwpEbGdrcN5Y29ycA,King-HeadOfState
Kingfishers,Kingfisher,Mx4rvViZbZwpEbGdrcN5Y29ycA,Kingfisher
Kites,Kite_TheDevice,Mx4rvV3kTpwpEbGdrcN5Y29ycA,Kite-TheDevice
Aptenodytes,Kiwi_Bird,Mx4rkcSM4v34QdiEMZABeA1NZQ,Kiwi-Bird
Knives,Knife,Mx4rvVioJ5wpEbGdrcN5Y29ycA,Knife
Knots,Knot,Mx4rvZutMpwpEbGdrcN5Y29ycA,Knot
Koalas,Koala,Mx4rvVjvTJwpEbGdrcN5Y29ycA,Koala
Laboratories,Laboratory,Mx4rwPvH35wpEbGdrcN5Y29ycA,Laboratory
Lagoons,Lagoon,Mx4rvVjz9pwpEbGdrcN5Y29ycA,Lagoon
Lakes,Lake,Mx4rvVi4IpwpEbGdrcN5Y29ycA,Lake
Lamas,Lama_Priest,Mx4roo9eSMshEdmAAAACs6hRjg,Lama-Priest
Landfills,Landfill,Mx4rwPuqjpwpEbGdrcN5Y29ycA,Landfill
Landmarks,Landmark,Mx4rwQwtGpwpEbGdrcN5Y29ycA,Landmark
Landforms,Landscape,Mx4rh6auumVKEdqAAAACs71DGQ,Landscape
Landslides,Landslide,Mx4rwLJDJpwpEbGdrcN5Y29ycA,Landslide
Dialects,LanguageDialect,Mx4rvVizq5wpEbGdrcN5Y29ycA,LanguageDialect
Laos,Laos,Mx4rvVj1UJwpEbGdrcN5Y29ycA,Laos
Laptops,LaptopComputer,Mx4rvViu4JwpEbGdrcN5Y29ycA,LaptopComputer
Lasers,LASER_Device,Mx4rvkSts5wpEbGdrcN5Y29ycA,LASER-Device
Laxatives,Laxative,Mx4rwP1YxJwpEbGdrcN5Y29ycA,Laxative
Lecturers,Lecturer,Mx4rvViG_JwpEbGdrcN5Y29ycA,Lecturer
Legends,Legend,Mx4rv2bzqJwpEbGdrcN5Y29ycA,Legend
Legislators,Legislator,Mx4r7b1yNtViQdaRY_7u6rLtcg,Legislator
Legumes,LegumeOrder,Mx4rvVjhm5wpEbGdrcN5Y29ycA,LegumeOrder
Lenses,Lens,Mx4rvVj0fZwpEbGdrcN5Y29ycA,Lens
Leopards,Leopard,Mx4rvVjEJpwpEbGdrcN5Y29ycA,Leopard
Affixes,LexicalWord,Mx4rvVjkrpwpEbGdrcN5Y29ycA,LexicalWord
Lexicographers,Lexicographer,Mx4rwLtrxJwpEbGdrcN5Y29ycA,Lexicographer
Libertarians,Libertarian,Mx4rX6HCOqOEQdiA6cuInoHlow,Libertarian
Librarians,Librarian,Mx4rvVjk3pwpEbGdrcN5Y29ycA,Librarian
Libraries,LibrarySpace,Mx4rvVjzh5wpEbGdrcN5Y29ycA,LibrarySpace
Lichens,Lichen,Mx4rvVkJ05wpEbGdrcN5Y29ycA,Lichen
Lifeboats,Lifeboat,Mx4rwQCOh5wpEbGdrcN5Y29ycA,Lifeboat
Ligaments,Ligament,Mx4rvVjqpZwpEbGdrcN5Y29ycA,Ligament
Lighthouses,Lighthouse,Mx4rvWRPO5wpEbGdrcN5Y29ycA,Lighthouse
Limbs,Limb_AnimalBodyPart,Mx4rvn1uSZwpEbGdrcN5Y29ycA,Limb-AnimalBodyPart
Lions,Lion,Mx4rvVjEZ5wpEbGdrcN5Y29ycA,Lion
Lipids,Lipid,Mx4rwMA0KZwpEbGdrcN5Y29ycA,Lipid
Tanks,LiquidStorageTank,Mx4rve7BFZwpEbGdrcN5Y29ycA,LiquidStorageTank
Liquids,LiquidTangibleThing,Mx4rvVjSoJwpEbGdrcN5Y29ycA,LiquidTangibleThing
Essays,LiteraryWork_CW,Mx4rvrGTP5wpEbGdrcN5Y29ycA,LiteraryWork-CW
Liverworts,Liverwort,Mx4rvVijkZwpEbGdrcN5Y29ycA,Liverwort
Lizards,Lizard,Mx4rvVjwr5wpEbGdrcN5Y29ycA,Lizard
Lobbyists,Lobbyist,Mx4rvWEfmpwpEbGdrcN5Y29ycA,Lobbyist
Locusts,Locust,Mx4rvVnVSZwpEbGdrcN5Y29ycA,Locust
Logos,Logo,Mx4rvVjblJwpEbGdrcN5Y29ycA,Logo
Lotteries,Lottery,Mx4rwKLFE5wpEbGdrcN5Y29ycA,Lottery
Lice,Louse,Mx4rv4LLcJwpEbGdrcN5Y29ycA,Louse
Lubricants,Lubricant,Mx4rvViU05wpEbGdrcN5Y29ycA,Lubricant
Lymphocytes,Lymphocyte,Mx4rwJScB5wpEbGdrcN5Y29ycA,Lymphocyte
Songs,Lyric_WordsToSong,Mx4rwCZRBZwpEbGdrcN5Y29ycA,Lyric-WordsToSong
Macaws,Macaw,Mx4rleGEoACZEdeApQADR6QijQ,Macaw
Machetes,Machete,Mx4ra7DeJF5rQdmQmc0MXLkr9g,Machete
Lathes,MachineTool,Mx4rvVi_wpwpEbGdrcN5Y29ycA,MachineTool
Macrophages,Macrophage,Mx4rvnWI9JwpEbGdrcN5Y29ycA,Macrophage
Magicians,Magician,Mx4rv1Snr5wpEbGdrcN5Y29ycA,Magician
Maldives,Maldives,Mx4rvViUN5wpEbGdrcN5Y29ycA,Maldives
Anas,MallardDuck,Mx4rwQCc6ZwpEbGdrcN5Y29ycA,MallardDuck
Mammals,Mammal,Mx4rvVimKJwpEbGdrcN5Y29ycA,Mammal
Manga,Manga,Mx4rv-znjZwpEbGdrcN5Y29ycA,Manga
Mangroves,MangroveTree,Mx4rvVjqNJwpEbGdrcN5Y29ycA,MangroveTree
Mantras,Mantra,Mx4rlyM6ISp4EdiUfwAH6RYvSQ,Mantra
Feces,Manure,Mx4rBGBa4NnZQdiV1-wSIuZtdw,Manure
Manuscripts,Manuscript_CW,Mx4rMRnY-nFeQdmN4NPG893nNA,Manuscript-CW
Marathons,Marathon,Mx4rvVjDJpwpEbGdrcN5Y29ycA,Marathon
Marinas,Marina,Mx4rwPut3JwpEbGdrcN5Y29ycA,Marina
Marquesses,Marquess,Mx4rv8ax-pwpEbGdrcN5Y29ycA,Marquess
Marshes,Marsh,Mx4rsXt6fHS8EdaAAACgyZzFrg,Marsh
Marshmallows,Marshmallow,Mx4rplth0C0GEdiLGQACs5b6-g,Marshmallow
Marsupials,Marsupial,Mx4rvVi8hJwpEbGdrcN5Y29ycA,Marsupial
Marxists,Marxist,Mx4rvsHI_ZwpEbGdrcN5Y29ycA,Marxist
Masks,Mask,Mx4rwQr0X5wpEbGdrcN5Y29ycA,Mask
Quails,MaskedBobwhite,Mx4rv7uFnpwpEbGdrcN5Y29ycA,MaskedBobwhite
Spectrometers,MassSpectrometry,Mx4rwGQg9ZwpEbGdrcN5Y29ycA,MassSpectrometry
Mastodons,Mastodon,Mx4rwEilMpwpEbGdrcN5Y29ycA,Mastodon
Bullfighters,Matador,Mx4rvViZ4JwpEbGdrcN5Y29ycA,Matador
Mattresses,Mattress,Mx4rvVivuZwpEbGdrcN5Y29ycA,Mattress
Mauritius,Mauritius,Mx4rvViEG5wpEbGdrcN5Y29ycA,Mauritius
Mayors,Mayor,Mx4rwQrzr5wpEbGdrcN5Y29ycA,Mayor
Mazes,Maze,Mx4rv7lUbpwpEbGdrcN5Y29ycA,Maze
Meals,Meal,Mx4rvVihC5wpEbGdrcN5Y29ycA,Meal
Series,MediaSeriesProduct,Mx4rvhz6_JwpEbGdrcN5Y29ycA,MediaSeriesProduct
Meetings,Meeting_SocialGathering,Mx4rvVkDiJwpEbGdrcN5Y29ycA,Meeting-SocialGathering
Melodramas,Melodrama,Mx4rn92zSB6xQdiZn_Xmzfv-HQ,Melodrama
Melons,Melon,Mx8Ngh4rvVipdpwpEbGdrcN5Y29ycB4ruSjK2i1oQdedd9xX6bacxw,"[:FruitFn, :MelonPlant]"
Memes,Meme,Mx4rviIj0ZwpEbGdrcN5Y29ycA,Meme
Memorabilia,Memorabilia,Mx4rvkxX1pwpEbGdrcN5Y29ycA,Memorabilia
Meninges,Meninges,Mx4rwDOl8JwpEbGdrcN5Y29ycA,Meninges
Mermaids,Mermaid,Mx4rvwxlgZwpEbGdrcN5Y29ycA,Mermaid
Mesas,Mesa,Mx4rvgD8VZwpEbGdrcN5Y29ycA,Mesa
Alloys,MetalAlloy,Mx4rvVjMi5wpEbGdrcN5Y29ycA,MetalAlloy
Metalloids,Metalloid,Mx4r1zbcKPAGQdaZ1o7RjdyIhw,Metalloid
Meteorites,Meteorite,Mx4rvsQMeZwpEbGdrcN5Y29ycA,Meteorite
Meteoroids,Meteoroid,Mx4rv24zJZwpEbGdrcN5Y29ycA,Meteoroid
Meteorologists,Meteorologist,Mx4rvuvppZwpEbGdrcN5Y29ycA,Meteorologist
Microbiologists,Microbiologist,Mx4rvVkA0JwpEbGdrcN5Y29ycA,Microbiologist
Microorganisms,Microorganism,Mx4rwAst7pwpEbGdrcN5Y29ycA,Microorganism
Microphones,Microphone,Mx4rvVjpapwpEbGdrcN5Y29ycA,Microphone
Microprocessors,Microprocessor,Mx4rvVit45wpEbGdrcN5Y29ycA,Microprocessor
Microscopes,Microscope,Mx4rv6U955wpEbGdrcN5Y29ycA,Microscope
Midwives,Midwife,Mx4rvViIS5wpEbGdrcN5Y29ycA,Midwife
Barracks,MilitaryBarrack,Mx4rYjaoRiTfQdef_7ooT-nUvw,MilitaryBarrack
Invasions,MilitaryInvasion,Mx4rwIrG7JwpEbGdrcN5Y29ycA,MilitaryInvasion
Armies,MilitaryOrganization,Mx4rvVjx75wpEbGdrcN5Y29ycA,MilitaryOrganization
Militias,Militia,Mx4rwKImsZwpEbGdrcN5Y29ycA,Militia
Lactates,MilkSecretionEvent,Mx4rvVjESpwpEbGdrcN5Y29ycA,MilkSecretionEvent
Mimes,Mime_Actor,Mx4rvgHy4pwpEbGdrcN5Y29ycA,Mime-Actor
Mines,Mine_ExcavationFacility,Mx4rwPKlipwpEbGdrcN5Y29ycA,Mine-ExcavationFacility
Minesweepers,MineCountermeasuresVessel,Mx4rv3s3HZwpEbGdrcN5Y29ycA,MineCountermeasuresVessel
Minerals,Mineral,Mx4rwQCJAJwpEbGdrcN5Y29ycA,Mineral
Minicomputers,Minicomputer,Mx4rwQrqSZwpEbGdrcN5Y29ycA,Minicomputer
Ministries,Ministry,Mx4rwooJShlEQdicuoWV4yDY4A,Ministry
Minivans,Minivan,Mx4rwQCMWZwpEbGdrcN5Y29ycA,Minivan
Minorities,Minority,Mx4r0gTPihlFQdiI_PBbool7Qw,Minority
Miracles,Miracle,Mx4r-gP2GDDZQdiAodtSuGpocw,Miracle
Mirrors,Mirror,Mx4rvVj-cZwpEbGdrcN5Y29ycA,Mirror
Mitochondria,Mitochondrion,Mx4rvVjDqZwpEbGdrcN5Y29ycA,Mitochondrion
Mockingbirds,Mockingbird,Mx4rvWFGLJwpEbGdrcN5Y29ycA,Mockingbird
Modems,Modem,Mx4rvVi7a5wpEbGdrcN5Y29ycA,Modem
Molluscs,Mollusk,Mx4rvVjvjpwpEbGdrcN5Y29ycA,Mollusk
Monarchs,Monarch_HeadOfState,Mx4rvVjdhJwpEbGdrcN5Y29ycA,Monarch-HeadOfState
Monarchies,Monarchy,Mx4r9q9Azm2vEdaAAACgyZzFrg,Monarchy
Monasteries,Monastery_Residence,Mx4rwR_zXZwpEbGdrcN5Y29ycA,Monastery-Residence
Mongooses,Mongoose,Mx4rvVjRmpwpEbGdrcN5Y29ycA,Mongoose
Monkeys,Monkey,Mx4rvVjta5wpEbGdrcN5Y29ycA,Monkey
Monocots,MonocotSubclass,Mx4rvViw15wpEbGdrcN5Y29ycA,MonocotSubclass
Monomers,Monomer,Mx4rv0l_WZwpEbGdrcN5Y29ycA,Monomer
Monorails,Monorail,Mx4rvxeIkZwpEbGdrcN5Y29ycA,Monorail
Monotremes,Monotreme,Mx4rwCaGhJwpEbGdrcN5Y29ycA,Monotreme
Mopeds,Moped,Mx4rQ3ZZ2IiMEdqAAAACs0uFOQ,Moped
Mortars,MortarLauncher,Mx4rwQCV95wpEbGdrcN5Y29ycA,MortarLauncher
Mosques,Mosque_Building,Mx4rwJSZ7ZwpEbGdrcN5Y29ycA,Mosque-Building
Moths,Moth,Mx4rwP1fhpwpEbGdrcN5Y29ycA,Moth
Mottos,Motto,Mx4r1N46Ci_qQdiUYc9m89_Mdg,Motto
Mounds,Mound_ConstructionArtifact,Mx4r8OslOL2gEdmAAAACs6hRjg,Mound-ConstructionArtifact
Mountains,Mountain,Mx4rvVjODZwpEbGdrcN5Y29ycA,Mountain
Mice,Mouse_Rodent,Mx4rvVjvnpwpEbGdrcN5Y29ycA,Mouse-Rodent
Soundtracks,MovieSoundtrack,Mx4rwL5Y-5wpEbGdrcN5Y29ycA,MovieSoundtrack
Dialogues,MultiDirectionalCommunication,Mx4rvViRxJwpEbGdrcN5Y29ycA,MultiDirectionalCommunication
Multimedia,Multimedia,Mx4rT2-p1HS8EdaAAACgyZzFrg,Multimedia
Suites,MultiRoomUnit,Mx4rvViJYZwpEbGdrcN5Y29ycA,MultiRoomUnit
Mumps,Mumps,Mx4rwP1HVpwpEbGdrcN5Y29ycA,Mumps
Municipalities,Municipality,Mx4r06ySZMcYEdmAAAACs6hRjg,Municipality
Murals,Mural,Mx4rvrVXhZwpEbGdrcN5Y29ycA,Mural
Murderers,Murderer,Mx4rv1UvdZwpEbGdrcN5Y29ycA,Murderer
Museums,Museum_Organization,Mx4rvViEOJwpEbGdrcN5Y29ycA,Museum-Organization
Chords,MusicalChord,Mx4rv8OszJwpEbGdrcN5Y29ycA,MusicalChord
Composers,MusicalComposer,Mx4rvVjp3ZwpEbGdrcN5Y29ycA,MusicalComposer
Muslims,MuslimOrganization,Mx4rLHhEAiBjEdiNYwACs6hnlQ,MuslimOrganization
Mycotoxins,Mycotoxin,Mx4rYZtn9stuQdeUcPHmBfMHBw,Mycotoxin
Mysteries,MysteryStory_Generic,Mx4rvvHsWpwpEbGdrcN5Y29ycA,MysteryStory-Generic
Names,Name,Mx4rwB7x55wpEbGdrcN5Y29ycA,Name
Nannies,Nanny,Mx4rwF0HrZwpEbGdrcN5Y29ycA,Nanny
Chronicles,Narrative,Mx4rvViIbJwpEbGdrcN5Y29ycA,Narrative
Naturalists,Naturist,Mx8Ngh4rwBtg95wpEbGdrcN5Y29ycB4rv5VErZwpEbGdrcN5Y29ycA,"[:BelieverFn, :Naturism]"
Blockades,NavalBlockade,Mx4rwKZol5wpEbGdrcN5Y29ycA,NavalBlockade
Navies,Navy,Mx4rvyO94ZwpEbGdrcN5Y29ycA,Navy
Nazis,Nazi,Mx4rvbyZHJwpEbGdrcN5Y29ycA,Nazi
Nebulae,Nebula,Mx4rwPuoRZwpEbGdrcN5Y29ycA,Nebula
Neckties,NeckTie,Mx4rvVjMXJwpEbGdrcN5Y29ycA,NeckTie
Neighborhoods,Neighborhood,Mx4rvVi4_pwpEbGdrcN5Y29ycA,Neighborhood
Nematodes,Nematode,Mx4rvoyB5ZwpEbGdrcN5Y29ycA,Nematode
Nepenthes,NepenthesOrder,Mx4rvVj3IJwpEbGdrcN5Y29ycA,NepenthesOrder
Nephrologists,Nephrologist,Mx4rwQrkwZwpEbGdrcN5Y29ycA,Nephrologist
Nerves,Nerve,Mx4rwP3lkpwpEbGdrcN5Y29ycA,Nerve
Networks,Network,Mx4rv1YoXZwpEbGdrcN5Y29ycA,Network
Neurologists,Neurologist,Mx4rvViJlJwpEbGdrcN5Y29ycA,Neurologist
Neurons,Neuron,Mx4rvVjjUpwpEbGdrcN5Y29ycA,Neuron
Neurosurgeons,NeuroSurgeon,Mx4rvVimqZwpEbGdrcN5Y29ycA,NeuroSurgeon
Neurotoxins,Neurotoxin,Mx4rYAzRnsQ_QdeJjeqo-4yZew,Neurotoxin
Neurotransmitters,Neurotransmitter,Mx4rwJcaM5wpEbGdrcN5Y29ycA,Neurotransmitter
Newsletters,Newsletter,Mx4rwP1oFJwpEbGdrcN5Y29ycA,Newsletter
Newts,Newt,Mx4rvVjq-ZwpEbGdrcN5Y29ycA,Newt
Nightclubs,NightClub,Mx4rvVjywJwpEbGdrcN5Y29ycA,NightClub
Watchmen,NightWatchperson,Mx4rTILbNl9sQdmLWYDkXJoHCg,NightWatchperson
Noodles,Noodle,Mx4rvViwkZwpEbGdrcN5Y29ycA,Noodle
Notebooks,Notebook,Mx4rvVjSS5wpEbGdrcN5Y29ycA,Notebook
Novels,Novel_CW,Mx4rvViJb5wpEbGdrcN5Y29ycA,Novel-CW
Novelists,Novelist,Mx4rvVi18JwpEbGdrcN5Y29ycA,Novelist
Novellas,Novella,Mx4r7F3bSCxAQdiBK-92W90cKA,Novella
Nucleons,Nucleon,Mx4rvViBkZwpEbGdrcN5Y29ycA,Nucleon
Nucleosides,Nucleoside,Mx4rwUtzAJwpEbGdrcN5Y29ycA,Nucleoside
Nucleotides,Nucleotide,Mx4rv986zZwpEbGdrcN5Y29ycA,Nucleotide
Nutrients,Nutrient,Mx4rvVjTxZwpEbGdrcN5Y29ycA,Nutrient
Dietitians,Nutritionist,Mx4rvVjkGJwpEbGdrcN5Y29ycA,Nutritionist
Quercus,OakTree,Mx4rvVjB35wpEbGdrcN5Y29ycA,OakTree
Oases,Oasis,Mx4rwPKaz5wpEbGdrcN5Y29ycA,Oasis
Obelisks,Obelisk,Mx4rv0q6mJwpEbGdrcN5Y29ycA,Obelisk
Oboes,Oboe,Mx4rvVzQo5wpEbGdrcN5Y29ycA,Oboe
Obstetricians,Obstetrician,Mx4rvViKG5wpEbGdrcN5Y29ycA,Obstetrician
Occupations,Occupation_AnimalActivity,Mx4rg0xHZMCxEdmAAAACs6hRjg,Occupation-AnimalActivity
Oceans,Ocean,Mx4rvVjktpwpEbGdrcN5Y29ycA,Ocean
Octopuses,Octopus,Mx4rvVjVM5wpEbGdrcN5Y29ycA,Octopus
Oils,Oil,Mx4rvVjZ6ZwpEbGdrcN5Y29ycA,Oil
Oilers,Oiler,Mx4rv2rTXJwpEbGdrcN5Y29ycA,Oiler
Ointments,Ointment,Mx4rwP1n5JwpEbGdrcN5Y29ycA,Ointment
Olympics,OlympicGames,Mx4rvVkA9pwpEbGdrcN5Y29ycA,OlympicGames
Oncologists,Oncologist,Mx4rwP1YbJwpEbGdrcN5Y29ycA,Oncologist
Onions,OnionPlant,Mx4rvVjIZ5wpEbGdrcN5Y29ycA,OnionPlant
Chats,OnlineChat,Mx4rvm2Dx5wpEbGdrcN5Y29ycA,OnlineChat
Operas,Opera_CW,Mx4rvcOKYJwpEbGdrcN5Y29ycA,Opera-CW
Ophthalmologists,Ophthalmologist,Mx4rvViJ15wpEbGdrcN5Y29ycA,Ophthalmologist
Opossums,Opossum,Mx4rvVipxJwpEbGdrcN5Y29ycA,Opossum
Possums,Opossum,Mx4rvVipxJwpEbGdrcN5Y29ycA,Opossum
Opticians,Optician,Mx4rE9fukFd7EdqAAAACs71DGQ,Optician
Options,OptionToSell,Mx4rvs9GN5wpEbGdrcN5Y29ycA,OptionToSell
Optometrists,Optometrist,Mx4rwPvEe5wpEbGdrcN5Y29ycA,Optometrist
Orchestras,Orchestra,Mx4rvVjq95wpEbGdrcN5Y29ycA,Orchestra
Orchids,Orchid,Mx4rvVifepwpEbGdrcN5Y29ycA,Orchid
Organelles,Organelle,Mx4rvs3KP5wpEbGdrcN5Y29ycA,Organelle
Organisms,Organism_Whole,Mx4rvVjE1pwpEbGdrcN5Y29ycA,Organism-Whole
Organists,Organist,Mx8Ngh4rvW-_IZwpEbGdrcN5Y29ycB4rv5XMb5wpEbGdrcN5Y29ycA,"[:PlayerOfInstrumentFn, :""Organ-MusicalInstrument""]"
Organizations,Organization,Mx4rvVjVT5wpEbGdrcN5Y29ycA,Organization
Ornithologists,Ornithologist,Mx4rwQB82JwpEbGdrcN5Y29ycA,Ornithologist
Orphanages,Orphanage,Mx4rmS8E3GszQdmaNJndo9A0qw,Orphanage
Otolaryngologists,Otorhinolaryngologist,Mx4rwQroE5wpEbGdrcN5Y29ycA,Otorhinolaryngologist
Criminals,Outlaw,Mx4rwJi2PZwpEbGdrcN5Y29ycA,Outlaw
Outlines,Outline,Mx4rj5nVxSzGEdiUgwAH6RYvSQ,Outline
Owls,Owl,Mx4rvVjvDJwpEbGdrcN5Y29ycA,Owl
Oxides,Oxide,Mx4rvVi-kZwpEbGdrcN5Y29ycA,Oxide
Pagers,Pager,Mx4rv0VzsZwpEbGdrcN5Y29ycA,Pager
Pagodas,Pagoda,Mx4rwQr45ZwpEbGdrcN5Y29ycA,Pagoda
Palaces,PalaceBuilding,Mx4rvVjpbJwpEbGdrcN5Y29ycA,PalaceBuilding
Palms,PalmTree,Mx4rvVibKZwpEbGdrcN5Y29ycA,PalmTree
Pamphlets,Pamphlet,Mx4rvVjNcpwpEbGdrcN5Y29ycA,Pamphlet
Pancakes,Pancake,Mx4rwQCBXpwpEbGdrcN5Y29ycA,Pancake
Parades,Parade,Mx4rvVjMDZwpEbGdrcN5Y29ycA,Parade
Paradoxes,Paradox,Mx4rLHKF9tbJEdmAAACQJw5drg,Paradox
Parakeets,Parakeet,Mx4rvWZHwJwpEbGdrcN5Y29ycA,Parakeet
Parasites,ParasiticOrganism,Mx4rvdW_tpwpEbGdrcN5Y29ycA,ParasiticOrganism
Parishes,Parish_Catholic,Mx4rLHiSICBjEdiNYwACs6hnlQ,Parish-Catholic
Parks,ParkGateway,Mx4rxFP8zrXfEdqAAAACs6hO_g,ParkGateway
Parrots,Parrot,Mx4rvWZAwpwpEbGdrcN5Y29ycA,Parrot
Partnerships,Partnership,Mx4rvVipSZwpEbGdrcN5Y29ycA,Partnership
Passports,Passport,Mx4rwQr9WJwpEbGdrcN5Y29ycA,Passport
Pathologists,Pathologist,Mx4rvViL7pwpEbGdrcN5Y29ycA,Pathologist
Pavilions,Pavilion,Mx4rmr8KADAAQdifaYi7vWB88A,Pavilion
Arachis,PeanutPlant,Mx4rvVidtZwpEbGdrcN5Y29ycA,PeanutPlant
Peanuts,PeanutPlant,Mx4rvVidtZwpEbGdrcN5Y29ycA,PeanutPlant
Pears,Pear,Mx8Ngh4rvVipdpwpEbGdrcN5Y29ycB4rvViseZwpEbGdrcN5Y29ycA,"[:FruitFn, :PearTree]"
Pediatricians,Pediatrician,Mx4rvVjP-ZwpEbGdrcN5Y29ycA,Pediatrician
Peers,Peer,Mx4r8RZS6ry5EdmAAAACs6hRjg,Peer
Pelicans,Pelican,Mx4rvWM8LpwpEbGdrcN5Y29ycA,Pelican
Pens,Pen,Mx4rL03bIqZZEdaECwCgyeeBIg,Pen-TheProgram
Pencils,Pencil,Mx4rvVjLfJwpEbGdrcN5Y29ycA,Pencil
Penguins,Penguin,Mx4rvViphpwpEbGdrcN5Y29ycA,Penguin
Peninsulas,Peninsula,Mx4rvViPJpwpEbGdrcN5Y29ycA,Peninsula
Spits,Peninsula,Mx4rvViPJpwpEbGdrcN5Y29ycA,Peninsula
Cent,PennyCoin_US,Mx4rwPzmypwpEbGdrcN5Y29ycA,PennyCoin-US
Pennies,PennyCoin_US,Mx4rwPzmypwpEbGdrcN5Y29ycA,PennyCoin-US
Piperales,PepperOrder,Mx4rvVjUPJwpEbGdrcN5Y29ycA,PepperOrder
Gazettes,PeriodicalSeries,Mx4rvaipZJwpEbGdrcN5Y29ycA,PeriodicalSeries
Periodicals,PeriodicalSeries,Mx4rvaipZJwpEbGdrcN5Y29ycA,PeriodicalSeries
People,Person,Mx4rvViAkpwpEbGdrcN5Y29ycA,Person
Microcomputers,PersonalComputer,Mx4rvVitf5wpEbGdrcN5Y29ycA,PersonalComputer
Pesticides,Pesticide,Mx4rvVitNJwpEbGdrcN5Y29ycA,Pesticide
Pharmacies,Pharmacy,Mx4rwP1KZ5wpEbGdrcN5Y29ycA,Pharmacy
Pheasants,Pheasant,Mx4rvVivoZwpEbGdrcN5Y29ycA,Pheasant
Philippines,Philippines,Mx4rvVipLpwpEbGdrcN5Y29ycA,Philippines
Theories,PhilosophicalTheory,Mx4rmb-70iCiEdaAAABQ2sS97Q,PhilosophicalTheory
Phlox,PhloxPlant,Mx4rvViol5wpEbGdrcN5Y29ycA,PhloxPlant
Phobias,Phobia,Mx4rwQtbz5wpEbGdrcN5Y29ycA,Phobia
Phosphates,Phosphate,Mx4rv-cwsZwpEbGdrcN5Y29ycA,Phosphate
Photocopiers,PhotocopyMachine,Mx4rvVium5wpEbGdrcN5Y29ycA,PhotocopyMachine
Photographs,Photograph,Mx4rvVjZ7ZwpEbGdrcN5Y29ycA,Photograph
Physiotherapists,PhysicalTherapist,Mx4rwP1aPpwpEbGdrcN5Y29ycA,PhysicalTherapist
Physicists,Physicist,Mx4rvViN4ZwpEbGdrcN5Y29ycA,Physicist
Physiologists,Physiologist,Mx4rvVj-wZwpEbGdrcN5Y29ycA,Physiologist
Pianists,Pianist,Mx4rwQCSB5wpEbGdrcN5Y29ycA,Pianist
Pickles,Pickle,Mx4rv-h7ypwpEbGdrcN5Y29ycA,Pickle
Pies,Pie,Mx4rvVjkqJwpEbGdrcN5Y29ycA,Pie
Piers,Pier,Mx4rlIY0dq1gEdqAAAACs6hO_g,Pier
Pigs,Pig,Mx4rvViuYZwpEbGdrcN5Y29ycA,Pig
Pigments,Pigment,Mx4rvVigk5wpEbGdrcN5Y29ycA,Pigment
Pilgrimages,Pilgrimage,Mx4rX_BAMUq7EdiedwACs5b6-g,Pilgrimage
Pineapples,PineapplePlant,Mx4rvViet5wpEbGdrcN5Y29ycA,PineapplePlant
Pipelines,Pipeline,Mx4rvkfG4JwpEbGdrcN5Y29ycA,Pipeline
Piranhas,Piranha,Mx4rvVi7JpwpEbGdrcN5Y29ycA,Piranha
Pirates,Pirate_Sailor,Mx4rwFNlP5wpEbGdrcN5Y29ycA,Pirate-Sailor
Pizzerias,Pizzeria,Mx4rwQCZUJwpEbGdrcN5Y29ycA,Pizzeria
Places,Place,Mx4rvVjTtJwpEbGdrcN5Y29ycA,Place
Plains,Plain_Topographical,Mx4rvVj1i5wpEbGdrcN5Y29ycA,Plain-Topographical
Planets,Planet,Mx4rvVjRL5wpEbGdrcN5Y29ycA,Planet
Plantations,Plantation,Mx4rtgbc6KUhQdiIMqLM0rN5nQ,Plantation
Plants,PlantBLO,Mx4rwP4Gu5wpEbGdrcN5Y29ycA,PlantBLO
Planters,Planter_Flowerpot,Mx4rvh31epwpEbGdrcN5Y29ycA,Planter-Flowerpot
Plastics,Plastic,Mx4rvVj0lpwpEbGdrcN5Y29ycA,Plastic
Plasticizers,Plasticizer,Mx4rceOYkZICEdeELAADR6QijQ,Plasticizer
Plateaus,Plateau,Mx4rvmUHgJwpEbGdrcN5Y29ycA,Plateau
Platyhelminthes,Platyhelminthes,Mx4rA0nWhLOnEdeT8QACs6hPlA,Platyhelminthes
Plays,Play_CW,Mx4rv0F5opwpEbGdrcN5Y29ycA,Play-CW
Pliers,Pliers,Mx4rvVjSQJwpEbGdrcN5Y29ycA,Pliers
Plovers,Plover,Mx4rvyoMhpwpEbGdrcN5Y29ycA,Plover
Plumbers,Plumber,Mx4rvViVnpwpEbGdrcN5Y29ycA,Plumber
Poachers,Poacher,Mx4rvWaccJwpEbGdrcN5Y29ycA,Poacher
Podiatrists,Podiatrist,Mx4rvViKXpwpEbGdrcN5Y29ycA,Podiatrist
Poems,Poem_CW,Mx4rvvm9OJwpEbGdrcN5Y29ycA,Poem-CW
Poets,Poet,Mx4rvftqlZwpEbGdrcN5Y29ycA,Poet
Rhus,PoisonIvy_Plant,Mx4rvViDO5wpEbGdrcN5Y29ycA,PoisonIvy-Plant
Ideologies,PoliticalBeliefSystem,Mx4rvVjUHpwpEbGdrcN5Y29ycA,PoliticalBeliefSystem
Debates,PoliticalDebate,Mx4rrqCsxvcFEdqAAAACs71DGQ,PoliticalDebate
Protests,PoliticalProtesting,Mx4rvViQqZwpEbGdrcN5Y29ycA,PoliticalProtesting
Politics,Politics,Mx4rvx3ucJwpEbGdrcN5Y29ycA,Politics
Pollutants,Pollutant,Mx4rvvOaSZwpEbGdrcN5Y29ycA,Pollutant
Polygons,Polygon,Mx4rvVjVXJwpEbGdrcN5Y29ycA,Polygon
Polymers,PolymerMolecule,Mx4rvz8bAZwpEbGdrcN5Y29ycA,PolymerMolecule
Hedgehogs,Porcupine,Mx4rvVjFKZwpEbGdrcN5Y29ycA,Porcupine
Porcupines,Porcupine,Mx4rvVjFKZwpEbGdrcN5Y29ycA,Porcupine
Porpoises,Porpoise,Mx4rtHKU7CRJQdmO3LgVGVQxRg,Porpoise
Portraits,PortraitPerspective,Mx4rwQBcZ5wpEbGdrcN5Y29ycA,PortraitPerspective
Postcards,PostCard,Mx4rvyMSx5wpEbGdrcN5Y29ycA,PostCard
Posters,Poster,Mx4rvoV38JwpEbGdrcN5Y29ycA,Poster
Prairies,Prairie,Mx4rv2_3s5wpEbGdrcN5Y29ycA,Prairie
Precincts,Precinct,Mx4rPgOJIitlEdiUgQAH6RYvSQ,Precinct
Prefectures,Prefecture,Mx4rvlse1ZwpEbGdrcN5Y29ycA,Prefecture
Prejudices,Prejudice,Mx4rvb_h55wpEbGdrcN5Y29ycA,Prejudice
Preservatives,Preservative_Food,Mx4rvgDKTZwpEbGdrcN5Y29ycA,Preservative-Food
Presidents,PresidentOfOrganization,Mx4rwJmRJZwpEbGdrcN5Y29ycA,PresidentOfOrganization
Primates,Primate,Mx4rvVimdJwpEbGdrcN5Y29ycA,Primate
Princesses,Princess,Mx4rvusi7pwpEbGdrcN5Y29ycA,Princess
Prions,Prion,Mx4rvs4V4ZwpEbGdrcN5Y29ycA,Prion
Prisons,Prison,Mx4rvem215wpEbGdrcN5Y29ycA,Prison
Producers,Producer,Mx4rR-GpAisyEdiaugAH6RYvVQ,Producer
Distributors,ProductDistributionOrganization,Mx4rvVkIFJwpEbGdrcN5Y29ycA,ProductDistributionOrganization
Professorships,Professorship,Mx4rmzpNxNnXQdiKsPrBUb6i-A,Professorship
Projects,Project,Mx4rvViqMpwpEbGdrcN5Y29ycA,Project
Projectiles,Projectile_Device,Mx4rwFAPh5wpEbGdrcN5Y29ycA,Projectile-Device
Projectors,ProjectionDisplayDevice,Mx4rwPvLvJwpEbGdrcN5Y29ycA,ProjectionDisplayDevice
Prokaryotes,ProkaryoticCell,Mx4rvVjVN5wpEbGdrcN5Y29ycA,ProkaryoticCell
Pronouns,Pronoun,Mx4rwP4CspwpEbGdrcN5Y29ycA,Pronoun
Propellers,Propeller,Mx4rwP2IS5wpEbGdrcN5Y29ycA,Propeller
Prophets,Prophet,Mx4rwPq30ZwpEbGdrcN5Y29ycA,Prophet
Publications,PropositionalConceptualWork,Mx4rv5L5vZwpEbGdrcN5Y29ycA,PropositionalConceptualWork
Memoirs,PropositionalConceptualWork_MemoirGenre,Mx4ryd005inGQdiYa-t-tJZxmA,PropositionalConceptualWork-MemoirGenre
Parodies,PropositionalConceptualWork_ParodyGenre,Mx4rxGF_jnS7EdaAAACgyZzFrg,PropositionalConceptualWork-ParodyGenre
Thrillers,PropositionalConceptualWork_ThrillerGenre,Mx4rdUvbpHS9EdaAAACgyZzFrg,PropositionalConceptualWork-ThrillerGenre
Prosecutors,Prosecutor,Mx4rlL5kmLrMEdaAAAACs6Mw3A,Prosecutor
Proteins,ProteinStuff,Mx4rvVjM3pwpEbGdrcN5Y29ycA,ProteinStuff
Marches,ProtestMarch,Mx4rvVj6_5wpEbGdrcN5Y29ycA,ProtestMarch
Protista,ProtistaKingdom,Mx4rvVimKZwpEbGdrcN5Y29ycA,ProtistaKingdom
Rules,Protocol,Mx4rxo_VAPHDEdaO6gABAkLVdg,Protocol
Proverbs,Proverb,Mx4rqp8eojGUQdiE9aWWLkObVQ,Proverb
Provinces,Province,Mx4rvVjM45wpEbGdrcN5Y29ycA,Province
Clairvoyants,PsychicAdviser,Mx4rwB-v7ZwpEbGdrcN5Y29ycA,PsychicAdviser
Psychics,PsychicAdviser,Mx4rwB-v7ZwpEbGdrcN5Y29ycA,PsychicAdviser
Psychoanalysts,Psychoanalyst,Mx4rvV7OeZwpEbGdrcN5Y29ycA,Psychoanalyst
Psycholinguists,Psycholinguist,Mx4rvwWX2ZwpEbGdrcN5Y29ycA,Psycholinguist
Psychotherapists,Psychotherapist,Mx4rKe3t6KOKQdiOU-uvcTjJfA,Psychotherapist
Speeches,PublicSpeaking,Mx4rwOz-DJwpEbGdrcN5Y29ycA,PublicSpeaking
Publishers,PublishingOrganization,Mx4rv2JAepwpEbGdrcN5Y29ycA,PublishingOrganization
Puffins,Puffin,Mx4rvViPy5wpEbGdrcN5Y29ycA,Puffin
Pumps,Pump_Mechanical,Mx4rvVie9ZwpEbGdrcN5Y29ycA,Pump-Mechanical
Punishments,Punishment,Mx4rvVjZupwpEbGdrcN5Y29ycA,Punishment
Ramones,PunkMusic,Mx4rvl9fUZwpEbGdrcN5Y29ycA,PunkMusic
Puppets,Puppet,Mx4rvlUvXZwpEbGdrcN5Y29ycA,Puppet
Puzzles,Puzzle,Mx4rvueW65wpEbGdrcN5Y29ycA,Puzzle
Pylons,Pylon,Mx4rwPSRg5wpEbGdrcN5Y29ycA,Pylon
Pyramids,Pyramid,Mx4rvVjJX5wpEbGdrcN5Y29ycA,Pyramid
Quadrilaterals,Quadrilateral,Mx4rvn5lgpwpEbGdrcN5Y29ycA,Quadrilateral
Quarries,Quarry,Mx4rwPK1qJwpEbGdrcN5Y29ycA,Quarry
Quasars,Quasar,Mx4rwFzPXJwpEbGdrcN5Y29ycA,Quasar
Mononegavirales,RabiesVirus,Mx4rvifi15wpEbGdrcN5Y29ycA,RabiesVirus
Racehorses,Racehorse,Mx4rdDJ92McaEdmAAAACs6hRjg,Racehorse
Rags,Rags_ClothingItem,Mx4rvgH3a5wpEbGdrcN5Y29ycA,Rags-ClothingItem
Rails,Railway,Mx4rvVi-lJwpEbGdrcN5Y29ycA,Railway
Ranches,Ranch,Mx8Ngh4rc6oKzFsKEdaAAACQJ5pZBx4rvVjmEpwpEbGdrcN5Y29ycA,"[:FacilityTypeOfOrganizationTypeFn, :LivestockFarm]"
Ranchers,Rancher,Mx4r6nnLjvVTQdiFoLQhdKv5ww,Rancher
Rape,Rape,Mx4rwQrfCZwpEbGdrcN5Y29ycA,Rape
Rapids,Rapids,Mx4rvVj1QpwpEbGdrcN5Y29ycA,Rapids
Rapists,Rapist,Mx4rv1HrB5wpEbGdrcN5Y29ycA,Rapist
Ratios,Ratio,Mx4rxgFnmCzmQdibecNxmrN_eA,Ratio
Corvus,Raven,Mx4rvWQTspwpEbGdrcN5Y29ycA,Raven
Ravens,Raven,Mx4rvWQTspwpEbGdrcN5Y29ycA,Raven
Rays,Ray_Fish,Mx4rwP1mN5wpEbGdrcN5Y29ycA,Ray-Fish
Admirals,RearAdmiral_Rank,Mx4ritOS5nS9EdaAAACgyZzFrg,RearAdmiral-Rank
Receptors,ReceptorMolecule,Mx4rm1b3FJCmEd2AAADggVbxzQ,ReceptorMolecule
Recessions,Recession_Economic,Mx4rv3ZriZwpEbGdrcN5Y29ycA,Recession-Economic
Picoides,RedCockadedWoodpecker,Mx4rvabO9JwpEbGdrcN5Y29ycA,RedCockadedWoodpecker
Reefs,Reef,Mx4rvVjQmJwpEbGdrcN5Y29ycA,Reef
Referendums,Referendum,Mx4rVUBaHCzZQdiJI60BYYtp2g,Referendum
Refugees,Refugee,Mx4rwMU99JwpEbGdrcN5Y29ycA,Refugee
Regents,Regent,Mx4r8xV4ujAUQdiRwNh88htQzg,Regent
Regiments,Regiment_MilitaryEchelon,Mx4rgswEFm3OEdaAAACgye-oRQ,Regiment-MilitaryEchelon
Regions,Region,Mx4rpKb4HskwEdmAAAACs6hRjg,Region
Reindeer,Reindeer,Mx4rwPfntpwpEbGdrcN5Y29ycA,Reindeer
Sects,ReligiousDenomination,Mx4rwJGH5JwpEbGdrcN5Y29ycA,ReligiousDenomination
Reptiles,Reptile,Mx4rvVjyMJwpEbGdrcN5Y29ycA,Reptile
Republics,Republic,Mx4rRh4l5m29EdaAAACgyZzFrg,Republic
Republicans,Republican,Mx4rvhvt4ZwpEbGdrcN5Y29ycA,Republican
Requiems,Requiem,Mx4r1B9zAjDcQdiODZ43uQpjEQ,Requiem
Researchers,Researcher,Mx4rvViaI5wpEbGdrcN5Y29ycA,Researcher
Institutes,ResearchOrganization,Mx4rvViNhJwpEbGdrcN5Y29ycA,ResearchOrganization
Resins,Resin,Mx4rwA9Vx5wpEbGdrcN5Y29ycA,Resin
Resorts,ResortFacility,Mx4rYNKpnlsLEdaAAACQJ5pZBw,ResortFacility
Resources,Resources,Mx4rwMV1_ZwpEbGdrcN5Y29ycA,Resources
Restaurants,Restaurant_Organization,Mx4rvVjyg5wpEbGdrcN5Y29ycA,Restaurant-Organization
Retailers,RetailOrganization,Mx4rvVjeUZwpEbGdrcN5Y29ycA,RetailOrganization
Shops,RetailStore,Mx4rvVi__5wpEbGdrcN5Y29ycA,RetailStore
Retroviruses,Retrovirus,Mx4rCoDMgN1AQdaVGuxjeW4uUA,Retrovirus
Revolutions,Revolution_Political,Mx4rvjMsT5wpEbGdrcN5Y29ycA,Revolution-Political
Revolvers,Revolver,Mx4rwQCYsZwpEbGdrcN5Y29ycA,Revolver
Rheumatologists,Rheumatologist,Mx4rwQrpFZwpEbGdrcN5Y29ycA,Rheumatologist
Rhinoceroses,Rhinoceros,Mx4rvVigiJwpEbGdrcN5Y29ycA,Rhinoceros
Rickettsiales,Rickettsiales_Order,Mx4rwFpl3ZwpEbGdrcN5Y29ycA,Rickettsiales-Order
Riddles,Riddle,Mx4rwToBYZwpEbGdrcN5Y29ycA,Riddle
Ridges,Ridge,Mx4rv-vI_5wpEbGdrcN5Y29ycA,Ridge
Rifles,Rifle,Mx4rwQrhWpwpEbGdrcN5Y29ycA,Rifle
Riots,Rioting,Mx4rvVi3uJwpEbGdrcN5Y29ycA,Rioting
Rituals,Ritual,Mx4rvVjeRZwpEbGdrcN5Y29ycA,Ritual
Rivers,River,Mx4rvVkHM5wpEbGdrcN5Y29ycA,River
Roads,Roadway,Mx4rvyNjbZwpEbGdrcN5Y29ycA,Roadway
Robberies,Robbing,Mx4rvWKkr5wpEbGdrcN5Y29ycA,Stealing-Physical
Robots,Robot,Mx4rwQr1pJwpEbGdrcN5Y29ycA,Robot
Rodents,Rodent,Mx4rvVkI8pwpEbGdrcN5Y29ycA,Rodent
Roofs,RoofOfAConstruction,Mx4rvVj3iJwpEbGdrcN5Y29ycA,RoofOfAConstruction
Roses,RoseBush,Mx4rvVia8JwpEbGdrcN5Y29ycA,RoseBush
Rotorcraft,RotaryWingAircraft,Mx4rwT13G5wpEbGdrcN5Y29ycA,RotaryWingAircraft
Rotifers,Rotifera,Mx4rvu6aipwpEbGdrcN5Y29ycA,Rotifera
Rotundas,Rotunda,Mx4raPD59CzUQdifWZRjvlt6Ng,Rotunda
Ruins,RuinedArtifact,Mx4rvXFBK5wpEbGdrcN5Y29ycA,RuinedArtifact
Sagas,Saga,Mx4rPgMT8ytlEdiUgQAH6RYvSQ,Saga
Sailboats,Sailboat,Mx4rvVjW8JwpEbGdrcN5Y29ycA,Sailboat
Saints,Saint,Mx4rwQCWO5wpEbGdrcN5Y29ycA,Saint
Salads,Salad,Mx4rvViX8ZwpEbGdrcN5Y29ycA,Salad
Salamanders,Salamander,Mx4rvVjNupwpEbGdrcN5Y29ycA,Salamander
Sales,SalesActivity,Mx4rvViP0pwpEbGdrcN5Y29ycA,SalesActivity
Salespeople,SalesPerson,Mx4rvVibr5wpEbGdrcN5Y29ycA,SalesPerson
Salmon,Salmon,Mx4rvVi87pwpEbGdrcN5Y29ycA,Salmon
Salts,Salt_ChemicalSubstance,Mx4rvVi_VZwpEbGdrcN5Y29ycA,Salt-ChemicalSubstance
Sandals,Sandal,Mx4rvViPKZwpEbGdrcN5Y29ycA,Sandal
Sandwiches,Sandwich,Mx4rwQB8jpwpEbGdrcN5Y29ycA,Sandwich
Satanists,Satanist,Mx4rveSny5wpEbGdrcN5Y29ycA,Satanist
Satellites,Satellite_Device,Mx4rwPzeJJwpEbGdrcN5Y29ycA,Satellite-Device
Sauces,Sauce,Mx4rvVirapwpEbGdrcN5Y29ycA,Sauce
Sausages,Sausage,Mx4rWGjnAAvMEd2AAAACs6hRXg,Sausage
Saxophones,Saxophone,Mx4rwQrc2JwpEbGdrcN5Y29ycA,Saxophone
Saxophonists,Saxophonist,Mx8Ngh4rvW-_IZwpEbGdrcN5Y29ycB4rwQrc2JwpEbGdrcN5Y29ycA,"[:PlayerOfInstrumentFn, :Saxophone]"
Scales,Scale_MeasuringDevice,Mx4rwP1JQJwpEbGdrcN5Y29ycA,Scale-MeasuringDevice
Scandals,Scandal,Mx4rvXTNFZwpEbGdrcN5Y29ycA,Scandal
Scarves,Scarf,Mx4rvVjL2ZwpEbGdrcN5Y29ycA,Scarf
Scavengers,Scavenger,Mx4rvaQpd5wpEbGdrcN5Y29ycA,Scavenger
Schoolhouses,SchoolBuilding,Mx4rvVjifZwpEbGdrcN5Y29ycA,SchoolBuilding
Schools,SchoolInstitution,Mx4rpo0ncHqGQdeOwLvZU0r7Hw,SchoolInstitution
Schooners,Schooner,Mx4rwQCU15wpEbGdrcN5Y29ycA,Schooner
Scissors,Scissors,Mx4rvVizM5wpEbGdrcN5Y29ycA,Scissors
Scorpions,Scorpion,Mx4rvVjwDZwpEbGdrcN5Y29ycA,Scorpion
Screws,Screw_Connector,Mx4rvViKRpwpEbGdrcN5Y29ycA,Screw-Connector
Seas,Sea,Mx4rvVjMf5wpEbGdrcN5Y29ycA,Sea
Coasts,Seacoast,Mx4rwQCQD5wpEbGdrcN5Y29ycA,Seacoast
Gulls,Seagull,Mx4rvWTb1JwpEbGdrcN5Y29ycA,Seagull
Seamounts,Seamount,Mx4rw87kPIIlEdqAAAACs6hO_g,Seamount
Seats,SeatingDeviceSeat,Mx4rvVjaDpwpEbGdrcN5Y29ycA,SeatingDeviceSeat
Seawalls,Seawall,Mx4rniDxgqMCEdqAAAAOpmP6eA,Seawall
Secretaries,Secretary,Mx4rvVjKbJwpEbGdrcN5Y29ycA,Secretary
Sedatives,Sedative,Mx4rwP1YSZwpEbGdrcN5Y29ycA,Sedative
Sediments,Sediment,Mx4rwSxfpJwpEbGdrcN5Y29ycA,Sediment
Semiconductors,SemiconductorStuff,Mx4rvgEYcZwpEbGdrcN5Y29ycA,SemiconductorStuff
Semioticians,Semiotician,Mx4rvowR5pwpEbGdrcN5Y29ycA,Semiotician
Detectors,Sensor_Device,Mx4rcLOYUPK4QdeHfvXnrK8wHQ,Sensor-Device
Sensors,Sensor_Device,Mx4rcLOYUPK4QdeHfvXnrK8wHQ,Sensor-Device
Sequels,Sequel_CW,Mx4rj5pyBSzGEdiUgwAH6RYvSQ,Sequel-CW
Sermons,Sermon,Mx4rwQrpW5wpEbGdrcN5Y29ycA,Sermon
Servants,Servant,Mx4rZBPDtjDbQdiHtrOtrbgLwQ,Servant
Seychelles,Seychelles,Mx4rvViD2JwpEbGdrcN5Y29ycA,Seychelles
Huts,Shack,Mx4rwQr7kpwpEbGdrcN5Y29ycA,Shack
Shampoos,Shampoo,Mx4rvVj1lpwpEbGdrcN5Y29ycA,Shampoo
Sharks,Shark,Mx4rwP1mpZwpEbGdrcN5Y29ycA,Shark
Sheep,Sheep,Mx4rvVjk95wpEbGdrcN5Y29ycA,Sheep
Shepherds,Sheepherder,Mx4rwPKz3ZwpEbGdrcN5Y29ycA,Sheepherder
Sheriffs,Sheriff,Mx4rRWTpvi9AQdicUZy0P3lKVQ,Sheriff
Shields,Shield,Mx4rHleUzB7RQdiXb7W6xto9dw,Shield
Ships,Ship,Mx4rvVirIJwpEbGdrcN5Y29ycA,Ship
Shipwrecks,Shipwreck,Mx4rv43FT5wpEbGdrcN5Y29ycA,Shipwreck
Shipyards,Shipyard,Mx4rwF7pFZwpEbGdrcN5Y29ycA,Shipyard
Shoes,Shoe,Mx4rvVik6JwpEbGdrcN5Y29ycA,Shoe
Shoemakers,ShoeCobbler,Mx4rvVjappwpEbGdrcN5Y29ycA,ShoeCobbler
Shorebirds,ShoreBird,Mx4rvWJaD5wpEbGdrcN5Y29ycA,ShoreBird
Shotguns,Shotgun,Mx4rvWKGf5wpEbGdrcN5Y29ycA,Shotgun
Shrews,Shrew,Mx4rvYVZ75wpEbGdrcN5Y29ycA,Shrew
Shrines,Shrine_Religious,Mx4r-V6dBGC8QdibVqb-pdJx8Q,Shrine-Religious
Silicates,SilicateIon,Mx4rysPUcEL8QdefqvEH25WYrA,SilicateIon
Singers,Singer,Mx4rvVjiz5wpEbGdrcN5Y29ycA,Singer
Sirens,Siren,Mx4rwP1LhpwpEbGdrcN5Y29ycA,Siren
Skateboards,Skateboard,Mx4rvViyvZwpEbGdrcN5Y29ycA,Skateboard
Skateboarders,Skateboarder,Mx4rvwPld5wpEbGdrcN5Y29ycA,Skateboarder
Skirts,Skirt,Mx4rvVjdTpwpEbGdrcN5Y29ycA,Skirt
Skunks,Skunk,Mx4rvVjRWZwpEbGdrcN5Y29ycA,Skunk
Skyscrapers,Skyscraper,Mx4rvVjHDJwpEbGdrcN5Y29ycA,Skyscraper
Sloops,Sloop,Mx4riX_NyCrmEdqAAAACs71DGQ,Sloop
Slums,Slum,Mx4rQDDn6CqhQdiPHpQjs4ghGw,Slum
Smugglers,Smuggler,Mx4rwB09zIawEdqAAAACs2IKaQ,Smuggler
Snakes,Snake,Mx4rvViT7pwpEbGdrcN5Y29ycA,Snake
Snipers,Sniper_Professional,Mx4rwGxSTpwpEbGdrcN5Y29ycA,Sniper-Professional
Snowmobiles,Snowmobile,Mx4rwPzlHZwpEbGdrcN5Y29ycA,Snowmobile
Skiers,SnowSkier,Mx4rFOwr9o12QdeYFMVwxtS1ag,SnowSkier
Soaps,Soap_Personal,Mx4rvVj4KZwpEbGdrcN5Y29ycA,Soap-Personal
Footballers,SoccerPlayer,Mx4rvVkDmZwpEbGdrcN5Y29ycA,SoccerPlayer
Clubs,SocialClub_Organization,Mx4r2O6GFr_CEdaAAAACs6ho1w,SocialClub-Organization
Socialists,Socialist,Mx4rvwKKdpwpEbGdrcN5Y29ycA,Socialist
Socks,Sock,Mx4rvViPuJwpEbGdrcN5Y29ycA,Sock
Couches,Sofa_PieceOfFurniture,Mx4rvVjfFJwpEbGdrcN5Y29ycA,Sofa-PieceOfFurniture
Demos,SoftwareDemonstration,Mx4rq_qd7sBlQdeQkYac79V93g,SoftwareDemonstration
Soldiers,Soldier,Mx4rvVjrTpwpEbGdrcN5Y29ycA,Soldier
Solicitors,Solicitor,Mx4rxFxmnCddQdiWWOHYN8as5Q,Solicitor
Solids,SolidTangibleArtifact,Mx4rvVjPmpwpEbGdrcN5Y29ycA,SolidTangibleArtifact
Solutions,Solution,Mx4rvVkFnJwpEbGdrcN5Y29ycA,Solution
Lullabies,Song_CW,Mx4rwP3teJwpEbGdrcN5Y29ycA,Song-CW
Songwriters,Songwriter,Mx4r7wQOfEeAEdaAAABQ2sS97g,Songwriter
Sopranos,Soprano_Singer,Mx4rvXmO05wpEbGdrcN5Y29ycA,Soprano-Singer
Sounds,Sound,Mx4rvpmpZ5wpEbGdrcN5Y29ycA,Sound
Soups,Soup,Mx4rvVj2XJwpEbGdrcN5Y29ycA,Soup
Spacecraft,Spacecraft,Mx4rwQtlDpwpEbGdrcN5Y29ycA,Spacecraft
Spaniels,Spaniel,Mx4rvbU4pZwpEbGdrcN5Y29ycA,Spaniel
Sparrows,Sparrow,Mx4rvVjGL5wpEbGdrcN5Y29ycA,Sparrow
Spears,Spear,Mx4rwT84bpwpEbGdrcN5Y29ycA,Spear
Standards,Specification,Mx4rvVib1JwpEbGdrcN5Y29ycA,Specification
Spices,Spice,Mx4rvVjN4ZwpEbGdrcN5Y29ycA,Spice
Spiders,Spider,Mx4rvVjCnZwpEbGdrcN5Y29ycA,Spider
Spirals,Spiral,Mx4rwK0hyJwpEbGdrcN5Y29ycA,Spiral
Spoons,Spoon,Mx4rvVj1iZwpEbGdrcN5Y29ycA,Spoon
Sports,Sport,Mx4rwPySLpwpEbGdrcN5Y29ycA,Sport
Sprinters,Sprinter,Mx4rvViohZwpEbGdrcN5Y29ycA,Sprinter
Squadrons,Squadron_MilitaryEchelon,Mx4rIlMG-HS8EdaAAACgyZzFrg,Squadron-MilitaryEchelon
Squid,Squid,Mx4rvViSBJwpEbGdrcN5Y29ycA,Squid
Squirrels,Squirrel,Mx4rvVjpeJwpEbGdrcN5Y29ycA,Squirrel
Stadiums,Stadium,Mx4rvVjtnZwpEbGdrcN5Y29ycA,Stadium
Stairways,Stairway,Mx4rvVjkx5wpEbGdrcN5Y29ycA,Stairway
Monologues,StandupComedy,Mx4rvgDEwZwpEbGdrcN5Y29ycA,StandupComedy
Stars,Star,Mx4rvVi80ZwpEbGdrcN5Y29ycA,Star
States,State_Geopolitical,Mx4rvVjnqJwpEbGdrcN5Y29ycA,State-Geopolitical
Statements,Statement,Mx4rvWIKZpwpEbGdrcN5Y29ycA,Statement
Steakhouses,Steakhouse_Organization,Mx4rNZ6nJiwNQdiWRp_vVMmIcg,Steakhouse-Organization
Stegosaurs,Stegosaurus,Mx4rwQBx75wpEbGdrcN5Y29ycA,Stegosaurus
Steroids,Steroid,Mx4rvVjl9JwpEbGdrcN5Y29ycA,Steroid
Stews,Stew_Foodstuff,Mx4rvWFWqpwpEbGdrcN5Y29ycA,Stew-Foodstuff
Himantopus,Stilt_Bird,Mx4rv-kmmZwpEbGdrcN5Y29ycA,Stilt-Bird
Stimulants,Stimulant,Mx4rvVjC2pwpEbGdrcN5Y29ycA,Stimulant
Stitches,Stitch,Mx4rTdXHjiqgQdiOsqrjqFgM_g,Stitch
Rocks,StoneObject_Natural,Mx4rwPudOZwpEbGdrcN5Y29ycA,StoneObject-Natural
Stone,StoneStuff,Mx4rvViOBJwpEbGdrcN5Y29ycA,StoneStuff
Stones,StoneStuff,Mx4rvViOBJwpEbGdrcN5Y29ycA,StoneStuff
Storks,Stork,Mx4rvVjEqJwpEbGdrcN5Y29ycA,Stork
Storms,StormAsObject,Mx4rwPu3fJwpEbGdrcN5Y29ycA,StormAsObject
Storytellers,Storyteller,Mx4rCeDaLCzlQdiFCa0UDP6j1w,Storyteller
Straits,Strait,Mx4rvViS15wpEbGdrcN5Y29ycA,Strait
Streets,Street_Generic,Mx4rvVj1FJwpEbGdrcN5Y29ycA,Street-Generic
Buskers,StreetPerformer,Mx4rvViQkpwpEbGdrcN5Y29ycA,StreetPerformer
Students,Student,Mx4rvViNGpwpEbGdrcN5Y29ycA,Student
Submarines,Submarine,Mx4rvViMW5wpEbGdrcN5Y29ycA,Submarine
Suburbs,SuburbanNeighborhood,Mx4rvVj8QZwpEbGdrcN5Y29ycA,SuburbanNeighborhood
Suicides,Suicide,Mx4rwQrsYZwpEbGdrcN5Y29ycA,Suicide
Sultans,Sultan_HeadOfState,Mx4rvVj2QZwpEbGdrcN5Y29ycA,Sultan-HeadOfState
Sunglasses,Sunglasses,Mx4rvVjojpwpEbGdrcN5Y29ycA,Sunglasses
Supercomputers,Supercomputer,Mx4rvVj7fpwpEbGdrcN5Y29ycA,Supercomputer
Superconductors,Superconductor,Mx4rvb3FSpwpEbGdrcN5Y29ycA,Superconductor
Supernovae,Supernova,Mx4rvrry3ZwpEbGdrcN5Y29ycA,Supernova
Surfactants,Surfactant,Mx4rvVjkoZwpEbGdrcN5Y29ycA,Surfactant
Surfers,Surfer,Mx4rP9eqoiwaEdiUggAH6RYvSQ,Surfer
Survivalists,Survivalist,Mx4rwDqOz5wpEbGdrcN5Y29ycA,Survivalist
Swamps,Swamp,Mx4rwQwnxpwpEbGdrcN5Y29ycA,Swamp
Swans,Swan,Mx4rvVjE6JwpEbGdrcN5Y29ycA,Swan
Sweaters,Sweater,Mx4rvVkBipwpEbGdrcN5Y29ycA,Sweater
Sweeteners,Sweetener,Mx4rvVj2e5wpEbGdrcN5Y29ycA,Sweetener
Swimsuits,SwimSuit,Mx4rvVjETpwpEbGdrcN5Y29ycA,SwimSuit
Swords,Sword,Mx4rvVj_15wpEbGdrcN5Y29ycA,Sword
Symphonies,Symphony,Mx4rv5FimZwpEbGdrcN5Y29ycA,Symphony
Synagogues,Synagogue_LocalCongregation,Mx4r92FCJB5sQdeDIJL0mVOUHw,Synagogue-LocalCongregation
Grammarians,Syntactician,Mx4rwGGySpwpEbGdrcN5Y29ycA,Syntactician
Systems,System,Mx4rv9Xu1ZwpEbGdrcN5Y29ycA,System
Tangos,Tango_StyleOfDance,Mx4rDoJQnnS7EdaAAACgyZzFrg,Tango-StyleOfDance
Tankers,TankerShip,Mx4rwQCPwpwpEbGdrcN5Y29ycA,TankerShip
Tapestries,Tapestry,Mx4rlyNhNSp4EdiUfwAH6RYvSQ,Tapestry
Taxicabs,TaxiCab,Mx4rvgH66ZwpEbGdrcN5Y29ycA,TaxiCab
Telecommunications,TelecommunicationsIndustry,Mx4rvh2_J5wpEbGdrcN5Y29ycA,TelecommunicationsIndustry
Telescopes,Telescope,Mx4rwQCMa5wpEbGdrcN5Y29ycA,Telescope
Temples,Temple,Mx4rwQwW0ZwpEbGdrcN5Y29ycA,Temple
Tendons,Tendon,Mx4rvVjefJwpEbGdrcN5Y29ycA,Tendon
Tenors,Tenor_Singer,Mx4rvq3c4ZwpEbGdrcN5Y29ycA,Tenor-Singer
Termites,Termite,Mx4rvVi7bpwpEbGdrcN5Y29ycA,Termite
Terns,Tern,Mx4rvffp8ZwpEbGdrcN5Y29ycA,Tern
Territories,Territory,Mx4rvVih3JwpEbGdrcN5Y29ycA,Territory
Textbooks,Textbook,Mx4rvVjaBZwpEbGdrcN5Y29ycA,Textbook
Lemmas,Theorizing,Mx4rvViqjpwpEbGdrcN5Y29ycA,Theorizing
Theropods,Therapod,Mx4rYZLsZtSZEdqAAAACs6hRXg,Therapod
Thermometers,Thermometer,Mx4rvVikQZwpEbGdrcN5Y29ycA,Thermometer
Theses,Thesis,Mx4rP9fRtSwaEdiUggAH6RYvSQ,Thesis
Thrones,Throne,Mx4rOVxI-im6QdifN7MwFspDTQ,Throne
Thrushes,Thrush_Bird,Mx4rwP1LlpwpEbGdrcN5Y29ycA,Thrush-Bird
Tigers,Tiger,Mx4rvVijVpwpEbGdrcN5Y29ycA,Tiger
Timelines,Timeline,Mx4rO3zfmCqeQdiCMc3qva_fYg,Timeline
Tires,Tire,Mx4rvVjB1pwpEbGdrcN5Y29ycA,Tire
Toads,Toad,Mx4rvVjfqpwpEbGdrcN5Y29ycA,Toad
Toilets,Toilet,Mx4rvVjYnZwpEbGdrcN5Y29ycA,Toilet
Tools,Tool,Mx4rwPznZJwpEbGdrcN5Y29ycA,Tool
Teeth,Tooth,Mx4rvVjUEZwpEbGdrcN5Y29ycA,Tooth
Tornadoes,TornadoAsObject,Mx4rvwNZvpwpEbGdrcN5Y29ycA,TornadoAsObject
Torpedoes,Torpedo,Mx4rveJnI5wpEbGdrcN5Y29ycA,Torpedo
Tortoises,Tortoise,Mx4rvViSzZwpEbGdrcN5Y29ycA,Tortoise
Toucans,Toucan,Mx4rwP1UkJwpEbGdrcN5Y29ycA,Toucan
Touchscreens,Touchscreen,Mx4rvVionJwpEbGdrcN5Y29ycA,Touchscreen
Towers,Tower,Mx4rwPK8UJwpEbGdrcN5Y29ycA,Tower
Towns,Town,Mx4rvuXm9JwpEbGdrcN5Y29ycA,Town
Townships,Town,Mx4rvuXm9JwpEbGdrcN5Y29ycA,Town
Poisons,ToxicSubstance,Mx4rvViTUZwpEbGdrcN5Y29ycA,ToxicSubstance
Toxins,ToxicSubstance,Mx4rvViTUZwpEbGdrcN5Y29ycA,ToxicSubstance
Toys,Toy,Mx4rvViE25wpEbGdrcN5Y29ycA,Toy
Tractors,Tractor,Mx4rvVj1WZwpEbGdrcN5Y29ycA,Tractor
Securities,TradeableSecurity,Mx4rv0XONJwpEbGdrcN5Y29ycA,TradeableSecurity
Trademarks,Trademark-String,Mx4rvWHCj5wpEbGdrcN5Y29ycA,Trademark-String
Footpaths,Trail,Mx4rwP1K_pwpEbGdrcN5Y29ycA,Trail
Trails,Trail,Mx4rwP1K_pwpEbGdrcN5Y29ycA,Trail
Trailers,Trailer,Mx4rvViSrJwpEbGdrcN5Y29ycA,Trailer
Trains,Train_TransportationDevice,Mx4rvVjIJZwpEbGdrcN5Y29ycA,Train-TransportationDevice
Railcars,TrainCar,Mx4rvViTsJwpEbGdrcN5Y29ycA,TrainCar
Locomotives,TrainEngine,Mx4rvZJQDJwpEbGdrcN5Y29ycA,TrainEngine
Transistors,Transistor,Mx4rvVi2gpwpEbGdrcN5Y29ycA,Transistor
Vehicles,TransportationDevice_Vehicle,Mx4rwLzhaZwpEbGdrcN5Y29ycA,TransportationDevice-Vehicle
Helicopters,TransportHelicopter,Mx4rv-BtMJwpEbGdrcN5Y29ycA,TransportHelicopter
Voyages,Travel_TripEvent,Mx4rvVi9WpwpEbGdrcN5Y29ycA,Travel-TripEvent
Travelers,Traveller,Mx4rwKPv_JwpEbGdrcN5Y29ycA,Traveller
Routes,TravelRoute,Mx4r7k80XssQEdmAAAACs6hRjg,TravelRoute
Treaties,Treaty,Mx4rwD8ghJwpEbGdrcN5Y29ycA,Treaty
Trees,Tree_ThePlant,Mx4rvVjPdZwpEbGdrcN5Y29ycA,Tree-ThePlant
Trials,Trial_Criminal,Mx4rvWLgyJwpEbGdrcN5Y29ycA,Trial-Criminal
Tricycles,Tricycle,Mx4rwQCWAJwpEbGdrcN5Y29ycA,Tricycle
Triglycerides,Triglyceride,Mx4rvsdoVZwpEbGdrcN5Y29ycA,Triglyceride
Trilogies,Trilogy_NovelSeries,Mx4rXtGpaoiSEdaAAAACs0uFOQ,Trilogy-NovelSeries
Trivia,Trivia,Mx4rvbBszJwpEbGdrcN5Y29ycA,Trivia
Rainforests,TropicalRainForest,Mx4rwFq7W5wpEbGdrcN5Y29ycA,TropicalRainForest
Tropics,Tropics,Mx4rwPzmFJwpEbGdrcN5Y29ycA,Tropics
Trotskyists,Trotskyist,Mx4rvhPXc5wpEbGdrcN5Y29ycA,Trotskyist
Trucks,Truck,Mx4rvVizgZwpEbGdrcN5Y29ycA,Truck
Trumpeters,Trumpeter,Mx8Ngh4rvW-_IZwpEbGdrcN5Y29ycB4rwPR06JwpEbGdrcN5Y29ycA,"[:PlayerOfInstrumentFn, :Trumpet]"
Tsunami,Tsunami,Mx4rvV5j_JwpEbGdrcN5Y29ycA,Tsunami
Tsunamis,Tsunami,Mx4rvV5j_JwpEbGdrcN5Y29ycA,Tsunami
Tubas,Tuba,Mx4rwPR01ZwpEbGdrcN5Y29ycA,Tuba
Tunnels,Tunnel,Mx4rwO2abpwpEbGdrcN5Y29ycA,Tunnel
Turbines,Turbine,Mx4r_DLlkt91EdaeFgACs6MxsQ,Turbine
Turntables,TurntableMechanism,Mx4rvVjg8JwpEbGdrcN5Y29ycA,TurntableMechanism
Turtles,Turtle,Mx4rvVj4wJwpEbGdrcN5Y29ycA,Turtle
Typewriters,Typewriter,Mx4rvVjaM5wpEbGdrcN5Y29ycA,Typewriter
Unicorns,Unicorn,Mx4rvhn_I5wpEbGdrcN5Y29ycA,Unicorn
Uniforms,Uniform,Mx4rvViqpJwpEbGdrcN5Y29ycA,Uniform
Urologists,Urologist,Mx4rvVikkpwpEbGdrcN5Y29ycA,Urologist
Vaccines,Vaccine,Mx4rvVjM9JwpEbGdrcN5Y29ycA,Vaccine
Valleys,Valley,Mx4rvVkKGZwpEbGdrcN5Y29ycA,Valley
Valves,Valve_Unidirectional,Mx4rv_HTcpwpEbGdrcN5Y29ycA,Valve-Unidirectional
Vampires,Vampire,Mx4rvyHrSJwpEbGdrcN5Y29ycA,Vampire
Vandals,Vandal,Mx4rCKXo8irOEdiXsQAH6RYvVQ,Vandal
Vasodilators,Vasodilator,Mx4rvWEbsJwpEbGdrcN5Y29ycA,Vasodilator
Vectors,Vectors_Math_Topic,Mx4r8rRyfmJsQdiEvK-aX6H8Pg,Vectors-Math-Topic
Vegetables,Vegetable_Food,Mx4rvVjqzZwpEbGdrcN5Y29ycA,Vegetable-Food
Veins,Vein,Mx4rvVjkWpwpEbGdrcN5Y29ycA,Vein
Verbs,Verb,Mx4rvViAfJwpEbGdrcN5Y29ycA,Verb
Pests,Vermin,Mx4rvVilfJwpEbGdrcN5Y29ycA,Vermin
Joints,VertebralBodyJoint,Mx4rwG8bD5wpEbGdrcN5Y29ycA,VertebralBodyJoint
Vertebrates,Vertebrate,Mx4rvVil5pwpEbGdrcN5Y29ycA,Vertebrate
Viaducts,Viaduct,Mx4rg7FIuty-EdqAAAACs71DGQ,Viaduct
Vigilantes,Vigilante,Mx4rvtwAoZwpEbGdrcN5Y29ycA,Vigilante
Vikings,Viking,Mx4rwP3sNpwpEbGdrcN5Y29ycA,Viking
Hamlets,Village,Mx4rv33BppwpEbGdrcN5Y29ycA,Village
Villages,Village,Mx4rv33BppwpEbGdrcN5Y29ycA,Village
Violins,Violin,Mx4rwQtnWpwpEbGdrcN5Y29ycA,Violin
Violinists,Violinist,Mx8Ngh4rvW-_IZwpEbGdrcN5Y29ycB4rwQtnWpwpEbGdrcN5Y29ycA,"[:PlayerOfInstrumentFn, :Violin]"
Viruses,Virus,Mx4rvViXQpwpEbGdrcN5Y29ycA,Virus
Visas,Visa_Document,Mx4rv8gfApwpEbGdrcN5Y29ycA,Visa-Document
Viscounts,Viscount,Mx4rwGTeK5wpEbGdrcN5Y29ycA,Viscount
Vitamins,Vitamin,Mx4rvVi8wpwpEbGdrcN5Y29ycA,Vitamin
Volcanoes,Volcano,Mx4rvVkKUJwpEbGdrcN5Y29ycA,Volcano
Vowels,Vowel,Mx4rvfs4HJwpEbGdrcN5Y29ycA,Vowel
Waffles,Waffle,Mx4rwQCC_5wpEbGdrcN5Y29ycA,Waffle
Wagons,Wagon,Mx4rwP1mLpwpEbGdrcN5Y29ycA,Wagon
Walls,Wall_GenericBarrier,Mx4rvVjfapwpEbGdrcN5Y29ycA,Wall-GenericBarrier
Waltzes,Waltz,Mx4rgIPYqDGhQdiX1rgMN5qIUw,Waltz
Wars,War,Mx4rvVjfq5wpEbGdrcN5Y29ycA,War
Warblers,Warbler,Mx4rv-gcC5wpEbGdrcN5Y29ycA,Warbler
Warehouses,Warehouse,Mx4rvVjiHpwpEbGdrcN5Y29ycA,Warehouse
Warrants,Warrant_Writ,Mx4rvb_pYpwpEbGdrcN5Y29ycA,Warrant-Writ
Warriors,Warrior,Mx4rVwFRmDoZQdefRchRema0Cw,Warrior
Wasps,Wasp,Mx4rvVi8MZwpEbGdrcN5Y29ycA,Wasp
Watches,Watch,Mx4rvwP3X5wpEbGdrcN5Y29ycA,Watch
Watercraft,Watercraft,Mx4rvVi-55wpEbGdrcN5Y29ycA,Watercraft
Waterfalls,Waterfall,Mx4rvVj0_pwpEbGdrcN5Y29ycA,Waterfall
Anseriformes,Waterfowl,Mx4rvV9DmJwpEbGdrcN5Y29ycA,Waterfowl
Waterfowl,Waterfowl,Mx4rvV9DmJwpEbGdrcN5Y29ycA,Waterfowl
Nymphaeales,WaterLilyOrder,Mx4rvVjtopwpEbGdrcN5Y29ycA,WaterLilyOrder
Waterways,WaterSurfacePath,Mx4rwP1QU5wpEbGdrcN5Y29ycA,WaterSurfacePath
Waves,Wave_Liquid,Mx4rwPKnmJwpEbGdrcN5Y29ycA,Wave-Liquid
Waxes,Wax,Mx4rvVi0CZwpEbGdrcN5Y29ycA,Wax
Weapons,Weapon,Mx4rvVj8V5wpEbGdrcN5Y29ycA,Weapon
Weasels,Weasel,Mx4rvVjRF5wpEbGdrcN5Y29ycA,Weasel
Blogs,Weblog,Mx4rW5BJaP00EdmAAAACs6M1uw,Weblog
Werewolves,Werewolf,Mx4rvVnAZJwpEbGdrcN5Y29ycA,Werewolf
Wetlands,WetlandRegion,Mx4rvh8GOpwpEbGdrcN5Y29ycA,WetlandRegion
Wheels,Wheel,Mx4rvVivK5wpEbGdrcN5Y29ycA,Wheel
Whips,Whip,Mx4rvaFsApwpEbGdrcN5Y29ycA,Whip
Whirlpools,Whirlpool_Bathtub,Mx4rzIJGkDDFEdieNAACs6hciw,Whirlpool-Bathtub
Whistles,Whistle,Mx4rvVjtRJwpEbGdrcN5Y29ycA,Whistle
Leukocytes,WhiteBloodCell,Mx4rvuOjmpwpEbGdrcN5Y29ycA,WhiteBloodCell
Wholesalers,Wholesaler,Mx4rvVjc0pwpEbGdrcN5Y29ycA,Wholesaler
Wigs,Wig,Mx4rvVjoIJwpEbGdrcN5Y29ycA,Wig
Windmills,Windmill,Mx4rvVji-pwpEbGdrcN5Y29ycA,Windmill
Winds,WindProcess,Mx4rvVjorZwpEbGdrcN5Y29ycA,WindProcess
Vintners,Winery,Mx4rwP3rCpwpEbGdrcN5Y29ycA,Winery
Wineries,Winery,Mx4rwP3rCpwpEbGdrcN5Y29ycA,Winery
Wolves,Wolf,Mx4rvVjDH5wpEbGdrcN5Y29ycA,Wolf
Woodpeckers,Woodpecker,Mx4rvVjF7pwpEbGdrcN5Y29ycA,Woodpecker
Workstations,WorkStation,Mx4rvVjYTZwpEbGdrcN5Y29ycA,WorkStation
Browsers,WorldWideWebClientProgram,Mx4rvWN8eJwpEbGdrcN5Y29ycA,WorldWideWebClientProgram
Wrens,Wren,Mx4rAJbO0iy8Qdidm-GA9uCcug,Wren
Wrenches,Wrench,Mx4rvVkJTZwpEbGdrcN5Y29ycA,Wrench
Wrestlers,Wrestler,Mx4rwByumpwpEbGdrcN5Y29ycA,Wrestler
Writs,Writ,Mx4rvcJInJwpEbGdrcN5Y29ycA,Writ
Writers,Writer,Mx4rvVj7rpwpEbGdrcN5Y29ycA,Writer
Numerals,WrittenNumeral,Mx4rwN4fhpwpEbGdrcN5Y29ycA,WrittenNumeral
Yachts,Yacht,Mx4run14FjC7QdiKbp3T8_xoXA,Yacht
Yemen,Yemen,Mx4rwPbFVJwpEbGdrcN5Y29ycA,Yemen
Zambales,Zambales_ProvincePhilippines,Mx4rvjT__5wpEbGdrcN5Y29ycA,Zambales-ProvincePhilippines
Zebras,Zebra,Mx4rvVicVZwpEbGdrcN5Y29ycA,Zebra
Zeolites,Zeolite,Mx4r8ExS0EsZEdqAAAACs6hO_g,Zeolite
Zones,Zone,Mx4ruirKGhlDQdiWYoqXOFpoBg,Zone
Zoologists,Zoologist,Mx4rvVkBEZwpEbGdrcN5Y29ycA,Zoologist
Zoos,ZooOrganization,Mx4rvgC7oJwpEbGdrcN5Y29ycA,ZooOrganization
