Game,Mx4rvkS9GZwpEbGdrcN5Y29ycA
BoardGame,Mx4rwATRDpwpEbGdrcN5Y29ycA
Sport,Mx4rwPySLpwpEbGdrcN5Y29ycA
Athletics,Mx4rvgH-XZwpEbGdrcN5Y29ycA
HorseRiding,Mx4rwIXTbJwpEbGdrcN5Y29ycA
Agent,Mx4rvsaaeJwpEbGdrcN5Y29ycA
Deity,Mx4rvVjrCJwpEbGdrcN5Y29ycA
Family,Mx4rvVilOpwpEbGdrcN5Y29ycA
NobleFamily,Mx4rhkQi5s3sEdmAAAACs6hRjg
Organisation,Mx4rvVjVT5wpEbGdrcN5Y29ycA
Band,Mx4rvgEZGJwpEbGdrcN5Y29ycA
Broadcaster,Mx4rv9YQyZwpEbGdrcN5Y29ycA
BroadcastNetwork,Mx4rv9YQyZwpEbGdrcN5Y29ycA
RadioStation,Mx4rvVjvzZwpEbGdrcN5Y29ycA
TelevisionStation,Mx4rwQCRppwpEbGdrcN5Y29ycA
ClericalOrder,Mx4rvVjbBJwpEbGdrcN5Y29ycA
ComedyGroup,Mx4rv_nEkZwpEbGdrcN5Y29ycA
Company,Mx4rvVjQNpwpEbGdrcN5Y29ycA
Airline,Mx4rvViq7pwpEbGdrcN5Y29ycA
Brewery,Mx4rvVjzRJwpEbGdrcN5Y29ycA
BusCompany,Mx4rv6DY65wpEbGdrcN5Y29ycA
LawFirm,Mx4rvoYwuZwpEbGdrcN5Y29ycA
Publisher,Mx4rv2JAepwpEbGdrcN5Y29ycA
RecordLabel,Mx4rwNdapZwpEbGdrcN5Y29ycA
Winery,Mx4rwP3rCpwpEbGdrcN5Y29ycA
EducationalInstitution,Mx4rvViNQZwpEbGdrcN5Y29ycA
College,Mx4rwUHx0JwpEbGdrcN5Y29ycA
Library,Mx4rvVjknJwpEbGdrcN5Y29ycA
School,Mx4r3np2ODTxEdqAAAAH6RYvSQ
University,Mx4rvVjjvpwpEbGdrcN5Y29ycA
GeopoliticalOrganisation,Mx4rvVjl2pwpEbGdrcN5Y29ycA
GovernmentAgency,Mx4rv8Cq9pwpEbGdrcN5Y29ycA
Legislature,Mx4rteh8Dh5sQdeGx9CE3Izj5w
MilitaryUnit,Mx4rvVjx75wpEbGdrcN5Y29ycA
Non-ProfitOrganisation,Mx4rvViu6JwpEbGdrcN5Y29ycA
Parliament,Mx4r4A_2hI2bQdiY2PczkXJ4BQ
PoliticalParty,Mx4rvVj82pwpEbGdrcN5Y29ycA
BaseballLeague,Mx8Ngx4rwEcGC5wpEbGdrcN5Y29ycB4rvVjbp5wpEbGdrcN5Y29ycB8Ngh4rwP1535wpEbGdrcN5Y29ycB4rvVinB5wpEbGdrcN5Y29ycA
SportsTeam,Mx4rvViwbJwpEbGdrcN5Y29ycA
BaseballTeam,Mx4rvVkDP5wpEbGdrcN5Y29ycA
BasketballTeam,Mx4rvVinB5wpEbGdrcN5Y29ycA
HockeyTeam,Mx4rvViYs5wpEbGdrcN5Y29ycA
RugbyClub,Mx4r2lUrzHIIR5Ca3xMAlARuPQ
SoccerClub,Mx4rvViLwpwpEbGdrcN5Y29ycA
TradeUnion,Mx4rvWaAxJwpEbGdrcN5Y29ycA
Person,Mx4rvViAkpwpEbGdrcN5Y29ycA
Ambassador,Mx4rvrr-aZwpEbGdrcN5Y29ycA
Archeologist,Mx4rvrjV7pwpEbGdrcN5Y29ycA
Architect,Mx4rwQxF25wpEbGdrcN5Y29ycA
Aristocrat,Mx4rvjHZ8JwpEbGdrcN5Y29ycA
Artist,Mx4rwMcZI5wpEbGdrcN5Y29ycA
Actor,Mx4rvVjaHZwpEbGdrcN5Y29ycA
Pornstar,Mx4rvvn3e5wpEbGdrcN5Y29ycA
VoiceActor,Mx4rvkb6BZwpEbGdrcN5Y29ycA
Comedian,Mx4rvVjHlJwpEbGdrcN5Y29ycA
ComicsCreator,Mx4rvWUNKJwpEbGdrcN5Y29ycA
Dancer,Mx4rvVjgjJwpEbGdrcN5Y29ycA
FashionDesigner,Mx4rwJRcvJwpEbGdrcN5Y29ycA
MusicalArtist,Mx4rvVjqXpwpEbGdrcN5Y29ycA
Instrumentalist,Mx4rvVjZWJwpEbGdrcN5Y29ycA
Guitarist,Mx8Ngh4rvW-_IZwpEbGdrcN5Y29ycB4rwQrsppwpEbGdrcN5Y29ycA
Painter,Mx4rvVisSZwpEbGdrcN5Y29ycA
Photographer,Mx4rvViqTJwpEbGdrcN5Y29ycA
Sculptor,Mx4rvgDFlZwpEbGdrcN5Y29ycA
Writer,Mx4rvVj7rpwpEbGdrcN5Y29ycA
Poet,Mx4rvftqlZwpEbGdrcN5Y29ycA
ScreenWriter,Mx4rnkRB3KgPQdeHH4EES_o7Mw
Astronaut,Mx4rvViddZwpEbGdrcN5Y29ycA
Athlete,Mx4rvVi--5wpEbGdrcN5Y29ycA
BaseballPlayer,Mx4rvVkI5ZwpEbGdrcN5Y29ycA
BasketballPlayer,Mx4rvVjzH5wpEbGdrcN5Y29ycA
Bodybuilder,Mx4rvnE6KJwpEbGdrcN5Y29ycA
Boxer,Mx4rvViXA5wpEbGdrcN5Y29ycA
AmateurBoxer,Mx4rvViXA5wpEbGdrcN5Y29ycA
BullFighter,Mx4rvViZ4JwpEbGdrcN5Y29ycA
Canoeist,Mx4rvVi--5wpEbGdrcN5Y29ycA
FigureSkater,Mx4rvrL9TJwpEbGdrcN5Y29ycA
GolfPlayer,Mx4rvlU1HZwpEbGdrcN5Y29ycA
GridironFootballPlayer,Mx4rvVjtBpwpEbGdrcN5Y29ycA
AmericanFootballPlayer,Mx4rvVjtBpwpEbGdrcN5Y29ycA
CanadianFootballPlayer,Mx4rv1mxzpwpEbGdrcN5Y29ycA
Gymnast,Mx4rvViQHpwpEbGdrcN5Y29ycA
IceHockeyPlayer,Mx4rvVjL0JwpEbGdrcN5Y29ycA
Jockey,Mx4rvgHjK5wpEbGdrcN5Y29ycA
MartialArtist,Mx4rwTJaJpwpEbGdrcN5Y29ycA
MotorsportRacer,Mx4rvVi-AJwpEbGdrcN5Y29ycA
RacingDriver,Mx4rvVi-AJwpEbGdrcN5Y29ycA
FormulaOneRacer,Mx4rX3MNbLWwEd2AAAAhm0vLxw
MotocycleRacer,Mx4rvaXS_HwJQdeBQu6vrPCvpg
NationalCollegiateAthleticAssociationAthlete,Mx4rvVi--5wpEbGdrcN5Y29ycA
RugbyPlayer,Mx4r9fazlFBNTAiNcjTsUotVcg
Skier,Mx4rFOwr9o12QdeYFMVwxtS1ag
SoccerPlayer,Mx4rvVkDmZwpEbGdrcN5Y29ycA
Surfer,Mx4rP9eqoiwaEdiUggAH6RYvSQ
Swimmer,Mx4rvVit8ZwpEbGdrcN5Y29ycA
TennisPlayer,Mx4rvVj5IZwpEbGdrcN5Y29ycA
Wrestler,Mx4rwByumpwpEbGdrcN5Y29ycA
BusinessPerson,Mx4rwPzQ6pwpEbGdrcN5Y29ycA
Celebrity,Mx4rv4C-JZwpEbGdrcN5Y29ycA
Chef,Mx4rvVj_zZwpEbGdrcN5Y29ycA
Cleric,Mx4rvVjaa5wpEbGdrcN5Y29ycA
Cardinal,Mx4rv1YgM5wpEbGdrcN5Y29ycA
ChristianBishop,Mx4rwN8hS5wpEbGdrcN5Y29ycA
ChristianPatriarch,Mx4rHovtCB6zQdiQQrsycHU_FQ
Pope,Mx4rwQBxYpwpEbGdrcN5Y29ycA
Priest,Mx4rvVjaa5wpEbGdrcN5Y29ycA
Saint,Mx4rwQCWO5wpEbGdrcN5Y29ycA
Coach,Mx4rvVjlaJwpEbGdrcN5Y29ycA
Criminal,Mx4rvVjIu5wpEbGdrcN5Y29ycA
Murderer,Mx4rv1UvdZwpEbGdrcN5Y29ycA
SerialKiller,Mx4rvmoRS5wpEbGdrcN5Y29ycA
Economist,Mx4rwNhFvZwpEbGdrcN5Y29ycA
Engineer,Mx4rvVkBWpwpEbGdrcN5Y29ycA
Farmer,Mx4rvVjhSZwpEbGdrcN5Y29ycA
FictionalCharacter,Mx4rwHKvgpwpEbGdrcN5Y29ycA
ComicsCharacter,Mx4rv16oEJwpEbGdrcN5Y29ycA
Historian,Mx4rzefuqhraQdiadPWaPbbhRw
Journalist,Mx4rvVj-ypwpEbGdrcN5Y29ycA
Judge,Mx4rvVi68pwpEbGdrcN5Y29ycA
Linguist,Mx4rvVirtpwpEbGdrcN5Y29ycA
MilitaryPerson,Mx4rvVjvBZwpEbGdrcN5Y29ycA
Model,Mx4rv7CrT5wpEbGdrcN5Y29ycA
Monarch,Mx4rvVjdhJwpEbGdrcN5Y29ycA
OfficeHolder,Mx4r1PJrHNViQdaf4KqKrwDfPQ
Philosopher,Mx4rvVjuapwpEbGdrcN5Y29ycA
PlayboyPlaymate,Mx4rvqs2C5wpEbGdrcN5Y29ycA
Politician,Mx4rvVjntpwpEbGdrcN5Y29ycA
Chancellor,Mx4rvVjkKZwpEbGdrcN5Y29ycA
Congressman,Mx4rwKjHxZwpEbGdrcN5Y29ycA
Deputy,Mx4rvVjnN5wpEbGdrcN5Y29ycA
Governor,Mx4rvfxNJZwpEbGdrcN5Y29ycA
Lieutenant,Mx4r7l4cKCm7QdiQWa8GRkeThQ
Mayor,Mx4rwQrzr5wpEbGdrcN5Y29ycA
MemberOfParliament,Mx4rMXuzQFuREdqAAAACs0uFOQ
President,Mx4rwJmRJZwpEbGdrcN5Y29ycA
PrimeMinister,Mx4rvVkBhpwpEbGdrcN5Y29ycA
VicePresident,Mx4rpQGbI2qbEdeBwwACs6hRuw
Presenter,Mx4rvf5oi5wpEbGdrcN5Y29ycA
RadioHost,Mx4rvh8c3JwpEbGdrcN5Y29ycA
TelevisionHost,Mx4rwUaOjJwpEbGdrcN5Y29ycA
Psychologist,Mx4rvVkBXJwpEbGdrcN5Y29ycA
Referee,Mx4rvVkKcpwpEbGdrcN5Y29ycA
Religious,Mx4rvVj4GZwpEbGdrcN5Y29ycA
RomanEmperor,Mx4rV-nppsi8EdmAAAACs6hRjg
Royalty,Mx4rvjHZ8JwpEbGdrcN5Y29ycA
Baronet,Mx4rvm8qF5wpEbGdrcN5Y29ycA
Scientist,Mx4rvVj755wpEbGdrcN5Y29ycA
Medician,Mx4rvVjrVZwpEbGdrcN5Y29ycA
Professor,Mx4rvVj7JJwpEbGdrcN5Y29ycA
SportsManager,Mx4rvVj7uZwpEbGdrcN5Y29ycA
TelevisionPersonality,Mx4rB5FDMFFxEdqAAAACs71DGQ
Host,Mx4rvf5oi5wpEbGdrcN5Y29ycA
Altitude,Mx4rYlT03qJbEdqAAAACs6hRXg
AnatomicalStructure,Mx4rvViAHJwpEbGdrcN5Y29ycA
Artery,Mx4rvVjknZwpEbGdrcN5Y29ycA
Bone,Mx4rvVkCG5wpEbGdrcN5Y29ycA
Brain,Mx4rvVjT65wpEbGdrcN5Y29ycA
Embryology,Mx4rvVkHv5wpEbGdrcN5Y29ycA
Ligament,Mx4rvVjqpZwpEbGdrcN5Y29ycA
Lymph,Mx4rvpDOU5wpEbGdrcN5Y29ycA
Muscle,Mx4rvYA8cJwpEbGdrcN5Y29ycA
Nerve,Mx4rwP3lkpwpEbGdrcN5Y29ycA
Vein,Mx4rvVjkWpwpEbGdrcN5Y29ycA
Area,Mx4rvVjDAZwpEbGdrcN5Y29ycA
Award,Mx4rvVjcNpwpEbGdrcN5Y29ycA
Decoration,Mx4rwPfSRZwpEbGdrcN5Y29ycA
NobelPrize,Mx4rvVj_y5wpEbGdrcN5Y29ycA
Biomolecule,Mx4rvmpwB5wpEbGdrcN5Y29ycA
BloodType,Mx4rwP1Lu5wpEbGdrcN5Y29ycA
Enzyme,Mx4rvfBoWZwpEbGdrcN5Y29ycA
Gene,Mx4rv0yv45wpEbGdrcN5Y29ycA
Protein,Mx4rv0ARKpwpEbGdrcN5Y29ycA
Blazon,Mx4rv-AL2pwpEbGdrcN5Y29ycA
CelestialBody,Mx4rvVjQs5wpEbGdrcN5Y29ycA
Asteroid,Mx4rvVjB1JwpEbGdrcN5Y29ycA
Constellation,Mx4rwPuslJwpEbGdrcN5Y29ycA
Galaxy,Mx4rwPurL5wpEbGdrcN5Y29ycA
Planet,Mx4rvVjRL5wpEbGdrcN5Y29ycA
Star,Mx4rvVi80ZwpEbGdrcN5Y29ycA
ChartsPlacements,Mx4rCzxjfGEUEdqAAAACs71DGQ
ChemicalSubstance,Mx4rvVjNlZwpEbGdrcN5Y29ycA
ChemicalCompound,Mx4rvVjNlZwpEbGdrcN5Y29ycA
ChemicalElement,Mx4rvVkIuZwpEbGdrcN5Y29ycA
Mineral,Mx4rwQCJAJwpEbGdrcN5Y29ycA
Colour,Mx4rr19QJHStEdaAAACgyZzFrg
Currency,Mx4rvVjMQpwpEbGdrcN5Y29ycA
Database,Mx4rv-RqtpwpEbGdrcN5Y29ycA
BiologicalDatabase,Mx4rv-UUppwpEbGdrcN5Y29ycA
Demographics,Mx4rvWEbs5wpEbGdrcN5Y29ycA
Device,Mx4rvVjHL5wpEbGdrcN5Y29ycA
AutomobileEngine,Mx4rvVjfm5wpEbGdrcN5Y29ycA
Camera,Mx4rvWAmAJwpEbGdrcN5Y29ycA
DigitalCamera,Mx4rvnsJ2JwpEbGdrcN5Y29ycA
InformationAppliance,Mx4rG2RbunpTQdefUrwS_Ai9Vg
Instrument,Mx4rvVjI6JwpEbGdrcN5Y29ycA
Guitar,Mx4rwQrsppwpEbGdrcN5Y29ycA
Organ,Mx4rv5XMb5wpEbGdrcN5Y29ycA
Weapon,Mx4rvVj8V5wpEbGdrcN5Y29ycA
Diploma,Mx4rvVjqeZwpEbGdrcN5Y29ycA
Disease,Mx4rwQwYVpwpEbGdrcN5Y29ycA
Drug,Mx4rwP1OWpwpEbGdrcN5Y29ycA
Event,Mx4rvViADZwpEbGdrcN5Y29ycA
Birth,Mx4rvVizDJwpEbGdrcN5Y29ycA
Death,Mx4rvVkJU5wpEbGdrcN5Y29ycA
Divorce,Mx4rwP1XQpwpEbGdrcN5Y29ycA
Marriage,Mx4rwIp2aZwpEbGdrcN5Y29ycA
NaturalEvent,Mx4rvVjpjZwpEbGdrcN5Y29ycA
SolarEclipse,Mx4rvojJiZwpEbGdrcN5Y29ycA
SocietalEvent,Mx4rvViPO5wpEbGdrcN5Y29ycA
Convention,Mx4rvVi0qJwpEbGdrcN5Y29ycA
Election,Mx4rwQrmEZwpEbGdrcN5Y29ycA
ElectionDiagram,Mx4rtcdWImETEdqAAAACs71DGQ
Meeting,Mx4rvVkDiJwpEbGdrcN5Y29ycA
MilitaryConflict,Mx4rvyEmy5wpEbGdrcN5Y29ycA
SpaceMission,Mx4rvt6oU5wpEbGdrcN5Y29ycA
SportsEvent,Mx4rvVjzBJwpEbGdrcN5Y29ycA
CyclingCompetition,Mx4rvVil5JwpEbGdrcN5Y29ycA
GrandPrix,Mx4rvViTdZwpEbGdrcN5Y29ycA
MixedMartialArtsEvent,Mx4rvctRnpwpEbGdrcN5Y29ycA
Olympics,Mx4rvVkA9pwpEbGdrcN5Y29ycA
OlympicEvent,Mx4rvVi_L5wpEbGdrcN5Y29ycA
Race,Mx4rvViTdZwpEbGdrcN5Y29ycA
CyclingRace,Mx4rvVil5JwpEbGdrcN5Y29ycA
HorseRace,Mx4rv6tMRpwpEbGdrcN5Y29ycA
Tournament,Mx4rwOI75pwpEbGdrcN5Y29ycA
GolfTournament,Mx4rvvTIC5wpEbGdrcN5Y29ycA
SoccerTournament,Mx4rwOI75pwpEbGdrcN5Y29ycA
TennisTournament,Mx4rv0ThwJwpEbGdrcN5Y29ycA
WrestlingEvent,Mx4rvViCl5wpEbGdrcN5Y29ycA
Flag,Mx4rvViQupwpEbGdrcN5Y29ycA
Food,Mx4rvVi9i5wpEbGdrcN5Y29ycA
Beverage,Mx4rvVj0CJwpEbGdrcN5Y29ycA
Beer,Mx4rvVjRpZwpEbGdrcN5Y29ycA
Wine,Mx4rvViYF5wpEbGdrcN5Y29ycA
Cheese,Mx4rvVjOAZwpEbGdrcN5Y29ycA
Holiday,Mx4rvViptZwpEbGdrcN5Y29ycA
Language,Mx4rvVj0iZwpEbGdrcN5Y29ycA
Letter,Mx4rwA1vh5wpEbGdrcN5Y29ycA
List,Mx4rvVjYvpwpEbGdrcN5Y29ycA
TrackList,Mx4rVHnXkA6wQdeIQ5gTnYLUaA
MeanOfTransportation,Mx4rwLzhaZwpEbGdrcN5Y29ycA
Aircraft,Mx4rz9o1UoVbQdeGXJ2yLxG0_A
Automobile,Mx4rvViVwZwpEbGdrcN5Y29ycA
Locomotive,Mx4rvZJQDJwpEbGdrcN5Y29ycA
Motorcycle,Mx4rvVkEdJwpEbGdrcN5Y29ycA
Rocket,Mx4rwQwoMJwpEbGdrcN5Y29ycA
Ship,Mx4rvVirIJwpEbGdrcN5Y29ycA
SpaceShuttle,Mx4rvViUfJwpEbGdrcN5Y29ycA
SpaceStation,Mx4rvb36jJwpEbGdrcN5Y29ycA
Spacecraft,Mx4rwQtlDpwpEbGdrcN5Y29ycA
Train,Mx4rvVjIJZwpEbGdrcN5Y29ycA
Media,Mx4rvXg6i5wpEbGdrcN5Y29ycA
Name,Mx4rwB7x55wpEbGdrcN5Y29ycA
GivenName,Mx4rv0xsZ5wpEbGdrcN5Y29ycA
Surname,Mx4rv2Wq-ZwpEbGdrcN5Y29ycA
PersonFunction,Mx4rvViN65wpEbGdrcN5Y29ycA
PoliticalFunction,Mx4rjMQN-nS-EdaAAACgyZzFrg
Profession,Mx4rIyAGDNjVQdeGSow5SkAtFQ
Place,Mx4rvVjTtJwpEbGdrcN5Y29ycA
ArchitecturalStructure,Mx4rvVidpZwpEbGdrcN5Y29ycA
Building,Mx4rvVj7KJwpEbGdrcN5Y29ycA
AmusementParkAttraction,Mx4rvgEB7ZwpEbGdrcN5Y29ycA
RollerCoaster,Mx4rvgEDyZwpEbGdrcN5Y29ycA
Arena,Mx4rvVjtnZwpEbGdrcN5Y29ycA
Casino,Mx4rvaMuPpwpEbGdrcN5Y29ycA
Castle,Mx4rvgEGtpwpEbGdrcN5Y29ycA
Factory,Mx4rvVjiX5wpEbGdrcN5Y29ycA
Gate,Mx4rwQB8kpwpEbGdrcN5Y29ycA
HistoricBuilding,Mx8Ngh4rvszjQ5wpEbGdrcN5Y29ycA2DHiu9WOR2nCkRsZ2tw3ljb3JwHiu9WPsonCkRsZ2tw3ljb3JwHis32V_gJN5B157g-O5mnwEv
Hospital,Mx4rvVjptJwpEbGdrcN5Y29ycA
Hotel,Mx4rvViIe5wpEbGdrcN5Y29ycA
MilitaryStructure,Mx4rv0VpypwpEbGdrcN5Y29ycA
Mill,Mx4rmvomcNctQdeWTpExjRdNew
Treadmill,Mx4rwCtaz5wpEbGdrcN5Y29ycA
Watermill,Mx4r3DuqMLgpEdmAAAACs0x8nw
WindMotor,Mx4rUbNGdpFTEdqAAAACs71DGQ
Windmill,Mx4rvVji-pwpEbGdrcN5Y29ycA
Museum,Mx4rvWEnjpwpEbGdrcN5Y29ycA
Prison,Mx4rvem215wpEbGdrcN5Y29ycA
ReligiousBuilding,Mx4rvVj0S5wpEbGdrcN5Y29ycA
Abbey,Mx4rGphw-inAQdiM5KzBxwwzkw
Church,Mx4rvVif_pwpEbGdrcN5Y29ycA
Monastery,Mx4rwR_zXZwpEbGdrcN5Y29ycA
Mosque,Mx4rwJSZ7ZwpEbGdrcN5Y29ycA
Shrine,Mx4r-V6dBGC8QdibVqb-pdJx8Q
Synagogue,Mx4r8xiK9h5sQdecO7LzXLQRKw
Temple,Mx4rwQwW0ZwpEbGdrcN5Y29ycA
Restaurant,Mx4rvVkHsJwpEbGdrcN5Y29ycA
ShoppingMall,Mx4rvVj_SJwpEbGdrcN5Y29ycA
Skyscraper,Mx4rvVjHDJwpEbGdrcN5Y29ycA
Tower,Mx4rwPK8UJwpEbGdrcN5Y29ycA
Lighthouse,Mx4rvWRPO5wpEbGdrcN5Y29ycA
WaterTower,Mx4rwPKuRpwpEbGdrcN5Y29ycA
Venue,Mx4rg7oNHCl-EduAAAACs0uFOQ
Theatre,Mx4rvVifNJwpEbGdrcN5Y29ycA
Dam,Mx4rvViTZZwpEbGdrcN5Y29ycA
Garden,Mx4rvVjv75wpEbGdrcN5Y29ycA
Infrastructure,Mx4rvoE5zpwpEbGdrcN5Y29ycA
Airport,Mx4rvVj-r5wpEbGdrcN5Y29ycA
LaunchPad,Mx4rvWjXAJwpEbGdrcN5Y29ycA
Lock,Mx4rvVjgZZwpEbGdrcN5Y29ycA
PowerStation,Mx4rwQwfB5wpEbGdrcN5Y29ycA
NuclearPowerStation,Mx4rKBAfhNbtQdaZq8l__cWeXQ
RouteOfTransportation,Mx4r7k80XssQEdmAAAACs6hRjg
Bridge,Mx4rvgD1IZwpEbGdrcN5Y29ycA
PublicTransitSystem,Mx4rD0_fJHs6QdeQXMtf4V-X7A
RailwayLine,Mx4rvVi-lJwpEbGdrcN5Y29ycA
Road,Mx4rvyNjbZwpEbGdrcN5Y29ycA
RoadJunction,Mx4rwQzH5ZwpEbGdrcN5Y29ycA
Tunnel,Mx4rwO2abpwpEbGdrcN5Y29ycA
Station,Mx4rvYOiA5wpEbGdrcN5Y29ycA
MetroStation,Mx4rvc4epZwpEbGdrcN5Y29ycA
RailwayStation,Mx4rv6ZmoZwpEbGdrcN5Y29ycA
NoteworthyPartOfBuilding,Mx4rvVieLpwpEbGdrcN5Y29ycA
Park,Mx4rwQwoIJwpEbGdrcN5Y29ycA
Cemetery,Mx4rwPzRbpwpEbGdrcN5Y29ycA
Community,Mx4rvdFcWZwpEbGdrcN5Y29ycA
CountrySeat,Mx4rjhM2frgqEdmAAAACs0x8nw
HistoricPlace,Mx4rN9lf4CTeQdee4PjuZp8BLw
HotSpring,Mx4rQY8ZfoPDEdaAAAACs0uFOQ
Monument,Mx4rwQwtQJwpEbGdrcN5Y29ycA
GraveMonument,Mx4rwPzhhJwpEbGdrcN5Y29ycA
Memorial,Mx4rwP1rJ5wpEbGdrcN5Y29ycA
NaturalPlace,Mx4rvn7CU5wpEbGdrcN5Y29ycA
Archipelago,Mx4rvVj7_ZwpEbGdrcN5Y29ycA
BodyOfWater,Mx4rvViE_JwpEbGdrcN5Y29ycA
Lake,Mx4rvVi4IpwpEbGdrcN5Y29ycA
Sea,Mx4rvVjMf5wpEbGdrcN5Y29ycA
Stream,Mx4rvVkHdJwpEbGdrcN5Y29ycA
Canal,Mx4rvVjzcZwpEbGdrcN5Y29ycA
River,Mx4rvVkHM5wpEbGdrcN5Y29ycA
Cave,Mx4rvViDMJwpEbGdrcN5Y29ycA
Crater,Mx4rwPKjXpwpEbGdrcN5Y29ycA
LunarCrater,Mx4rwPKjXpwpEbGdrcN5Y29ycA
Glacier,Mx4rvgD8xJwpEbGdrcN5Y29ycA
Mountain,Mx4rvVjODZwpEbGdrcN5Y29ycA
MountainPass,Mx4rwPSHjJwpEbGdrcN5Y29ycA
MountainRange,Mx4rvVjlL5wpEbGdrcN5Y29ycA
Valley,Mx4rvVkKGZwpEbGdrcN5Y29ycA
Volcano,Mx4rvVkKUJwpEbGdrcN5Y29ycA
PopulatedPlace,Mx4rrPJDpCTfQdeS8IqP1a0lBw
Agglomeration,Mx4rvVjKq5wpEbGdrcN5Y29ycA
Continent,Mx4rvVkLu5wpEbGdrcN5Y29ycA
Country,Mx4rvViIeZwpEbGdrcN5Y29ycA
Department,Mx4rvViNHpwpEbGdrcN5Y29ycA
OverseasDepartment,Mx4rPLDBZssSEdmAAAACs6hRjg
Intercommunality,Mx4rvVj7_pwpEbGdrcN5Y29ycA
Island,Mx4rvVi7OZwpEbGdrcN5Y29ycA
Atoll,Mx4rvVjZCZwpEbGdrcN5Y29ycA
Locality,Mx4rbFoHaMb1EdmAAAACs6hRjg
Prefecture,Mx4rvlse1ZwpEbGdrcN5Y29ycA
Region,Mx4rvVjl2pwpEbGdrcN5Y29ycA
AdministrativeRegion,Mx4rbFoHaMb1EdmAAAACs6hRjg
Diocese,Mx8Ngh4rc6oKzFsKEdaAAACQJ5pZBx4rLHhrFCBjEdiNYwACs6hnlQ
Parish,Mx4rrD74SoAeTAWgLdIK-zQF_g
GovernmentalAdministrativeRegion,Mx4rbFoHaMb1EdmAAAACs6hRjg
Municipality,Mx4r06ySZMcYEdmAAAACs6hRjg
FormerMunicipality,Mx4r06ySZMcYEdmAAAACs6hRjg
Province,Mx4rvVjnqJwpEbGdrcN5Y29ycA
Regency,Mx4r8xV4ujAUQdiRwNh88htQzg
SubMunicipality,Mx4rbFoHaMb1EdmAAAACs6hRjg
NaturalRegion,Mx4rvVixhpwpEbGdrcN5Y29ycA
Settlement,Mx4rv33BppwpEbGdrcN5Y29ycA
City,Mx4rvVjnZ5wpEbGdrcN5Y29ycA
FrenchLocality,Mx4rbFoHaMb1EdmAAAACs6hRjg
IranSettlement,Mx4rv33BppwpEbGdrcN5Y29ycA
Town,Mx4rvuXm9JwpEbGdrcN5Y29ycA
Village,Mx4rv33BppwpEbGdrcN5Y29ycA
Territory,Mx4rvVih3JwpEbGdrcN5Y29ycA
State,Mx4rvVjnqJwpEbGdrcN5Y29ycA
Street,Mx4rvVj1FJwpEbGdrcN5Y29ycA
ProtectedArea,Mx4rb8dMNgnoEdqAAAACs0x8nw
SkiArea,Mx4rwQwcZ5wpEbGdrcN5Y29ycA
SkiResort,Mx4rv-tsEJwpEbGdrcN5Y29ycA
SportFacility,Mx4rvVjxQ5wpEbGdrcN5Y29ycA
CricketGround,Mx4rvViGzZwpEbGdrcN5Y29ycA
GolfCourse,Mx4rwQr8JJwpEbGdrcN5Y29ycA
RaceTrack,Mx4rvVi-yZwpEbGdrcN5Y29ycA
Racecourse,Mx4rvVizf5wpEbGdrcN5Y29ycA
Stadium,Mx4rvVjtnZwpEbGdrcN5Y29ycA
WineRegion,Mx4rvjsm2ZwpEbGdrcN5Y29ycA
Polyhedron,Mx4rvtjhbpwpEbGdrcN5Y29ycA
Population,Mx4rveBGwJwpEbGdrcN5Y29ycA
Sales,Mx4rvViP0pwpEbGdrcN5Y29ycA
Species,Mx4rvVjK65wpEbGdrcN5Y29ycA
Archaea,Mx4rwBefgpwpEbGdrcN5Y29ycA
Bacteria,Mx4rvVjU-5wpEbGdrcN5Y29ycA
Eukaryote,Mx4rv8gyOpwpEbGdrcN5Y29ycA
Animal,Mx4rvViwMZwpEbGdrcN5Y29ycA
Amphibian,Mx4rvVjgJJwpEbGdrcN5Y29ycA
Arachnid,Mx4rvVifK5wpEbGdrcN5Y29ycA
Bird,Mx4rvVi8SJwpEbGdrcN5Y29ycA
Crustacean,Mx4rvVizJ5wpEbGdrcN5Y29ycA
Fish,Mx4rvVjfU5wpEbGdrcN5Y29ycA
Insect,Mx4rvVi495wpEbGdrcN5Y29ycA
Mammal,Mx4rvVimKJwpEbGdrcN5Y29ycA
Dog,Mx4rvVjaoJwpEbGdrcN5Y29ycA
RaceHorse,Mx4rdDJ92McaEdmAAAACs6hRjg
Mollusca,Mx4rvVjvjpwpEbGdrcN5Y29ycA
Reptile,Mx4rvVjyMJwpEbGdrcN5Y29ycA
Fungus,Mx4rvViZCZwpEbGdrcN5Y29ycA
Plant,Mx4rvVjG4ZwpEbGdrcN5Y29ycA
ClubMoss,Mx4rvVkKwpwpEbGdrcN5Y29ycA
Conifer,Mx4rvVihh5wpEbGdrcN5Y29ycA
CultivatedVariety,Mx4r6DQWeCeAQdiRwbH-MTYaMQ
Cycad,Mx4rvVigPZwpEbGdrcN5Y29ycA
Fern,Mx4rvViiSJwpEbGdrcN5Y29ycA
FloweringPlant,Mx4rvVjHa5wpEbGdrcN5Y29ycA
Grape,Mx4rvVixlpwpEbGdrcN5Y29ycA
Ginkgo,Mx4rvViDFJwpEbGdrcN5Y29ycA
Gnetophytes,Mx4rvVj1WpwpEbGdrcN5Y29ycA
Moss,Mx4rvVijT5wpEbGdrcN5Y29ycA
OlympicResult,Mx4rvVi_L5wpEbGdrcN5Y29ycA
SportsSeason,Mx4rMZF1vrKQEd2AAAAhm0jtOQ
SportsTeamSeason,Mx4rMZF1vrKQEd2AAAAhm0jtOQ
BaseballSeason,Mx4rvVjeypwpEbGdrcN5Y29ycA
FootballLeagueSeason,Mx4reRavYrKQEd2AAAAhm0jtOQ
Statistic,Mx4rv62TVZwpEbGdrcN5Y29ycA
Tax,Mx4rwMcZIpwpEbGdrcN5Y29ycA
TimePeriod,Mx4rvViAw5wpEbGdrcN5Y29ycA
GeologicalPeriod,Mx4rUAN8ap0dQdeSR6ouYs2n_g
HistoricalPeriod,Mx4rwEaQFpwpEbGdrcN5Y29ycA
PrehistoricalPeriod,Mx4rbE4Y0nS9EdaAAACgyZzFrg
Year,Mx4rvVjyV5wpEbGdrcN5Y29ycA
ChristianDoctrine,Mx4rvVjK6pwpEbGdrcN5Y29ycA
Fashion,Mx4rUlm02HS7EdaAAACgyZzFrg
MovieGenre,Mx4rhz6DbnSwEdaAAACgyZzFrg
Ideology,Mx4rvVjUHpwpEbGdrcN5Y29ycA
SystemOfLaw,Mx4rvWXHupwpEbGdrcN5Y29ycA
Taxon,Mx4rvVji6JwpEbGdrcN5Y29ycA
Type,Mx4rvViAzJwpEbGdrcN5Y29ycA
DocumentType,Mx4r1c41Pji8Ed2AAAACs6hRXg
Case,Mx4rhvQ6SIDLQdeVyO222GNvJQ
LegalCase,Mx4rhvQ6SIDLQdeVyO222GNvJQ
Project,Mx4rvViqMpwpEbGdrcN5Y29ycA
ResearchProject,Mx4rvVip8JwpEbGdrcN5Y29ycA
Unknown,Mx4rvViA9JwpEbGdrcN5Y29ycA
Work,Mx4rwClAZJwpEbGdrcN5Y29ycA
Artwork,Mx4rvfAugpwpEbGdrcN5Y29ycA
Painting,Mx4rvVjHfpwpEbGdrcN5Y29ycA
Sculpture,Mx4rvVis2pwpEbGdrcN5Y29ycA
Cartoon,Mx4rv3sEL5wpEbGdrcN5Y29ycA
Anime,Mx4rwUcs75wpEbGdrcN5Y29ycA
HollywoodCartoon,Mx4rv3sEL5wpEbGdrcN5Y29ycA
Archive,Mx8Ngh4rwP1_U5wpEbGdrcN5Y29ycB4rvVj2rJwpEbGdrcN5Y29ycA
Film,Mx4rv973YpwpEbGdrcN5Y29ycA
Musical,Mx4rwQrrzZwpEbGdrcN5Y29ycA
MusicalWork,Mx4rwUwN3ZwpEbGdrcN5Y29ycA
Album,Mx4rwLmi3JwpEbGdrcN5Y29ycA
ClassicalMusicComposition,Mx4rvtPYApwpEbGdrcN5Y29ycA
Opera,Mx4rvcOKYJwpEbGdrcN5Y29ycA
Single,Mx4rv6i4pJwpEbGdrcN5Y29ycA
Song,Mx4r-s4qKnS9EdaAAACgyZzFrg
RadioProgram,Mx4rvrPdMZwpEbGdrcN5Y29ycA
Software,Mx4rwIlbF5wpEbGdrcN5Y29ycA
ProgrammingLanguage,Mx4rv36oXZwpEbGdrcN5Y29ycA
VideoGame,Mx4rvVjmuJwpEbGdrcN5Y29ycA
TelevisionEpisode,Mx4rv6PpTpwpEbGdrcN5Y29ycA
TelevisionShow,Mx4rvnewlpwpEbGdrcN5Y29ycA
Website,Mx4rv-6kzpwpEbGdrcN5Y29ycA
WrittenWork,Mx4rwSZiGZwpEbGdrcN5Y29ycA
Annotation,Mx4rvVjSCJwpEbGdrcN5Y29ycA
Reference,Mx4rvVjKoJwpEbGdrcN5Y29ycA
Book,Mx4rvVjmq5wpEbGdrcN5Y29ycA
Novel,Mx4rvViJb5wpEbGdrcN5Y29ycA
LightNovel,Mx4r7F3bSCxAQdiBK-92W90cKA
Comic,Mx4rVPdEdnS7EdaAAACgyZzFrg
Comics,Mx4rwMeg6JwpEbGdrcN5Y29ycA
ComicStrip,Mx4rvWsP2pwpEbGdrcN5Y29ycA
Manga,Mx4rv-znjZwpEbGdrcN5Y29ycA
Drama,Mx4rVGVKZHS-EdaAAACgyZzFrg
MultiVolumePublication,Mx4rEgQxOvRgQdeVysqI1MgOjA
PeriodicalLiterature,Mx4rvaipZJwpEbGdrcN5Y29ycA
AcademicJournal,Mx4rvVigHZwpEbGdrcN5Y29ycA
Magazine,Mx8Ngh4rvc4rXZwpEbGdrcN5Y29ycB4rwIgEYZwpEbGdrcN5Y29ycA
Newspaper,Mx4rv4ByW5wpEbGdrcN5Y29ycA
Play,Mx4rv0F5opwpEbGdrcN5Y29ycA
Poem,Mx4rvvm9OJwpEbGdrcN5Y29ycA
StatedResolution,Mx4rvViwHJwpEbGdrcN5Y29ycA
Boxing,Mx4rvm17FpwpEbGdrcN5Y29ycA
AustralianFootballLeague,Mx4rzkGVwSHtQOeoSuXQ6qU99w
CricketTeam,Mx4rvVjWfZwpEbGdrcN5Y29ycA
TermOfOffice,Mx4rhHHwAzlSEdeUggACs2TnIQ
AustralianRulesFootballPlayer,Mx4rWqQz26Q3T4SXOePQJ9KeKw
BadmintonPlayer,Mx4rR2B2TguxT1WmHq9ttU8e_w
Cricketer,Mx4r7vjP4RuaEd2f4ADggVfexA
Fencer,Mx4rhCM8nGIRTbagm8taKSDS-g
HandballPlayer,Mx4rQ4IKw2cbRtaLaII3iMN_2g
LacrossePlayer,Mx4rh1GR_cDQT7SKgiUHuxILBA
NascarDriver,Mx4rUnJ52rWxEd2AAAAhm0vLxw
SquashPlayer,Mx4rPcOogfRgSYelpn-qt6raXg
VolleyballPlayer,Mx4rxn6fmJ4OQrqyUEPDAG7AJQ
CollegeCoach,Mx4rmy4ToLZbEd2AAAAhm0vLxw
Noble,Mx4rVmCKvtmJQdeMp5jGuFvrWg
EthnicGroup,Mx4rvVjcrpwpEbGdrcN5Y29ycA
LifeCycleEvent,Mx4ryRkxggI2SWSmxX7J39m0IQ
FilmFestival,Mx4rNn51XLWUEd2AAAAhm0vLxw
MusicFestival,Mx4rZYLIirWUEd2AAAAhm0vLxw
WomensTennisAssociationTournament,Mx4rshgRcLWXEd2AAAAhm0vLxw
ControlledDesignationOfOriginWine,Mx4rJeXJ7PLGQdiDaunEZW2zYA
GrossDomesticProduct,Mx4rTozcdKS8EdqAAAACs40hRg
Imdb,Mx4r88gDr17ZEd-AZgAhm0kILA
District,Mx4rQWWHo1VvSE6OCrWPlC8k9A
SiteOfSpecialScientificInterest,Mx4rJjq3wrZiEd2AAAAhm0vLxw
WorldHeritageSite,Mx4rJjq3wrZiEd2AAAAhm0vLxw
MusicGenre,Mx4rioU-FHSwEdaAAACgyZzFrg
GovernmentType,Mx4rQBu64G2gEdaAAACgyZzFrg
UnitOfWork,Mx4rnxbxgLq-EdqAAACQJw5drg
Broadcast,Mx4rmlfIigFVEduAAAACs71DGQ
LineOfFashion,Mx4rjDXV6HSwEdaAAACgyZzFrg
Resume,Mx4rvVjO-pwpEbGdrcN5Y29ycA
SambaSchool,Mx4rvViNQZwpEbGdrcN5Y29ycA
SportsLeague,Mx4rvVjbp5wpEbGdrcN5Y29ycA
AmericanFootballLeague,Mx4rvVjbp5wpEbGdrcN5Y29ycA
AutoRacingLeague,Mx4rvVjbp5wpEbGdrcN5Y29ycA
BasketballLeague,Mx4rvVjbp5wpEbGdrcN5Y29ycA
BowlingLeague,Mx4rvVjbp5wpEbGdrcN5Y29ycA
BoxingLeague,Mx4rvVjbp5wpEbGdrcN5Y29ycA
CanadianFootballLeague,Mx4rvVjbp5wpEbGdrcN5Y29ycA
CricketLeague,Mx4rvVjbp5wpEbGdrcN5Y29ycA
CurlingLeague,Mx4rvVjbp5wpEbGdrcN5Y29ycA
CyclingLeague,Mx4rvVjbp5wpEbGdrcN5Y29ycA
FieldHockeyLeague,Mx4rvVjbp5wpEbGdrcN5Y29ycA
FormulaOneRacing,Mx4rvVjbp5wpEbGdrcN5Y29ycA
GolfLeague,Mx4rvVjbp5wpEbGdrcN5Y29ycA
HandballLeague,Mx4rvVjbp5wpEbGdrcN5Y29ycA
IceHockeyLeague,Mx4rvVjbp5wpEbGdrcN5Y29ycA
InlineHockeyLeague,Mx4rvVjbp5wpEbGdrcN5Y29ycA
LacrosseLeague,Mx4rvVjbp5wpEbGdrcN5Y29ycA
MixedMartialArtsLeague,Mx4rvVjbp5wpEbGdrcN5Y29ycA
MotorcycleRacingLeague,Mx4rvVjbp5wpEbGdrcN5Y29ycA
PaintballLeague,Mx4rvVjbp5wpEbGdrcN5Y29ycA
PoloLeague,Mx4rvVjbp5wpEbGdrcN5Y29ycA
RadioControlledRacingLeague,Mx4rvVjbp5wpEbGdrcN5Y29ycA
RugbyLeague,Mx4rvVjbp5wpEbGdrcN5Y29ycA
SoccerLeague,Mx4rvVjbp5wpEbGdrcN5Y29ycA
SoftballLeague,Mx4rvVjbp5wpEbGdrcN5Y29ycA
SpeedwayLeague,Mx4rvVjbp5wpEbGdrcN5Y29ycA
TennisLeague,Mx4rvVjbp5wpEbGdrcN5Y29ycA
VideogamesLeague,Mx4rvVjbp5wpEbGdrcN5Y29ycA
VolleyballLeague,Mx4rvVjbp5wpEbGdrcN5Y29ycA
AmericanFootballTeam,Mx4rvVj5a5wpEbGdrcN5Y29ycA
AustralianFootballTeam,Mx4rvVj5a5wpEbGdrcN5Y29ycA
CanadianFootballTeam,Mx4rvVj5a5wpEbGdrcN5Y29ycA
CyclingTeam,Mx4rvViwbJwpEbGdrcN5Y29ycA
FormulaOneTeam,Mx4rvViwbJwpEbGdrcN5Y29ycA
HandballTeam,Mx4rvViwbJwpEbGdrcN5Y29ycA
NationalSoccerClub,Mx4rvViwbJwpEbGdrcN5Y29ycA
SpeedwayTeam,Mx4rvViwbJwpEbGdrcN5Y29ycA
AdultActor,Mx4rvVjaHZwpEbGdrcN5Y29ycA
Humorist,Mx4rvVjHlJwpEbGdrcN5Y29ycA
ClassicalMusicArtist,Mx4rvVjqXpwpEbGdrcN5Y29ycA
ChessPlayer,Mx4rDjPFoB7TQdiSNsiI0ves-A
Curler,Mx4rvVi--5wpEbGdrcN5Y29ycA
Cyclist,Mx4rhYldfLWvEd2AAAAhm0vLxw
DartsPlayer,Mx4rvVi--5wpEbGdrcN5Y29ycA
GaelicGamesPlayer,Mx4rvVi--5wpEbGdrcN5Y29ycA
HorseRider,Mx4rvVi--5wpEbGdrcN5Y29ycA
MotorcycleRider,Mx4rvaXS_HwJQdeBQu6vrPCvpg
SpeedwayRider,Mx4rvVi-AJwpEbGdrcN5Y29ycA
RallyDriver,Mx4rvVi-AJwpEbGdrcN5Y29ycA
NetballPlayer,Mx4rvVi--5wpEbGdrcN5Y29ycA
Rower,Mx4rvVi--5wpEbGdrcN5Y29ycA
Skater,Mx4rvVi--5wpEbGdrcN5Y29ycA
SnookerPlayer,Mx4rvVi--5wpEbGdrcN5Y29ycA
SnookerChamp,Mx4rvVi--5wpEbGdrcN5Y29ycA
TableTennisPlayer,Mx4rvVi--5wpEbGdrcN5Y29ycA
BeachVolleyballPlayer,Mx4rxn6fmJ4OQrqyUEPDAG7AJQ
SumoWrestler,Mx8Ngh4rvpcO4pwpEbGdrcN5Y29ycB4rwByumpwpEbGdrcN5Y29ycA
BeautyQueen,Mx4rvVjjEJwpEbGdrcN5Y29ycA
Vicar,Mx4rvVjaa5wpEbGdrcN5Y29ycA
AmericanFootballCoach,Mx4rvVjlaJwpEbGdrcN5Y29ycA
VolleyballCoach,Mx4rvVjlaJwpEbGdrcN5Y29ycA
Egyptologist,Mx4rvooD95wpEbGdrcN5Y29ycA
AnimangaCharacter,Mx4rv16oEJwpEbGdrcN5Y29ycA
DisneyCharacter,Mx4rv16oEJwpEbGdrcN5Y29ycA
NarutoCharacter,Mx4rv16oEJwpEbGdrcN5Y29ycA
SoapCharacter,Mx4rwP_Pk5wpEbGdrcN5Y29ycA
HorseTrainer,Mx4r1YePWjAJQdiJCuIAT5cY-Q
MythologicalFigure,Mx4rwHKvgpwpEbGdrcN5Y29ycA
Senator,Mx4rvVjntpwpEbGdrcN5Y29ycA
VicePrimeMinister,Mx4rv-GMiJwpEbGdrcN5Y29ycA
PoliticianSpouse,Mx4rvqQNLpwpEbGdrcN5Y29ycA
BritishRoyalty,Mx4rvjHZ8JwpEbGdrcN5Y29ycA
PolishKing,Mx4rvVjnNpwpEbGdrcN5Y29ycA
Entomologist,Mx4rvVkBEZwpEbGdrcN5Y29ycA
SoccerManager,Mx4rvVj7uZwpEbGdrcN5Y29ycA
HumanGene,Mx4rwUKIwJwpEbGdrcN5Y29ycA
MouseGene,Mx4rwUKIwJwpEbGdrcN5Y29ycA
BrownDwarf,Mx4rvosgJZwpEbGdrcN5Y29ycA
FootballMatch,Mx4rvVjzBJwpEbGdrcN5Y29ycA
NationalFootballLeagueEvent,Mx4rwSYeHJwpEbGdrcN5Y29ycA
GeneLocation,Mx4rvwzpXpwpEbGdrcN5Y29ycA
HumanGeneLocation,Mx4rvwzpXpwpEbGdrcN5Y29ycA
MouseGeneLocation,Mx4rvwzpXpwpEbGdrcN5Y29ycA
GrossDomesticProductPerCapita,Mx4rTozcdKS8EdqAAAACs40hRg
HumanDevelopmentIndex,Mx4rLxNyMGoZQdeRY7WpBL9aXQ
PenaltyShootOut,Mx4rvVjywpwpEbGdrcN5Y29ycA
WaterRide,Mx4rvgEB7ZwpEbGdrcN5Y29ycA
RailwayTunnel,Mx4rwO2abpwpEbGdrcN5Y29ycA
RoadTunnel,Mx4rwO2abpwpEbGdrcN5Y29ycA
WaterwayTunnel,Mx4rwO2abpwpEbGdrcN5Y29ycA
ClericalAdministrativeRegion,Mx4rbFoHaMb1EdmAAAACs6hRjg
Deanery,Mx4rbFoHaMb1EdmAAAACs6hRjg
DistrictWaterBoard,Mx4rvVilxJwpEbGdrcN5Y29ycA
CityDistrict,Mx4rvVi4_pwpEbGdrcN5Y29ycA
OldTerritory,Mx4rvVih3JwpEbGdrcN5Y29ycA
GreenAlga,Mx4rKyUGyBdHSzmXG1Zsj5E_Tw
SportCompetitionResult,Mx4rvVi__ZwpEbGdrcN5Y29ycA
MotorsportSeason,Mx4rMZF1vrKQEd2AAAAhm0jtOQ
NationalFootballLeagueSeason,Mx4rMZF1vrKQEd2AAAAhm0jtOQ
NCAATeamSeason,Mx4rMZF1vrKQEd2AAAAhm0jtOQ
SoccerClubSeason,Mx4rMZF1vrKQEd2AAAAhm0jtOQ
SoccerLeagueSeason,Mx4rMZF1vrKQEd2AAAAhm0jtOQ
PeriodOfArtisticStyle,Mx4rwEaQFpwpEbGdrcN5Y29ycA
ProtohistoricalPeriod,Mx4rwEaQFpwpEbGdrcN5Y29ycA
Genre,Mx4rvprlOZwpEbGdrcN5Y29ycA
SupremeCourtOfTheUnitedStatesCase,Mx4rlgJe1PeLEdyAAAACs6hbjw
CollectionOfValuables,Mx4ry-K6GKXCQdiNmM9N3_u1SQ
ArtistDiscography,Mx4rvu__KJwpEbGdrcN5Y29ycA
EurovisionSongContestEntry,Mx4r-s4qKnS9EdaAAACgyZzFrg
TelevisionSeason,Mx4rwHg0N5wpEbGdrcN5Y29ycA
Manhua,Mx4rwMeg6JwpEbGdrcN5Y29ycA
Manhwa,Mx4rwMeg6JwpEbGdrcN5Y29ycA
