BiologicalSpecies:Mx4rvVjK65wpEbGdrcN5Y29ycA,EukaryoticOrganism:Mx4rv8gyOpwpEbGdrcN5Y29ycA,13606,DISJOINT,Testudinoidea,Anguinidae,Sumalia,Chaucer_(horse),Obelia,Doradoidea,Chloranthales,Nevadiidae,Steinlen_(horse),Fervent_(horse),Coracopsis_nigra
Animal:Mx4rvViwMZwpEbGdrcN5Y29ycA,BiologicalSpecies:Mx4rvVjK65wpEbGdrcN5Y29ycA,12810,DISJOINT,Phadusinae,Ligniera,Leptofauchea,Cimolichthyoidea,Orobanche,Leiocithara,Colletinae,Miomantini,Alectroenas,Tomocerus,Clinidae
FacetingCollectionType:Mx4rvprlOZwpEbGdrcN5Y29ycA,MusicalCompositionTypeByGenre:Mx4rioU-FHSwEdaAAACgyZzFrg,8892,"DISJOINT, ISA",Comedy_of_manners,Hybrid_genre,Captivity_narrative,Soca,List_of_teen_films,Temple_theology,Music_of_Puerto_Rico,Aquatic_plant,Gabber,Action_role-playing_video_game,Mystic_thriller
Organization:Mx4rvVjVT5wpEbGdrcN5Y29ycA,Person:Mx4rvViAkpwpEbGdrcN5Y29ycA,3333,DISJOINT,Billy_Butler_(guitarist),A.G._(rapper),Highway_101_(band),Pitchshifter_(band),Divit,By_the_Tree,Jie-Bing_Chen,Ganggajang,Saint_Just_(band),The_Enemy_(English_band),A_Band_Called_David
Band-MusicGroup:Mx4rvgEZGJwpEbGdrcN5Y29ycA,Person:Mx4rvViAkpwpEbGdrcN5Y29ycA,3276,DISJOINT,Mickael_Turtle,The_Exciters,Misdemeanor_(band),Shapeshifters_(band),Swift_&_Changeable,Or-N-More,The_Ocean_Fracture_(band),Leak_Brothers,Queens_Club_(Band),Dan_Ar_Braz,Driller_Killer_(band)
Artist:Mx4rwMcZI5wpEbGdrcN5Y29ycA,Organization:Mx4rvVjVT5wpEbGdrcN5Y29ycA,3177,DISJOINT,J-Status,Musique_(Patrick_Adams),Solas_(liturgical),Jerry's_Kids,Debbie_Deb,Jun_Kojime,Reverend_and_the_Makers,Myra_(singer),SuG,Ozark_Mountain_Daredevils,BHR_(band)
Artist:Mx4rwMcZI5wpEbGdrcN5Y29ycA,Band-MusicGroup:Mx4rvgEZGJwpEbGdrcN5Y29ycA,3154,DISJOINT,Wes_Harrison,Pin-Occhio,The_1910_Fruitgum_Company,Finnish_Hockey_Mafia,Kit_Downes,Lynn_Shawcroft,Nevermore_(band),Egotrip_(band),Jimmy_Woode,Alexis_Jordan_(singer),Doubledrive
BiologicalSpecies:Mx4rvVjK65wpEbGdrcN5Y29ycA,Racehorse:Mx4rdDJ92McaEdmAAAACs6hRjg,1460,DISJOINT,A_Fleets_Dancer,In_Summation,Caruso_(horse),Will_Somers_(horse),Northern_Baby,Tom_Fool_(horse),Derivative,Incitatus_(horse),Sir_Gallahad_III,Indian_Broom,Solinus
BiologicalSpecies:Mx4rvVjK65wpEbGdrcN5Y29ycA,Mammal:Mx4rvVimKJwpEbGdrcN5Y29ycA,1460,DISJOINT,Better_Self,Elle_Danzig,Brass_in_Pocket_(horse),Lord_Langfuhr,Goldneyev,Smart_Angle,Paynter,Old_Spice_(horse),Exbourne,Tom_Fool_(horse),Tap_On_Wood
OlympicGames:Mx4rvVkA9pwpEbGdrcN5Y29ycA,SportsEvent:Mx4rvVjzBJwpEbGdrcN5Y29ycA,963,DISJOINT,Bobsleigh_at_the_2014_Winter_Olympics_–_Two-man,Swimming_at_the_2016_Summer_Olympics_–_Men's_200_metre_individual_medley,Equestrian_at_the_1932_Summer_Olympics_-_Team_jumping,Sailing_at_the_2016_Summer_Olympics_–_Men's_Laser_class,Athletics_at_the_1976_Summer_Olympics_–_Men's_discus_throw,Athletics_at_the_2016_Summer_Olympics_–_Women's_200_metres,Fencing_at_the_2004_Summer_Olympics_–_Women's_foil,Boxing_at_the_2016_Summer_Olympics_–_Light_flyweight,Judo_at_the_2016_Summer_Olympics_–_Women's_48_kg,Diving_at_the_1984_Summer_Olympics_-_Men's_10_metre_platform,Boxing_at_the_1932_Summer_Olympics_-_Men's_featherweight
MusicalPerformer:Mx4rvVjqXpwpEbGdrcN5Y29ycA,Organization:Mx4rvVjVT5wpEbGdrcN5Y29ycA,950,DISJOINT,Tela_(rapper),Mischa_Daniels,Samim,The_Monotones,Lawrence_%22Lipbone%22_Redding,Racey,ELpH,Sebastien_Tellier,T.G._Sheppard,Lights.Action!,Jiros
Band-MusicGroup:Mx4rvgEZGJwpEbGdrcN5Y29ycA,MusicalPerformer:Mx4rvVjqXpwpEbGdrcN5Y29ycA,946,DISJOINT,Bobby_%22Blue%22_Bland,Tohoshinki,Nassif_Zaitoun,Robert_John,Julie-Anne_Dineen,Smog_(band),.38_Special_(band),Renée_and_Renato,Antique_(duo),Little_Esther_Phillips,A-bee
BiologicalSpecies:Mx4rvVjK65wpEbGdrcN5Y29ycA,Plant:Mx4rvVjG4ZwpEbGdrcN5Y29ycA,164,DISJOINT,Ingrid_Marie,Eastern_white_pine,Neoregelia_'San_Francisco',White_Oak,Lapland_azalea,Tamarack_Larch,Jersey_Black,Eastern_hemlock,Neoregelia_'Princess_Grace',Tallgrass_prairie,Tillandsia_usneoides
Person:Mx4rvViAkpwpEbGdrcN5Y29ycA,TransportationDevice-Vehicle:Mx4rwLzhaZwpEbGdrcN5Y29ycA,91,DISJOINT,Fiat_132,Jaguar_420,Saab_900_(NG),T-1_Jayhawk,Toyota_Allex,BMW_E36,Nissan_Bluebird_U14,Bristol_603,Elfin_Type_5_Clubman,Daewoo_Matiz,Chevrolet_Corvette_C6
Automobile:Mx4rvViVwZwpEbGdrcN5Y29ycA,Person:Mx4rvViAkpwpEbGdrcN5Y29ycA,75,DISJOINT,Citroën_C4_Aircross,Hillman_Hunter,Chevrolet_Corvette_C6,Daewoo_Kalos,Maruti_Versa,Nissan_Bluebird_U14,Wolseley_6/80,Nissan_Cabstar,Toyota_Allex,Rover_600,Chevrolet_Prizm
MediaOrganization:Mx4rv9YQyZwpEbGdrcN5Y29ycA,Person:Mx4rvViAkpwpEbGdrcN5Y29ycA,53,DISJOINT,RCN_Televisión,Nicktoons_Network,Sony_Entertainment_Television_India,ABS-CBN_Broadcasting_Corporation,CBC_(Middle_East),Ren-TV,Yomiuri_Television,Discovery,BYUtv,Tolo_TV_network,G4_(TV_Channel)
Agent-Generic:Mx4rvsaaeJwpEbGdrcN5Y29ycA,ConceptualWork:Mx4rwClAZJwpEbGdrcN5Y29ycA,34,DISJOINT,Anthony_Pappa,Awk,The_Odd,Cristina_(Cristina_album),Daughters,REXX,C99,Amii_Stewart_(1983_album),Kiara_(Kiara_album),PL/SQL,LISP
MusicalCompositionTypeByGenre:Mx4rioU-FHSwEdaAAACgyZzFrg,Place:Mx4rvVjTtJwpEbGdrcN5Y29ycA,30,DISJOINT,West_Africa,Franco-Belgian_comics,Cinema_of_India,Pacific_Rim,Car_manufacturer,East_Asia,Expatriate,British_literature,Malawian,Nyanza,Xian
FacetingCollectionType:Mx4rvprlOZwpEbGdrcN5Y29ycA,Place:Mx4rvVjTtJwpEbGdrcN5Y29ycA,30,DISJOINT,Nicaraguan,Nyanza,Cinema_of_the_United_Kingdom,Northern_India,East_Asia,Moluccas,Pacific_Rim,Sliabh_Luachra,World,Expatriate,Nubia
FacetingCollectionType:Mx4rvprlOZwpEbGdrcN5Y29ycA,PopulatedPlace:Mx4rrPJDpCTfQdeS8IqP1a0lBw,28,DISJOINT,Bessarabia,Northern_India,Expatriate,Pacific_Rim,German_philosophy,Male,Hong_Kong_action_cinema,Moluccas,History_of_England,Finnish_people,Balkan
Canal:Mx4rvVjzcZwpEbGdrcN5Y29ycA,Stream:Mx4rvVkHdJwpEbGdrcN5Y29ycA,28,DISJOINT,River_Cam,Wey_Navigation,Wilhelmina_Canal,River_Orwell,Somerset_Coal_Canal,Weaver_Navigation,Erewash_Canal,Wombridge_Canal,Lee_Navigation,New_York_State_Canal_System,Regents_Canal
MusicalCompositionTypeByGenre:Mx4rioU-FHSwEdaAAACgyZzFrg,PopulatedPlace:Mx4rrPJDpCTfQdeS8IqP1a0lBw,28,DISJOINT,Nyanza,Pacific_Rim,Finnish_people,Sliabh_Luachra,Chinese_Philosophy,Car_manufacturer,Balkan,World,Nubia,Gaels,Expatriate
Canal:Mx4rvVjzcZwpEbGdrcN5Y29ycA,NaturalThing:Mx4rvn7CU5wpEbGdrcN5Y29ycA,28,DISJOINT,Wey_Navigation,Erewash_Canal,River_Ouse_(Yorkshire),Wombridge_Canal,Weaver_Navigation,Chemung_Canal,Donge,Worcester_and_Birmingham_Canal,Tame_Valley_Canal,Wilts_and_Berks_Canal,Wilhelmina_Canal
SoccerTeam:Mx4rvViLwpwpEbGdrcN5Y29ycA,University:Mx4rvVjjvpwpEbGdrcN5Y29ycA,26,DISJOINT,Shippensburg_University,College_of_William_and_Mary,St._Joseph's_University,Mount_Saint_Mary's_University,Mount_Union_College,"University_of_Wales,_Bangor",University_at_Buffalo,University_of_Missouri-St._Louis,Whitworth_College,Towson_State_University,Sydney_University
SportsTeam:Mx4rvViwbJwpEbGdrcN5Y29ycA,University:Mx4rvVjjvpwpEbGdrcN5Y29ycA,23,DISJOINT,College_of_William_and_Mary,U.S._Naval_Academy,St._Anselm_College,Harvard,The_University_of_Western_Ontario,London_University,Metropolitan_State_College_of_Denver,Loyola_University,Mount_Saint_Mary's_University,University_of_Missouri-St._Louis,"University_of_Wales,_Bangor"
Agent-Generic:Mx4rvsaaeJwpEbGdrcN5Y29ycA,ComputerLanguage:Mx4rv36oXZwpEbGdrcN5Y29ycA,19,DISJOINT,ANSI_C,REXX,Erlang_(programming_language),JSON,C99,OPS5,Awk,REALbasic,Ada_programming_language,C++11,Ruby_programming_language
FacetingCollectionType:Mx4rvprlOZwpEbGdrcN5Y29ycA,Language:Mx4rvVj0iZwpEbGdrcN5Y29ycA,19,DISJOINT,Arabic,Bollywood,English-language,Sami_language,Gaelic_language,Chinese_Traditional,Taglish,Awadhi,Bhojpuri,Urdu_language,Yiddish
Language:Mx4rvVj0iZwpEbGdrcN5Y29ycA,MusicalCompositionTypeByGenre:Mx4rioU-FHSwEdaAAACgyZzFrg,19,DISJOINT,Kollywood,Hindi_film,Internationalization_and_localization,Yiddish,Arabic,Awadhi,Taglish,English-language,Japanese_langauge,Subtitle_(captioning),Urdu_language
ConceptualWork:Mx4rwClAZJwpEbGdrcN5Y29ycA,Person:Mx4rvViAkpwpEbGdrcN5Y29ycA,18,DISJOINT,C++11,C_Programming_Language,Ruby_programming_language,Awk,C99,Java_EE,PL/SQL,IBM_RPG_II,JSON,REALbasic,Oberon-2
Agent-Generic:Mx4rvsaaeJwpEbGdrcN5Y29ycA,SoftwareObject:Mx4rwIlbF5wpEbGdrcN5Y29ycA,18,DISJOINT,Ruby_programming_language,C99,Oberon-2,C++11,IBM_RPG_II,Awk,REALbasic,PL/SQL,Erlang_(programming_language),C_Programming_Language,REXX
ComputerLanguage:Mx4rv36oXZwpEbGdrcN5Y29ycA,Person:Mx4rvViAkpwpEbGdrcN5Y29ycA,17,DISJOINT,Awk,Oberon-2,C_Programming_Language,FOCAL_(programming_language),Ruby_programming_language,REXX,OPS5,C++11,Ada_programming_language,C99,IBM_RPG_II
ConceptualWork:Mx4rwClAZJwpEbGdrcN5Y29ycA,FacetingCollectionType:Mx4rvprlOZwpEbGdrcN5Y29ycA,17,DISJOINT,Curve_fitting,California_Soul,Past:Present:Future_(Part_1),Unix_Shell,Techno_Pop,Cloud,Daemon_(computing),POSIX,X86_assembly_language,HTML,Cross-platform
ConceptualWork:Mx4rwClAZJwpEbGdrcN5Y29ycA,MusicalCompositionTypeByGenre:Mx4rioU-FHSwEdaAAACgyZzFrg,17,DISJOINT,Daemon_(computing),Assembly_language,Curve_fitting,Cross-platform,California_Soul,Cloud,C_programming_language,SVG,Unix_Shell,Past:Present:Future_(Part_1),X86_assembly_language
Person:Mx4rvViAkpwpEbGdrcN5Y29ycA,Place:Mx4rvVjTtJwpEbGdrcN5Y29ycA,17,DISJOINT,Ill,Wang_Khan,Thumbnail,Duero,Tyco_Electronics,North_East_railway_line,Sparta_(mythology),Tafawa_Balewa,Automobile_Craiova,Xbox_Music,Prime_Minister_of_the_United_Kingdom
Person:Mx4rvViAkpwpEbGdrcN5Y29ycA,SoftwareObject:Mx4rwIlbF5wpEbGdrcN5Y29ycA,17,DISJOINT,C_Programming_Language,C99,PL/SQL,LISP,Erlang_(programming_language),REXX,REALbasic,C++11,JSON,OPS5,Java_EE
Artist:Mx4rwMcZI5wpEbGdrcN5Y29ycA,MediaOrganization:Mx4rv9YQyZwpEbGdrcN5Y29ycA,15,DISJOINT,Sony_Entertainment_Television_India,Nicktoons_Network,KOL,BYUtv,Nova_(Czech_TV),Red_Televisiva_Megavisión,ABS–CBN_Broadcasting_Corporation,Perviy_Kanal_Evraziya,ABS-CBN_Cebu,Russia_1,TV3_(Denmark)
Place:Mx4rvVjTtJwpEbGdrcN5Y29ycA,SportsTeam:Mx4rvViwbJwpEbGdrcN5Y29ycA,14,DISJOINT,Hedehusene,Alborz,Atlantic_ocean,Cuautitlan,Quang_Nam,Nam_Dinh,Kama,Dhofar,"Silves_Municipality,_Portugal",Port_Melbourne,Coral_Springs
Place:Mx4rvVjTtJwpEbGdrcN5Y29ycA,SoccerTeam:Mx4rvViLwpwpEbGdrcN5Y29ycA,14,DISJOINT,Darley_Abbey,Atlantic_ocean,Dhofar,Quang_Nam,URS,Alborz,"Silves_Municipality,_Portugal",Kama,Nam_Dinh,Hedehusene,Cuautitlan
AirTransportationVehicle:Mx4rz9o1UoVbQdeGXJ2yLxG0_A,Person:Mx4rvViAkpwpEbGdrcN5Y29ycA,13,DISJOINT,D,PZL_M-28,T-41_Mescalero,T-38_Talon,C-26_Metroliner,T-1_Jayhawk,C-27J_Spartan,OH-58_Kiowa,UH-1N_Twin_Huey,SBD_Dauntless,MFI-17_Mushshak
Person:Mx4rvViAkpwpEbGdrcN5Y29ycA,PopulatedPlace:Mx4rrPJDpCTfQdeS8IqP1a0lBw,13,DISJOINT,Pope,Vallejo,Xbox_Video,Xbox_Music,Wang_Khan,Thumbnail,Prime_Minister_of_the_United_Kingdom,Tyco_Electronics,Rantzau,Automobile_Craiova,Nuri
Country:Mx4rvViIeZwpEbGdrcN5Y29ycA,MusicalCompositionTypeByGenre:Mx4rioU-FHSwEdaAAACgyZzFrg,11,DISJOINT,Cinema_of_the_United_Kingdom,British_literature,Hong_Kong_action_cinema,Malawian,Nicaraguan,Franco-Belgian_comics,Expatriate,Finnish_people,World,Gaels,Cinema_of_India
PopulatedPlace:Mx4rrPJDpCTfQdeS8IqP1a0lBw,SoccerTeam:Mx4rvViLwpwpEbGdrcN5Y29ycA,11,DISJOINT,"Silves_Municipality,_Portugal",Cuautitlan,Nam_Dinh,Hedehusene,Darley_Abbey,Coral_Springs,URS,Dhofar,Petone,Quang_Nam,Port_Melbourne
Country:Mx4rvViIeZwpEbGdrcN5Y29ycA,FacetingCollectionType:Mx4rvprlOZwpEbGdrcN5Y29ycA,11,DISJOINT,Finnish_people,Cinema_of_India,Franco-Belgian_comics,Nicaraguan,World,Malawian,Gaels,Cinema_of_the_United_Kingdom,Expatriate,British_literature,Hong_Kong_action_cinema
PopulatedPlace:Mx4rrPJDpCTfQdeS8IqP1a0lBw,SportsTeam:Mx4rvViwbJwpEbGdrcN5Y29ycA,11,DISJOINT,Dhofar,Darley_Abbey,Nam_Dinh,URS,Petone,Cuautitlan,Hedehusene,Coral_Springs,Port_Melbourne,Quang_Nam,"Silves_Municipality,_Portugal"
FacetingCollectionType:Mx4rvprlOZwpEbGdrcN5Y29ycA,SoftwareObject:Mx4rwIlbF5wpEbGdrcN5Y29ycA,10,DISJOINT,X86_assembly_language,Unix_Shell,Cross-platform,C_programming_language,Java_Servlet,POSIX,SVG,HTML,Assembly_language,Curve_fitting
ConflictEvent:Mx4rvyEmy5wpEbGdrcN5Y29ycA,Place:Mx4rvVjTtJwpEbGdrcN5Y29ycA,10,DISJOINT,Mexico_–_United_States_border,Moselle_River,Gush_Etzion,Penobscot_Indian_Island_Reservation,Østerdalen,Askeran,Madura,Arno_River,"Vicksburg,_MS","San_Blas,_Nayarit"
MusicalCompositionTypeByGenre:Mx4rioU-FHSwEdaAAACgyZzFrg,SoftwareObject:Mx4rwIlbF5wpEbGdrcN5Y29ycA,10,DISJOINT,Cross-platform,HTML,X86_assembly_language,Assembly_language,Java_Servlet,SVG,POSIX,C_programming_language,Curve_fitting,Unix_Shell
Person:Mx4rvViAkpwpEbGdrcN5Y29ycA,RadioStation-Organization:Mx4rvVjvzZwpEbGdrcN5Y29ycA,9,DISJOINT,Disney_XD_Scandinavia,BBC_Knowledge_(Worldwide),TV1000,Dance_Nation_(TV_channel),Megahertz,Disney_Junior_(Asia),Russia_1,WEED,Russia_2
Agent-Generic:Mx4rvsaaeJwpEbGdrcN5Y29ycA,TransportationDevice-Vehicle:Mx4rwLzhaZwpEbGdrcN5Y29ycA,9,DISJOINT,T-1_Jayhawk,T-38_Talon,T-41_Mescalero,Long_March_1D,MFI-17_Mushshak,D,SBD_Dauntless,UH-1N_Twin_Huey,OH-58_Kiowa
ComputerLanguage:Mx4rv36oXZwpEbGdrcN5Y29ycA,FacetingCollectionType:Mx4rvprlOZwpEbGdrcN5Y29ycA,8,DISJOINT,Assembly_language,Curve_fitting,HTML,X86_assembly_language,Unix_Shell,Java_Servlet,C_programming_language,SVG
Agent-Generic:Mx4rvsaaeJwpEbGdrcN5Y29ycA,AirTransportationVehicle:Mx4rz9o1UoVbQdeGXJ2yLxG0_A,8,DISJOINT,T-41_Mescalero,SBD_Dauntless,D,UH-1N_Twin_Huey,T-1_Jayhawk,T-38_Talon,MFI-17_Mushshak,OH-58_Kiowa
ComputerLanguage:Mx4rv36oXZwpEbGdrcN5Y29ycA,MusicalCompositionTypeByGenre:Mx4rioU-FHSwEdaAAACgyZzFrg,8,DISJOINT,C_programming_language,Unix_Shell,X86_assembly_language,HTML,Curve_fitting,Java_Servlet,SVG,Assembly_language
MusicalComposition:Mx4rwUwN3ZwpEbGdrcN5Y29ycA,MusicalCompositionTypeByGenre:Mx4rioU-FHSwEdaAAACgyZzFrg,7,DISJOINT,Techno_Pop,Karma,California_Soul,Past:Present:Future_(Part_1),Daemon_(computing),Melancholia,..
FacetingCollectionType:Mx4rvprlOZwpEbGdrcN5Y29ycA,MusicalComposition:Mx4rwUwN3ZwpEbGdrcN5Y29ycA,7,DISJOINT,Past:Present:Future_(Part_1),Karma,Techno_Pop,Melancholia,..,California_Soul,Daemon_(computing)
ConflictEvent:Mx4rvyEmy5wpEbGdrcN5Y29ycA,PopulatedPlace:Mx4rrPJDpCTfQdeS8IqP1a0lBw,7,DISJOINT,Østerdalen,"Vicksburg,_MS","San_Blas,_Nayarit",Askeran,Madura,Penobscot_Indian_Island_Reservation,Gush_Etzion
PopulatedPlace:Mx4rrPJDpCTfQdeS8IqP1a0lBw,RecordCompany:Mx4rwNdapZwpEbGdrcN5Y29ycA,7,DISJOINT,Kolin,Catskills,IRL,Central_Europe,Silverton,Deutschland,Velas
Athlete:Mx4rvVi--5wpEbGdrcN5Y29ycA,Place:Mx4rvVjTtJwpEbGdrcN5Y29ycA,7,DISJOINT,Nuri,Novi,Duarte,Mohawk_nation,Dibra,England_national_field_hockey_team,Iskandar
Event:Mx4rvViADZwpEbGdrcN5Y29ycA,Place:Mx4rvVjTtJwpEbGdrcN5Y29ycA,6,DISJOINT,"Vicksburg,_MS",Madura,Arno_River,Penobscot_Indian_Island_Reservation,Moselle_River,Mexico_–_United_States_border
Organization:Mx4rvVjVT5wpEbGdrcN5Y29ycA,Sport:Mx4rwPySLpwpEbGdrcN5Y29ycA,6,DISJOINT,Ontario_University_Athletics,Atlantic_University_Sport,New_England_Small_College_Athletic_Conference,Oklahoma_Sooners_men's_basketball,Alabama_State_Hornets_men's_basketball,Sun_Belt_Conference
Agent-Generic:Mx4rvsaaeJwpEbGdrcN5Y29ycA,Sport:Mx4rwPySLpwpEbGdrcN5Y29ycA,6,DISJOINT,Sun_Belt_Conference,Oklahoma_Sooners_men's_basketball,Atlantic_University_Sport,Ontario_University_Athletics,Alabama_State_Hornets_men's_basketball,New_England_Small_College_Athletic_Conference
Place:Mx4rvVjTtJwpEbGdrcN5Y29ycA,SoccerPlayer:Mx4rvVkDmZwpEbGdrcN5Y29ycA,6,DISJOINT,Iskandar,Nuri,Duarte,Dibra,Novi,Dali
Athlete:Mx4rvVi--5wpEbGdrcN5Y29ycA,PopulatedPlace:Mx4rrPJDpCTfQdeS8IqP1a0lBw,6,DISJOINT,Iskandar,Mohawk_nation,Duarte,Nuri,Novi,England_national_field_hockey_team
EducationalOrganization:Mx4rvViNQZwpEbGdrcN5Y29ycA,ElectedOfficial:Mx4r1PJrHNViQdaf4KqKrwDfPQ,6,DISJOINT,Doctor_of_Engineering,MBA,M.D.,Ph.D,Juris_Doctor,Master_of_Business_Administration
ElectedOfficial:Mx4r1PJrHNViQdaf4KqKrwDfPQ,Organization:Mx4rvVjVT5wpEbGdrcN5Y29ycA,6,DISJOINT,Ph.D,MBA,Master_of_Business_Administration,Juris_Doctor,M.D.,Doctor_of_Engineering
Agent-Generic:Mx4rvsaaeJwpEbGdrcN5Y29ycA,BiologicalSpecies:Mx4rvVjK65wpEbGdrcN5Y29ycA,6,DISJOINT,Alleged,Helios,Longfellow_(horse),Stravinsky,Roberto,Sponge
ElectedOfficial:Mx4r1PJrHNViQdaf4KqKrwDfPQ,University:Mx4rvVjjvpwpEbGdrcN5Y29ycA,6,DISJOINT,Ph.D,Doctor_of_Engineering,MBA,Juris_Doctor,Master_of_Business_Administration,M.D.
Person:Mx4rvViAkpwpEbGdrcN5Y29ycA,TelevisionStation:Mx4rwQCRppwpEbGdrcN5Y29ycA,6,DISJOINT,GSN,FOX8,Yomiuri_TV,Sony_Entertainment_Television_India,NDTV_Imagine,ATV_London
MusicalCompositionTypeByGenre:Mx4rioU-FHSwEdaAAACgyZzFrg,Sport:Mx4rwPySLpwpEbGdrcN5Y29ycA,6,DISJOINT,Ping_pong,Bowling,Aerobics,Five-a-side_football,Association_Football,Track_and_field_athletics
Agent-Generic:Mx4rvsaaeJwpEbGdrcN5Y29ycA,BodyOfWater:Mx4rvViE_JwpEbGdrcN5Y29ycA,6,DISJOINT,Wagram,Duero,Kama,Ill,Atlantic_ocean,Birmingham_Canal_Navigations
FacetingCollectionType:Mx4rvprlOZwpEbGdrcN5Y29ycA,Sport:Mx4rwPySLpwpEbGdrcN5Y29ycA,6,DISJOINT,Ping_pong,Track_and_field_athletics,Bowling,Association_Football,Aerobics,Five-a-side_football
Agent-Generic:Mx4rvsaaeJwpEbGdrcN5Y29ycA,Stream:Mx4rvVkHdJwpEbGdrcN5Y29ycA,5,DISJOINT,Kama,Duero,Ill,Birmingham_Canal_Navigations,Atlantic_ocean
Agent-Generic:Mx4rvsaaeJwpEbGdrcN5Y29ycA,SportsEvent:Mx4rvVjzBJwpEbGdrcN5Y29ycA,5,DISJOINT,Ukrainian_Cup,2009-I_Copa_Mustang,2009-I_Copa_Mustang,Archery_at_the_2004_Summer_Olympics,2008-I_Copa_Mustang
Organization:Mx4rvVjVT5wpEbGdrcN5Y29ycA,SportsEvent:Mx4rvVjzBJwpEbGdrcN5Y29ycA,5,DISJOINT,2008-I_Copa_Mustang,2009-I_Copa_Mustang,2009-I_Copa_Mustang,Archery_at_the_2004_Summer_Olympics,Ukrainian_Cup
Artery:Mx4rvVjknZwpEbGdrcN5Y29ycA,Nerve:Mx4rwP3lkpwpEbGdrcN5Y29ycA,5,DISJOINT,Cervical_spinal_nerve_8,Pharyngeal_plexus,Cervical_spinal_nerve_6,Deep_branch_of_the_radial_nerve,Sacral_nerve
Agent-Generic:Mx4rvsaaeJwpEbGdrcN5Y29ycA,AilmentCondition:Mx4rwQwYVpwpEbGdrcN5Y29ycA,5,DISJOINT,Jan_Sangh,New_South_Wales_Police_Force,Syrian_opposition,Avalanche,Killed_in_Action
Person:Mx4rvViAkpwpEbGdrcN5Y29ycA,Village:Mx4rv33BppwpEbGdrcN5Y29ycA,5,DISJOINT,Sparta_(mythology),Tafawa_Balewa,Rantzau,Thumbnail,Wang_Khan
Stream:Mx4rvVkHdJwpEbGdrcN5Y29ycA,Village:Mx4rv33BppwpEbGdrcN5Y29ycA,5,DISJOINT,River_Lee_Navigation,Rain,Coventry_Canal,"River_Blackwater,_Northern_Ireland",BCN_Main_Line
RecordCompany:Mx4rwNdapZwpEbGdrcN5Y29ycA,SoccerTeam:Mx4rvViLwpwpEbGdrcN5Y29ycA,5,DISJOINT,Telstar,Sena,Arion,Racing_Junior,Yamaha
BiologicalSpecies:Mx4rvVjK65wpEbGdrcN5Y29ycA,Person:Mx4rvViAkpwpEbGdrcN5Y29ycA,5,DISJOINT,Helios,Roberto,Sponge,Alleged,Stravinsky
PopulatedPlace:Mx4rrPJDpCTfQdeS8IqP1a0lBw,SoccerPlayer:Mx4rvVkDmZwpEbGdrcN5Y29ycA,5,DISJOINT,Nuri,Iskandar,Duarte,Dali,Novi
Country:Mx4rvViIeZwpEbGdrcN5Y29ycA,Stream:Mx4rvVkHdJwpEbGdrcN5Y29ycA,4,DISJOINT,Putumayo_River,Salmon_River_(California),Purús_River,Caquetá_River
FacetingCollectionType:Mx4rvprlOZwpEbGdrcN5Y29ycA,PhysicalDevice:Mx4rvVjHL5wpEbGdrcN5Y29ycA,4,DISJOINT,PlayStation_3,Apple_II,PowerPC,Apple_Macintosh
InformationManagementUse:Mx4rG2RbunpTQdefUrwS_Ai9Vg,MusicalCompositionTypeByGenre:Mx4rioU-FHSwEdaAAACgyZzFrg,4,DISJOINT,PowerPC,Apple_Macintosh,Apple_II,PlayStation_3
BodyOfWater:Mx4rvViE_JwpEbGdrcN5Y29ycA,Village:Mx4rv33BppwpEbGdrcN5Y29ycA,4,DISJOINT,Coventry_Canal,"River_Blackwater,_Northern_Ireland",BCN_Main_Line,River_Lee_Navigation
FacetingCollectionType:Mx4rvprlOZwpEbGdrcN5Y29ycA,InformationManagementUse:Mx4rG2RbunpTQdefUrwS_Ai9Vg,4,DISJOINT,Apple_II,PowerPC,PlayStation_3,Apple_Macintosh
Agent-Generic:Mx4rvsaaeJwpEbGdrcN5Y29ycA,FacetingCollectionType:Mx4rvprlOZwpEbGdrcN5Y29ycA,4,DISJOINT,History_(U.S._TV_channel),Viking,JRock,Vintage
Business:Mx4rvVjQNpwpEbGdrcN5Y29ycA,PopulatedPlace:Mx4rrPJDpCTfQdeS8IqP1a0lBw,4,DISJOINT,PHI,Kolin,Archdiocese_of_Cebu,Velas
Agent-Generic:Mx4rvsaaeJwpEbGdrcN5Y29ycA,MusicalCompositionTypeByGenre:Mx4rioU-FHSwEdaAAACgyZzFrg,4,DISJOINT,Vintage,History_(U.S._TV_channel),Viking,JRock
Agent-Generic:Mx4rvsaaeJwpEbGdrcN5Y29ycA,River:Mx4rvVkHM5wpEbGdrcN5Y29ycA,4,DISJOINT,Duero,Kama,Ill,Atlantic_ocean
Person:Mx4rvViAkpwpEbGdrcN5Y29ycA,Racehorse:Mx4rdDJ92McaEdmAAAACs6hRjg,4,DISJOINT,Roberto,Stravinsky,Helios,Alleged
MusicalCompositionTypeByGenre:Mx4rioU-FHSwEdaAAACgyZzFrg,PhysicalDevice:Mx4rvVjHL5wpEbGdrcN5Y29ycA,4,DISJOINT,PowerPC,PlayStation_3,Apple_II,Apple_Macintosh
ConceptualWork:Mx4rwClAZJwpEbGdrcN5Y29ycA,Place:Mx4rvVjTtJwpEbGdrcN5Y29ycA,4,DISJOINT,Daugava,Amazonia,Eurovision_Song_Contest_2007,The_Balkans
Event:Mx4rvViADZwpEbGdrcN5Y29ycA,Organization:Mx4rvVjVT5wpEbGdrcN5Y29ycA,4,DISJOINT,Archery_at_the_2004_Summer_Olympics,2008-I_Copa_Mustang,2009-I_Copa_Mustang,Ukrainian_Cup
GeneralManager-SportsTeam:Mx4rvVj7uZwpEbGdrcN5Y29ycA,PopulatedPlace:Mx4rrPJDpCTfQdeS8IqP1a0lBw,4,DISJOINT,CHN,CHN,BRA,BRA
AilmentCondition:Mx4rwQwYVpwpEbGdrcN5Y29ycA,Organization:Mx4rvVjVT5wpEbGdrcN5Y29ycA,4,DISJOINT,New_South_Wales_Police_Force,Avalanche,Syrian_opposition,Jan_Sangh
Agent-Generic:Mx4rvsaaeJwpEbGdrcN5Y29ycA,Event:Mx4rvViADZwpEbGdrcN5Y29ycA,4,DISJOINT,2009-I_Copa_Mustang,Ukrainian_Cup,2008-I_Copa_Mustang,Archery_at_the_2004_Summer_Olympics
GeneralManager-SportsTeam:Mx4rvVj7uZwpEbGdrcN5Y29ycA,Place:Mx4rvVjTtJwpEbGdrcN5Y29ycA,4,DISJOINT,BRA,CHN,CHN,BRA
MusicalComposition:Mx4rwUwN3ZwpEbGdrcN5Y29ycA,Place:Mx4rvVjTtJwpEbGdrcN5Y29ycA,4,DISJOINT,Daugava,The_Balkans,Eurovision_Song_Contest_2007,Catholics
BiologicalSpecies:Mx4rvVjK65wpEbGdrcN5Y29ycA,Place:Mx4rvVjTtJwpEbGdrcN5Y29ycA,4,DISJOINT,Salt_Lake,American_Beaver,Martian,Appalachia
Country:Mx4rvViIeZwpEbGdrcN5Y29ycA,River:Mx4rvVkHM5wpEbGdrcN5Y29ycA,4,DISJOINT,Putumayo_River,Caquetá_River,Salmon_River_(California),Purús_River
BodyOfWater:Mx4rvViE_JwpEbGdrcN5Y29ycA,Organization:Mx4rvVjVT5wpEbGdrcN5Y29ycA,4,DISJOINT,Kama,Wagram,Atlantic_ocean,Birmingham_Canal_Navigations
Album-CW:Mx4rwLmi3JwpEbGdrcN5Y29ycA,Place:Mx4rvVjTtJwpEbGdrcN5Y29ycA,4,DISJOINT,Daugava,The_Balkans,Catholics,Eurovision_Song_Contest_2007
BodyOfWater:Mx4rvViE_JwpEbGdrcN5Y29ycA,Country:Mx4rvViIeZwpEbGdrcN5Y29ycA,4,DISJOINT,Purús_River,Putumayo_River,Caquetá_River,Salmon_River_(California)
BiologicalSpecies:Mx4rvVjK65wpEbGdrcN5Y29ycA,PopulatedPlace:Mx4rrPJDpCTfQdeS8IqP1a0lBw,4,DISJOINT,Martian,Appalachia,Salt_Lake,American_Beaver
Agent-Generic:Mx4rvsaaeJwpEbGdrcN5Y29ycA,MusicalComposition:Mx4rwUwN3ZwpEbGdrcN5Y29ycA,4,DISJOINT,The_Rivingtons,Mirage_Press,TEENick_(block),National_Broadcasting_Network
Scientist:Mx4rvVj755wpEbGdrcN5Y29ycA,University:Mx4rvVjjvpwpEbGdrcN5Y29ycA,3,DISJOINT,The_University_of_Chicago,Salk_Institute,Leningrad_University
Organization:Mx4rvVjVT5wpEbGdrcN5Y29ycA,Scientist:Mx4rvVj755wpEbGdrcN5Y29ycA,3,DISJOINT,Leningrad_University,Salk_Institute,The_University_of_Chicago
MusicalComposition:Mx4rwUwN3ZwpEbGdrcN5Y29ycA,Organization:Mx4rvVjVT5wpEbGdrcN5Y29ycA,3,DISJOINT,National_Broadcasting_Network,Mirage_Press,TEENick_(block)
PopulatedPlace:Mx4rrPJDpCTfQdeS8IqP1a0lBw,SalesActivity:Mx4rvViP0pwpEbGdrcN5Y29ycA,3,DISJOINT,Canadian_Recording_Industry_Association,Republic_of_Korea,Australian_Recording_Industry_Association
Place:Mx4rvVjTtJwpEbGdrcN5Y29ycA,SalesActivity:Mx4rvViP0pwpEbGdrcN5Y29ycA,3,DISJOINT,Australian_Recording_Industry_Association,Republic_of_Korea,Canadian_Recording_Industry_Association
MusicalComposition:Mx4rwUwN3ZwpEbGdrcN5Y29ycA,PopulatedPlace:Mx4rrPJDpCTfQdeS8IqP1a0lBw,3,DISJOINT,Catholics,The_Balkans,Eurovision_Song_Contest_2007
EducationalOrganization:Mx4rvViNQZwpEbGdrcN5Y29ycA,Scientist:Mx4rvVj755wpEbGdrcN5Y29ycA,3,DISJOINT,The_University_of_Chicago,Leningrad_University,Salk_Institute
BiologicalSpecies:Mx4rvVjK65wpEbGdrcN5Y29ycA,Business:Mx4rvVjQNpwpEbGdrcN5Y29ycA,3,DISJOINT,Cavia,Quercus,Gramma
Business:Mx4rvVjQNpwpEbGdrcN5Y29ycA,EukaryoticOrganism:Mx4rv8gyOpwpEbGdrcN5Y29ycA,3,DISJOINT,Cavia,Gramma,Quercus
Organization:Mx4rvVjVT5wpEbGdrcN5Y29ycA,Stream:Mx4rvVkHdJwpEbGdrcN5Y29ycA,3,DISJOINT,Birmingham_Canal_Navigations,Kama,Atlantic_ocean
Animal:Mx4rvViwMZwpEbGdrcN5Y29ycA,PopulatedPlace:Mx4rrPJDpCTfQdeS8IqP1a0lBw,3,DISJOINT,Appalachia,Salt_Lake,American_Beaver
Animal:Mx4rvViwMZwpEbGdrcN5Y29ycA,Place:Mx4rvVjTtJwpEbGdrcN5Y29ycA,3,DISJOINT,Appalachia,American_Beaver,Salt_Lake
Country:Mx4rvViIeZwpEbGdrcN5Y29ycA,Person:Mx4rvViAkpwpEbGdrcN5Y29ycA,3,DISJOINT,Xbox_Video,Xbox_Music,Pope
MusicalCompositionTypeByGenre:Mx4rioU-FHSwEdaAAACgyZzFrg,Organization:Mx4rvVjVT5wpEbGdrcN5Y29ycA,3,DISJOINT,Viking,Vintage,History_(U.S._TV_channel)
Event:Mx4rvViADZwpEbGdrcN5Y29ycA,PopulatedPlace:Mx4rrPJDpCTfQdeS8IqP1a0lBw,3,DISJOINT,"Vicksburg,_MS",Penobscot_Indian_Island_Reservation,Madura
SportsEvent:Mx4rvVjzBJwpEbGdrcN5Y29ycA,SportsLeague:Mx4rvVjbp5wpEbGdrcN5Y29ycA,3,DISJOINT,2009-I_Copa_Mustang,2008-I_Copa_Mustang,2009-I_Copa_Mustang
Album-CW:Mx4rwLmi3JwpEbGdrcN5Y29ycA,PopulatedPlace:Mx4rrPJDpCTfQdeS8IqP1a0lBw,3,DISJOINT,Catholics,Eurovision_Song_Contest_2007,The_Balkans
FacetingCollectionType:Mx4rvprlOZwpEbGdrcN5Y29ycA,Organization:Mx4rvVjVT5wpEbGdrcN5Y29ycA,3,DISJOINT,Vintage,Viking,History_(U.S._TV_channel)
EukaryoticOrganism:Mx4rv8gyOpwpEbGdrcN5Y29ycA,RecordCompany:Mx4rwNdapZwpEbGdrcN5Y29ycA,3,DISJOINT,Sparrow,Buskin,Gramma
BiologicalSpecies:Mx4rvVjK65wpEbGdrcN5Y29ycA,RecordCompany:Mx4rwNdapZwpEbGdrcN5Y29ycA,3,DISJOINT,Gramma,Sparrow,Buskin
Agent-Generic:Mx4rvsaaeJwpEbGdrcN5Y29ycA,Album-CW:Mx4rwLmi3JwpEbGdrcN5Y29ycA,3,DISJOINT,Mirage_Press,The_Rivingtons,TEENick_(block)
Artist:Mx4rwMcZI5wpEbGdrcN5Y29ycA,EducationalOrganization:Mx4rvViNQZwpEbGdrcN5Y29ycA,3,DISJOINT,PUC-Rio,University_of_Cambridge_Computer_Laboratory,Argonne_National_Laboratory
Artist:Mx4rwMcZI5wpEbGdrcN5Y29ycA,University:Mx4rvVjjvpwpEbGdrcN5Y29ycA,3,DISJOINT,Argonne_National_Laboratory,PUC-Rio,University_of_Cambridge_Computer_Laboratory
ConceptualWork:Mx4rwClAZJwpEbGdrcN5Y29ycA,PopulatedPlace:Mx4rrPJDpCTfQdeS8IqP1a0lBw,3,DISJOINT,The_Balkans,Eurovision_Song_Contest_2007,Amazonia
Language:Mx4rvVj0iZwpEbGdrcN5Y29ycA,PopulatedPlace:Mx4rrPJDpCTfQdeS8IqP1a0lBw,3,DISJOINT,Cinema_of_Japan,Cinema_of_Spain,Cinema_of_Sweden
Currency:Mx4rvVjMQpwpEbGdrcN5Y29ycA,Place:Mx4rvVjTtJwpEbGdrcN5Y29ycA,3,DISJOINT,Lira,Aztec,Paisa
Language:Mx4rvVj0iZwpEbGdrcN5Y29ycA,Place:Mx4rvVjTtJwpEbGdrcN5Y29ycA,3,DISJOINT,Cinema_of_Spain,Cinema_of_Sweden,Cinema_of_Japan
Country:Mx4rvViIeZwpEbGdrcN5Y29ycA,Language:Mx4rvVj0iZwpEbGdrcN5Y29ycA,3,DISJOINT,Cinema_of_Sweden,Cinema_of_Spain,Cinema_of_Japan
Currency:Mx4rvVjMQpwpEbGdrcN5Y29ycA,PopulatedPlace:Mx4rrPJDpCTfQdeS8IqP1a0lBw,3,DISJOINT,Aztec,Lira,Paisa
BodyOfWater:Mx4rvViE_JwpEbGdrcN5Y29ycA,Person:Mx4rvViAkpwpEbGdrcN5Y29ycA,2,DISJOINT,Ill,Duero
Animal:Mx4rvViwMZwpEbGdrcN5Y29ycA,Business:Mx4rvVjQNpwpEbGdrcN5Y29ycA,2,DISJOINT,Cavia,Quercus
EducationalOrganization:Mx4rvViNQZwpEbGdrcN5Y29ycA,Sport:Mx4rwPySLpwpEbGdrcN5Y29ycA,2,DISJOINT,Alabama_State_Hornets_men's_basketball,Oklahoma_Sooners_men's_basketball
Person:Mx4rvViAkpwpEbGdrcN5Y29ycA,PhysicalDevice:Mx4rvVjHL5wpEbGdrcN5Y29ycA,2,DISJOINT,DirectShow,Scratch_programming_language
InformationManagementUse:Mx4rG2RbunpTQdefUrwS_Ai9Vg,Person:Mx4rvViAkpwpEbGdrcN5Y29ycA,2,DISJOINT,Scratch_programming_language,DirectShow
Agent-Generic:Mx4rvsaaeJwpEbGdrcN5Y29ycA,InformationManagementUse:Mx4rG2RbunpTQdefUrwS_Ai9Vg,2,DISJOINT,Scratch_programming_language,DirectShow
Country:Mx4rvViIeZwpEbGdrcN5Y29ycA,RecordCompany:Mx4rwNdapZwpEbGdrcN5Y29ycA,2,DISJOINT,Deutschland,IRL
Business:Mx4rvVjQNpwpEbGdrcN5Y29ycA,Village:Mx4rv33BppwpEbGdrcN5Y29ycA,2,DISJOINT,Kolin,Velas
RecordCompany:Mx4rwNdapZwpEbGdrcN5Y29ycA,Village:Mx4rv33BppwpEbGdrcN5Y29ycA,2,DISJOINT,Kolin,Velas
SportsTeam:Mx4rvViwbJwpEbGdrcN5Y29ycA,Stream:Mx4rvVkHdJwpEbGdrcN5Y29ycA,2,DISJOINT,Kama,Atlantic_ocean
BodyOfWater:Mx4rvViE_JwpEbGdrcN5Y29ycA,SportsTeam:Mx4rvViwbJwpEbGdrcN5Y29ycA,2,DISJOINT,Atlantic_ocean,Kama
BodyOfWater:Mx4rvViE_JwpEbGdrcN5Y29ycA,SoccerTeam:Mx4rvViLwpwpEbGdrcN5Y29ycA,2,DISJOINT,Atlantic_ocean,Kama
MuseumStructure:Mx4rvWEnjpwpEbGdrcN5Y29ycA,PopulatedPlace:Mx4rrPJDpCTfQdeS8IqP1a0lBw,2,DISJOINT,US_90,Saint_Peter's_Basilica
SoccerTeam:Mx4rvViLwpwpEbGdrcN5Y29ycA,Stream:Mx4rvVkHdJwpEbGdrcN5Y29ycA,2,DISJOINT,Kama,Atlantic_ocean
Organization:Mx4rvVjVT5wpEbGdrcN5Y29ycA,River:Mx4rvVkHM5wpEbGdrcN5Y29ycA,2,DISJOINT,Atlantic_ocean,Kama
River:Mx4rvVkHM5wpEbGdrcN5Y29ycA,SportsTeam:Mx4rvViwbJwpEbGdrcN5Y29ycA,2,DISJOINT,Atlantic_ocean,Kama
River:Mx4rvVkHM5wpEbGdrcN5Y29ycA,SoccerTeam:Mx4rvViLwpwpEbGdrcN5Y29ycA,2,DISJOINT,Atlantic_ocean,Kama
MuseumStructure:Mx4rvWEnjpwpEbGdrcN5Y29ycA,Village:Mx4rv33BppwpEbGdrcN5Y29ycA,2,DISJOINT,US_90,Saint_Peter's_Basilica
Business:Mx4rvVjQNpwpEbGdrcN5Y29ycA,GeneralManager-SportsTeam:Mx4rvVj7uZwpEbGdrcN5Y29ycA,2,DISJOINT,TBD,TBD
Place:Mx4rvVjTtJwpEbGdrcN5Y29ycA,Racehorse:Mx4rdDJ92McaEdmAAAACs6hRjg,2,DISJOINT,Danzig,Salt_Lake
PopulatedPlace:Mx4rrPJDpCTfQdeS8IqP1a0lBw,Racehorse:Mx4rdDJ92McaEdmAAAACs6hRjg,2,DISJOINT,Salt_Lake,Danzig
GeneralManager-SportsTeam:Mx4rvVj7uZwpEbGdrcN5Y29ycA,RecordCompany:Mx4rwNdapZwpEbGdrcN5Y29ycA,2,DISJOINT,TBD,TBD
GeneralManager-SportsTeam:Mx4rvVj7uZwpEbGdrcN5Y29ycA,Organization:Mx4rvVjVT5wpEbGdrcN5Y29ycA,2,DISJOINT,TBD,TBD
Racehorse:Mx4rdDJ92McaEdmAAAACs6hRjg,SoccerPlayer:Mx4rvVkDmZwpEbGdrcN5Y29ycA,2,DISJOINT,Tiago,Roberto
Athlete:Mx4rvVi--5wpEbGdrcN5Y29ycA,Racehorse:Mx4rdDJ92McaEdmAAAACs6hRjg,2,DISJOINT,Tiago,Roberto
Agent-Generic:Mx4rvsaaeJwpEbGdrcN5Y29ycA,Currency:Mx4rvVjMQpwpEbGdrcN5Y29ycA,2,DISJOINT,Silk,Rupee
CollegeCoach:Mx4rmy4ToLZbEd2AAAAhm0vLxw,Place:Mx4rvVjTtJwpEbGdrcN5Y29ycA,2,DISJOINT,ROM,AFG
CollegeCoach:Mx4rmy4ToLZbEd2AAAAhm0vLxw,PopulatedPlace:Mx4rrPJDpCTfQdeS8IqP1a0lBw,2,DISJOINT,ROM,AFG
ConstructionArtifact:Mx4rvVidpZwpEbGdrcN5Y29ycA,Village:Mx4rv33BppwpEbGdrcN5Y29ycA,2,DISJOINT,U.S._Highway_84_(Alabama),U.S._Highway_80_(Alabama)
Roadway:Mx4rvyNjbZwpEbGdrcN5Y29ycA,Village:Mx4rv33BppwpEbGdrcN5Y29ycA,2,DISJOINT,U.S._Highway_80_(Alabama),U.S._Highway_84_(Alabama)
Athlete:Mx4rvVi--5wpEbGdrcN5Y29ycA,Country:Mx4rvViIeZwpEbGdrcN5Y29ycA,2,DISJOINT,England_national_field_hockey_team,Mohawk_nation
ConflictEvent:Mx4rvyEmy5wpEbGdrcN5Y29ycA,FacetingCollectionType:Mx4rvprlOZwpEbGdrcN5Y29ycA,2,DISJOINT,Edo_period,Israeli-Palestinian_conflict
ConflictEvent:Mx4rvyEmy5wpEbGdrcN5Y29ycA,MusicalCompositionTypeByGenre:Mx4rioU-FHSwEdaAAACgyZzFrg,2,DISJOINT,Edo_period,Israeli-Palestinian_conflict
Event:Mx4rvViADZwpEbGdrcN5Y29ycA,FacetingCollectionType:Mx4rvprlOZwpEbGdrcN5Y29ycA,2,DISJOINT,Israeli-Palestinian_conflict,Edo_period
Event:Mx4rvViADZwpEbGdrcN5Y29ycA,MusicalCompositionTypeByGenre:Mx4rioU-FHSwEdaAAACgyZzFrg,2,DISJOINT,Edo_period,Israeli-Palestinian_conflict
Athlete:Mx4rvVi--5wpEbGdrcN5Y29ycA,BiologicalSpecies:Mx4rvVjK65wpEbGdrcN5Y29ycA,2,DISJOINT,Roberto,Tiago
MediaOrganization:Mx4rv9YQyZwpEbGdrcN5Y29ycA,MusicalComposition:Mx4rwUwN3ZwpEbGdrcN5Y29ycA,2,DISJOINT,National_Broadcasting_Network,TEENick_(block)
Artist:Mx4rwMcZI5wpEbGdrcN5Y29ycA,Business:Mx4rvVjQNpwpEbGdrcN5Y29ycA,2,DISJOINT,Royal_Pharmaceutical_Society,Citrix
BiologicalSpecies:Mx4rvVjK65wpEbGdrcN5Y29ycA,SoccerPlayer:Mx4rvVkDmZwpEbGdrcN5Y29ycA,2,DISJOINT,Roberto,Tiago
ConflictEvent:Mx4rvyEmy5wpEbGdrcN5Y29ycA,Village:Mx4rv33BppwpEbGdrcN5Y29ycA,2,DISJOINT,Gush_Etzion,Askeran
BodyOfWater:Mx4rvViE_JwpEbGdrcN5Y29ycA,Business:Mx4rvVjQNpwpEbGdrcN5Y29ycA,2,DISJOINT,Wagram,Birmingham_Canal_Navigations
Event:Mx4rvViADZwpEbGdrcN5Y29ycA,SportsLeague:Mx4rvVjbp5wpEbGdrcN5Y29ycA,2,DISJOINT,2009-I_Copa_Mustang,2008-I_Copa_Mustang
ConceptualWork:Mx4rwClAZJwpEbGdrcN5Y29ycA,University:Mx4rvVjjvpwpEbGdrcN5Y29ycA,2,DISJOINT,New_York_State_Library,Goodman_School_of_Drama
ConceptualWork:Mx4rwClAZJwpEbGdrcN5Y29ycA,EducationalOrganization:Mx4rvViNQZwpEbGdrcN5Y29ycA,2,DISJOINT,Goodman_School_of_Drama,New_York_State_Library
RecordCompany:Mx4rwNdapZwpEbGdrcN5Y29ycA,SportsTeam:Mx4rvViwbJwpEbGdrcN5Y29ycA,2,DISJOINT,Sena,Arion
Sport:Mx4rwPySLpwpEbGdrcN5Y29ycA,University:Mx4rvVjjvpwpEbGdrcN5Y29ycA,2,DISJOINT,Oklahoma_Sooners_men's_basketball,Alabama_State_Hornets_men's_basketball
Person:Mx4rvViAkpwpEbGdrcN5Y29ycA,River:Mx4rvVkHM5wpEbGdrcN5Y29ycA,2,DISJOINT,Ill,Duero
Person:Mx4rvViAkpwpEbGdrcN5Y29ycA,Stream:Mx4rvVkHdJwpEbGdrcN5Y29ycA,2,DISJOINT,Ill,Duero
Business:Mx4rvVjQNpwpEbGdrcN5Y29ycA,FacetingCollectionType:Mx4rvprlOZwpEbGdrcN5Y29ycA,2,DISJOINT,Viking,Vintage
Business:Mx4rvVjQNpwpEbGdrcN5Y29ycA,MusicalCompositionTypeByGenre:Mx4rioU-FHSwEdaAAACgyZzFrg,2,DISJOINT,Vintage,Viking
Country:Mx4rvViIeZwpEbGdrcN5Y29ycA,SalesActivity:Mx4rvViP0pwpEbGdrcN5Y29ycA,2,DISJOINT,Republic_of_Korea,Canadian_Recording_Industry_Association
Country:Mx4rvViIeZwpEbGdrcN5Y29ycA,GeneralManager-SportsTeam:Mx4rvVj7uZwpEbGdrcN5Y29ycA,2,DISJOINT,CHN,CHN
BodyOfWater:Mx4rvViE_JwpEbGdrcN5Y29ycA,ConflictEvent:Mx4rvyEmy5wpEbGdrcN5Y29ycA,2,DISJOINT,Arno_River,Moselle_River
Album-CW:Mx4rwLmi3JwpEbGdrcN5Y29ycA,Organization:Mx4rvVjVT5wpEbGdrcN5Y29ycA,2,DISJOINT,Mirage_Press,TEENick_(block)
BodyOfWater:Mx4rvViE_JwpEbGdrcN5Y29ycA,Event:Mx4rvViADZwpEbGdrcN5Y29ycA,2,DISJOINT,Moselle_River,Arno_River
AilmentCondition:Mx4rwQwYVpwpEbGdrcN5Y29ycA,RecordCompany:Mx4rwNdapZwpEbGdrcN5Y29ycA,2,DISJOINT,Avalanche,Fire
AilmentCondition:Mx4rwQwYVpwpEbGdrcN5Y29ycA,Business:Mx4rvVjQNpwpEbGdrcN5Y29ycA,2,DISJOINT,Fire,Avalanche
ConflictEvent:Mx4rvyEmy5wpEbGdrcN5Y29ycA,River:Mx4rvVkHM5wpEbGdrcN5Y29ycA,2,DISJOINT,Arno_River,Moselle_River
PopulatedPlace:Mx4rrPJDpCTfQdeS8IqP1a0lBw,Train-TransportationDevice:Mx4rvVjIJZwpEbGdrcN5Y29ycA,2,DISJOINT,ALWEG,New_Jersey_Transit_rail_operations
ConflictEvent:Mx4rvyEmy5wpEbGdrcN5Y29ycA,Stream:Mx4rvVkHdJwpEbGdrcN5Y29ycA,2,DISJOINT,Moselle_River,Arno_River
Event:Mx4rvViADZwpEbGdrcN5Y29ycA,River:Mx4rvVkHM5wpEbGdrcN5Y29ycA,2,DISJOINT,Arno_River,Moselle_River
ElectedOfficial:Mx4r1PJrHNViQdaf4KqKrwDfPQ,PopulatedPlace:Mx4rrPJDpCTfQdeS8IqP1a0lBw,2,DISJOINT,Prime_Minister_of_the_United_Kingdom,Tafawa_Balewa
ElectedOfficial:Mx4r1PJrHNViQdaf4KqKrwDfPQ,Place:Mx4rvVjTtJwpEbGdrcN5Y29ycA,2,DISJOINT,Tafawa_Balewa,Prime_Minister_of_the_United_Kingdom
Event:Mx4rvViADZwpEbGdrcN5Y29ycA,Stream:Mx4rvVkHdJwpEbGdrcN5Y29ycA,2,DISJOINT,Moselle_River,Arno_River
Agent-Generic:Mx4rvsaaeJwpEbGdrcN5Y29ycA,Color:Mx4rr19QJHStEdaAAACgyZzFrg,2,DISJOINT,Tartan,Murrey
MilitaryPerson:Mx4rvVjvBZwpEbGdrcN5Y29ycA,Organization:Mx4rvVjVT5wpEbGdrcN5Y29ycA,2,DISJOINT,Royal_Ceylon_Air_Force,Royal_Canadian_Naval_Volunteer_Reserve
Animal:Mx4rvViwMZwpEbGdrcN5Y29ycA,RecordCompany:Mx4rwNdapZwpEbGdrcN5Y29ycA,2,DISJOINT,Sparrow,Buskin
MilitaryOrganization:Mx4rvVjx75wpEbGdrcN5Y29ycA,PopulatedPlace:Mx4rrPJDpCTfQdeS8IqP1a0lBw,2,DISJOINT,Casteau,Sarny
ConflictEvent:Mx4rvyEmy5wpEbGdrcN5Y29ycA,PoliticalParty:Mx4rvVj82pwpEbGdrcN5Y29ycA,2,DISJOINT,Guelphs_and_Ghibellines,New_People's_Army
Event:Mx4rvViADZwpEbGdrcN5Y29ycA,PoliticalParty:Mx4rvVj82pwpEbGdrcN5Y29ycA,2,DISJOINT,New_People's_Army,Guelphs_and_Ghibellines
MilitaryOrganization:Mx4rvVjx75wpEbGdrcN5Y29ycA,MilitaryPerson:Mx4rvVjvBZwpEbGdrcN5Y29ycA,2,DISJOINT,Royal_Canadian_Naval_Volunteer_Reserve,Royal_Ceylon_Air_Force
EukaryoticOrganism:Mx4rv8gyOpwpEbGdrcN5Y29ycA,InformationManagementUse:Mx4rG2RbunpTQdefUrwS_Ai9Vg,1,DISJOINT,Lynx
SportsTeam:Mx4rvViwbJwpEbGdrcN5Y29ycA,Village:Mx4rv33BppwpEbGdrcN5Y29ycA,1,DISJOINT,"Silves_Municipality,_Portugal"
Color:Mx4rr19QJHStEdaAAACgyZzFrg,Organization:Mx4rvVjVT5wpEbGdrcN5Y29ycA,1,DISJOINT,Tartan
Country:Mx4rvViIeZwpEbGdrcN5Y29ycA,ViticulturalDomain:Mx4rvjsm2ZwpEbGdrcN5Y29ycA,1,DISJOINT,Bordeaux_wine
Business:Mx4rvVjQNpwpEbGdrcN5Y29ycA,Color:Mx4rr19QJHStEdaAAACgyZzFrg,1,DISJOINT,Tartan
Person:Mx4rvViAkpwpEbGdrcN5Y29ycA,RocketPropelledTransportationDevice:Mx4rwQwoMJwpEbGdrcN5Y29ycA,1,DISJOINT,Long_March_1D
Agent-Generic:Mx4rvsaaeJwpEbGdrcN5Y29ycA,RocketPropelledTransportationDevice:Mx4rwQwoMJwpEbGdrcN5Y29ycA,1,DISJOINT,Long_March_1D
Person:Mx4rvViAkpwpEbGdrcN5Y29ycA,PoliticalParty:Mx4rvVj82pwpEbGdrcN5Y29ycA,1,DISJOINT,-
PoliticalParty:Mx4rvVj82pwpEbGdrcN5Y29ycA,SoccerPlayer:Mx4rvVkDmZwpEbGdrcN5Y29ycA,1,DISJOINT,-
Athlete:Mx4rvVi--5wpEbGdrcN5Y29ycA,PoliticalParty:Mx4rvVj82pwpEbGdrcN5Y29ycA,1,DISJOINT,-
InformationManagementUse:Mx4rG2RbunpTQdefUrwS_Ai9Vg,SportsTeam:Mx4rvViwbJwpEbGdrcN5Y29ycA,1,DISJOINT,DOS
InformationManagementUse:Mx4rG2RbunpTQdefUrwS_Ai9Vg,SoccerTeam:Mx4rvViLwpwpEbGdrcN5Y29ycA,1,DISJOINT,DOS
BodyOfWater:Mx4rvViE_JwpEbGdrcN5Y29ycA,TransportationDevice-Vehicle:Mx4rwLzhaZwpEbGdrcN5Y29ycA,1,DISJOINT,Twin_City_Rapid_Transit
BodyOfWater:Mx4rvViE_JwpEbGdrcN5Y29ycA,Train-TransportationDevice:Mx4rvVjIJZwpEbGdrcN5Y29ycA,1,DISJOINT,Twin_City_Rapid_Transit
River:Mx4rvVkHM5wpEbGdrcN5Y29ycA,TransportationDevice-Vehicle:Mx4rwLzhaZwpEbGdrcN5Y29ycA,1,DISJOINT,Twin_City_Rapid_Transit
River:Mx4rvVkHM5wpEbGdrcN5Y29ycA,Train-TransportationDevice:Mx4rvVjIJZwpEbGdrcN5Y29ycA,1,DISJOINT,Twin_City_Rapid_Transit
Stream:Mx4rvVkHdJwpEbGdrcN5Y29ycA,TransportationDevice-Vehicle:Mx4rwLzhaZwpEbGdrcN5Y29ycA,1,DISJOINT,Twin_City_Rapid_Transit
Stream:Mx4rvVkHdJwpEbGdrcN5Y29ycA,Train-TransportationDevice:Mx4rvVjIJZwpEbGdrcN5Y29ycA,1,DISJOINT,Twin_City_Rapid_Transit
NaturalThing:Mx4rvn7CU5wpEbGdrcN5Y29ycA,TransportationDevice-Vehicle:Mx4rwLzhaZwpEbGdrcN5Y29ycA,1,DISJOINT,Twin_City_Rapid_Transit
NaturalThing:Mx4rvn7CU5wpEbGdrcN5Y29ycA,Train-TransportationDevice:Mx4rvVjIJZwpEbGdrcN5Y29ycA,1,DISJOINT,Twin_City_Rapid_Transit
Country:Mx4rvViIeZwpEbGdrcN5Y29ycA,MusicalComposition:Mx4rwUwN3ZwpEbGdrcN5Y29ycA,1,DISJOINT,Catholics
Album-CW:Mx4rwLmi3JwpEbGdrcN5Y29ycA,Country:Mx4rvViIeZwpEbGdrcN5Y29ycA,1,DISJOINT,Catholics
RecordCompany:Mx4rwNdapZwpEbGdrcN5Y29ycA,Sport:Mx4rwPySLpwpEbGdrcN5Y29ycA,1,DISJOINT,Track_and_Field
Business:Mx4rvVjQNpwpEbGdrcN5Y29ycA,Sport:Mx4rwPySLpwpEbGdrcN5Y29ycA,1,DISJOINT,Track_and_Field
CollegeCoach:Mx4rmy4ToLZbEd2AAAAhm0vLxw,ConceptualWork:Mx4rwClAZJwpEbGdrcN5Y29ycA,1,DISJOINT,TBA
CollegeCoach:Mx4rmy4ToLZbEd2AAAAhm0vLxw,MusicalComposition:Mx4rwUwN3ZwpEbGdrcN5Y29ycA,1,DISJOINT,TBA
Album-CW:Mx4rwLmi3JwpEbGdrcN5Y29ycA,CollegeCoach:Mx4rmy4ToLZbEd2AAAAhm0vLxw,1,DISJOINT,TBA
Country:Mx4rvViIeZwpEbGdrcN5Y29ycA,SoccerTeam:Mx4rvViLwpwpEbGdrcN5Y29ycA,1,DISJOINT,URS
Country:Mx4rvViIeZwpEbGdrcN5Y29ycA,SportsTeam:Mx4rvViwbJwpEbGdrcN5Y29ycA,1,DISJOINT,URS
PoliticalParty:Mx4rvVj82pwpEbGdrcN5Y29ycA,Village:Mx4rv33BppwpEbGdrcN5Y29ycA,1,DISJOINT,Arizona_Democratic_Party
FacetingCollectionType:Mx4rvprlOZwpEbGdrcN5Y29ycA,MediaOrganization:Mx4rv9YQyZwpEbGdrcN5Y29ycA,1,DISJOINT,History_(U.S._TV_channel)
MediaOrganization:Mx4rv9YQyZwpEbGdrcN5Y29ycA,MusicalCompositionTypeByGenre:Mx4rioU-FHSwEdaAAACgyZzFrg,1,DISJOINT,History_(U.S._TV_channel)
BiologicalSpecies:Mx4rvVjK65wpEbGdrcN5Y29ycA,Country:Mx4rvViIeZwpEbGdrcN5Y29ycA,1,DISJOINT,Martian
Artist:Mx4rwMcZI5wpEbGdrcN5Y29ycA,TelevisionStation:Mx4rwQCRppwpEbGdrcN5Y29ycA,1,DISJOINT,Sony_Entertainment_Television_India
Country:Mx4rvViIeZwpEbGdrcN5Y29ycA,EukaryoticOrganism:Mx4rv8gyOpwpEbGdrcN5Y29ycA,1,DISJOINT,Martian
Artist:Mx4rwMcZI5wpEbGdrcN5Y29ycA,RadioStation-Organization:Mx4rvVjvzZwpEbGdrcN5Y29ycA,1,DISJOINT,Russia_1
FacetingCollectionType:Mx4rvprlOZwpEbGdrcN5Y29ycA,GeopoliticalEntity:Mx4rvVjl2pwpEbGdrcN5Y29ycA,1,DISJOINT,German_philosophy
GeopoliticalEntity:Mx4rvVjl2pwpEbGdrcN5Y29ycA,MusicalCompositionTypeByGenre:Mx4rioU-FHSwEdaAAACgyZzFrg,1,DISJOINT,German_philosophy
AdministrativeDistrict:Mx4rbFoHaMb1EdmAAAACs6hRjg,MusicalCompositionTypeByGenre:Mx4rioU-FHSwEdaAAACgyZzFrg,1,DISJOINT,German_philosophy
AdministrativeDistrict:Mx4rbFoHaMb1EdmAAAACs6hRjg,FacetingCollectionType:Mx4rvprlOZwpEbGdrcN5Y29ycA,1,DISJOINT,German_philosophy
PopulatedPlace:Mx4rrPJDpCTfQdeS8IqP1a0lBw,University:Mx4rvVjjvpwpEbGdrcN5Y29ycA,1,DISJOINT,Sri_lanka
BodyOfWater:Mx4rvViE_JwpEbGdrcN5Y29ycA,Island:Mx4rvVi7OZwpEbGdrcN5Y29ycA,1,DISJOINT,Adriatic
Island:Mx4rvVi7OZwpEbGdrcN5Y29ycA,River:Mx4rvVkHM5wpEbGdrcN5Y29ycA,1,DISJOINT,Adriatic
Island:Mx4rvVi7OZwpEbGdrcN5Y29ycA,Stream:Mx4rvVkHdJwpEbGdrcN5Y29ycA,1,DISJOINT,Adriatic
EukaryoticOrganism:Mx4rv8gyOpwpEbGdrcN5Y29ycA,Organization:Mx4rvVjVT5wpEbGdrcN5Y29ycA,1,DISJOINT,Longfellow_(horse)
Mammal:Mx4rvVimKJwpEbGdrcN5Y29ycA,Organization:Mx4rvVjVT5wpEbGdrcN5Y29ycA,1,DISJOINT,Longfellow_(horse)
SalesActivity:Mx4rvViP0pwpEbGdrcN5Y29ycA,Village:Mx4rv33BppwpEbGdrcN5Y29ycA,1,DISJOINT,Australian_Recording_Industry_Association
Animal:Mx4rvViwMZwpEbGdrcN5Y29ycA,Organization:Mx4rvVjVT5wpEbGdrcN5Y29ycA,1,DISJOINT,Longfellow_(horse)
BiologicalSpecies:Mx4rvVjK65wpEbGdrcN5Y29ycA,Organization:Mx4rvVjVT5wpEbGdrcN5Y29ycA,1,DISJOINT,Longfellow_(horse)
Organization:Mx4rvVjVT5wpEbGdrcN5Y29ycA,Racehorse:Mx4rdDJ92McaEdmAAAACs6hRjg,1,DISJOINT,Longfellow_(horse)
AirTransportationVehicle:Mx4rz9o1UoVbQdeGXJ2yLxG0_A,ConflictEvent:Mx4rvyEmy5wpEbGdrcN5Y29ycA,1,DISJOINT,P-38_Lightning
AirTransportationVehicle:Mx4rz9o1UoVbQdeGXJ2yLxG0_A,Event:Mx4rvViADZwpEbGdrcN5Y29ycA,1,DISJOINT,P-38_Lightning
Business:Mx4rvVjQNpwpEbGdrcN5Y29ycA,Person:Mx4rvViAkpwpEbGdrcN5Y29ycA,1,DISJOINT,Central_Committee
EducationalOrganization:Mx4rvViNQZwpEbGdrcN5Y29ycA,Language:Mx4rvVj0iZwpEbGdrcN5Y29ycA,1,DISJOINT,English_literature
Cleric:Mx4rvVjaa5wpEbGdrcN5Y29ycA,Place:Mx4rvVjTtJwpEbGdrcN5Y29ycA,1,DISJOINT,Pope
Cleric:Mx4rvVjaa5wpEbGdrcN5Y29ycA,Country:Mx4rvViIeZwpEbGdrcN5Y29ycA,1,DISJOINT,Pope
Cleric:Mx4rvVjaa5wpEbGdrcN5Y29ycA,PopulatedPlace:Mx4rrPJDpCTfQdeS8IqP1a0lBw,1,DISJOINT,Pope
Bishop-Clerical:Mx4rwN8hS5wpEbGdrcN5Y29ycA,Place:Mx4rvVjTtJwpEbGdrcN5Y29ycA,1,DISJOINT,Pope
Bishop-Clerical:Mx4rwN8hS5wpEbGdrcN5Y29ycA,Country:Mx4rvViIeZwpEbGdrcN5Y29ycA,1,DISJOINT,Pope
Mammal:Mx4rvVimKJwpEbGdrcN5Y29ycA,PopulatedPlace:Mx4rrPJDpCTfQdeS8IqP1a0lBw,1,DISJOINT,Salt_Lake
Mammal:Mx4rvVimKJwpEbGdrcN5Y29ycA,Place:Mx4rvVjTtJwpEbGdrcN5Y29ycA,1,DISJOINT,Salt_Lake
Bishop-Clerical:Mx4rwN8hS5wpEbGdrcN5Y29ycA,PopulatedPlace:Mx4rrPJDpCTfQdeS8IqP1a0lBw,1,DISJOINT,Pope
FacetingCollectionType:Mx4rvprlOZwpEbGdrcN5Y29ycA,SalesActivity:Mx4rvViP0pwpEbGdrcN5Y29ycA,1,DISJOINT,Taiwanese_pop
MusicalCompositionTypeByGenre:Mx4rioU-FHSwEdaAAACgyZzFrg,SalesActivity:Mx4rvViP0pwpEbGdrcN5Y29ycA,1,DISJOINT,Taiwanese_pop
MusicalCompositionTypeByGenre:Mx4rioU-FHSwEdaAAACgyZzFrg,NaturalThing:Mx4rvn7CU5wpEbGdrcN5Y29ycA,1,DISJOINT,Seepage
MusicalCompositionTypeByGenre:Mx4rioU-FHSwEdaAAACgyZzFrg,Stream:Mx4rvVkHdJwpEbGdrcN5Y29ycA,1,DISJOINT,Seepage
MusicalCompositionTypeByGenre:Mx4rioU-FHSwEdaAAACgyZzFrg,River:Mx4rvVkHM5wpEbGdrcN5Y29ycA,1,DISJOINT,Seepage
FacetingCollectionType:Mx4rvprlOZwpEbGdrcN5Y29ycA,NaturalThing:Mx4rvn7CU5wpEbGdrcN5Y29ycA,1,DISJOINT,Seepage
FacetingCollectionType:Mx4rvprlOZwpEbGdrcN5Y29ycA,Stream:Mx4rvVkHdJwpEbGdrcN5Y29ycA,1,DISJOINT,Seepage
FacetingCollectionType:Mx4rvprlOZwpEbGdrcN5Y29ycA,River:Mx4rvVkHM5wpEbGdrcN5Y29ycA,1,DISJOINT,Seepage
Mountain:Mx4rvVjODZwpEbGdrcN5Y29ycA,Organization:Mx4rvVjVT5wpEbGdrcN5Y29ycA,1,DISJOINT,U.S._Geological_Survey
Agent-Generic:Mx4rvsaaeJwpEbGdrcN5Y29ycA,Mountain:Mx4rvVjODZwpEbGdrcN5Y29ycA,1,DISJOINT,U.S._Geological_Survey
BodyOfWater:Mx4rvViE_JwpEbGdrcN5Y29ycA,MusicalCompositionTypeByGenre:Mx4rioU-FHSwEdaAAACgyZzFrg,1,DISJOINT,Seepage
BodyOfWater:Mx4rvViE_JwpEbGdrcN5Y29ycA,FacetingCollectionType:Mx4rvprlOZwpEbGdrcN5Y29ycA,1,DISJOINT,Seepage
Event:Mx4rvViADZwpEbGdrcN5Y29ycA,MusicalComposition:Mx4rwUwN3ZwpEbGdrcN5Y29ycA,1,DISJOINT,South_African_War
ConflictEvent:Mx4rvyEmy5wpEbGdrcN5Y29ycA,MusicalComposition:Mx4rwUwN3ZwpEbGdrcN5Y29ycA,1,DISJOINT,South_African_War
Album-CW:Mx4rwLmi3JwpEbGdrcN5Y29ycA,Event:Mx4rvViADZwpEbGdrcN5Y29ycA,1,DISJOINT,South_African_War
Album-CW:Mx4rwLmi3JwpEbGdrcN5Y29ycA,ConflictEvent:Mx4rvyEmy5wpEbGdrcN5Y29ycA,1,DISJOINT,South_African_War
CollegeCoach:Mx4rmy4ToLZbEd2AAAAhm0vLxw,Organization:Mx4rvVjVT5wpEbGdrcN5Y29ycA,1,DISJOINT,N/A
CollegeCoach:Mx4rmy4ToLZbEd2AAAAhm0vLxw,SoccerTeam:Mx4rvViLwpwpEbGdrcN5Y29ycA,1,DISJOINT,N/A
CollegeCoach:Mx4rmy4ToLZbEd2AAAAhm0vLxw,SportsTeam:Mx4rvViwbJwpEbGdrcN5Y29ycA,1,DISJOINT,N/A
RecordCompany:Mx4rwNdapZwpEbGdrcN5Y29ycA,TelevisionStation:Mx4rwQCRppwpEbGdrcN5Y29ycA,1,DISJOINT,Five_(channel)
SoccerPlayer:Mx4rvVkDmZwpEbGdrcN5Y29ycA,Village:Mx4rv33BppwpEbGdrcN5Y29ycA,1,DISJOINT,Duarte
Athlete:Mx4rvVi--5wpEbGdrcN5Y29ycA,Village:Mx4rv33BppwpEbGdrcN5Y29ycA,1,DISJOINT,Duarte
Canal:Mx4rvVjzcZwpEbGdrcN5Y29ycA,Village:Mx4rv33BppwpEbGdrcN5Y29ycA,1,DISJOINT,Regent's_Canal
AilmentCondition:Mx4rwQwYVpwpEbGdrcN5Y29ycA,PoliticalParty:Mx4rvVj82pwpEbGdrcN5Y29ycA,1,DISJOINT,Jan_Sangh
Country:Mx4rvViIeZwpEbGdrcN5Y29ycA,PoliticalParty:Mx4rvVj82pwpEbGdrcN5Y29ycA,1,DISJOINT,Syrian
ConceptualWork:Mx4rwClAZJwpEbGdrcN5Y29ycA,MusicalPerformer:Mx4rvVjqXpwpEbGdrcN5Y29ycA,1,DISJOINT,Captain_Underpants
BodyOfWater:Mx4rvViE_JwpEbGdrcN5Y29ycA,RecordCompany:Mx4rwNdapZwpEbGdrcN5Y29ycA,1,DISJOINT,Wagram
MediaOrganization:Mx4rv9YQyZwpEbGdrcN5Y29ycA,MuseumStructure:Mx4rvWEnjpwpEbGdrcN5Y29ycA,1,DISJOINT,Tate_Gallery
ConstructionArtifact:Mx4rvVidpZwpEbGdrcN5Y29ycA,MediaOrganization:Mx4rv9YQyZwpEbGdrcN5Y29ycA,1,DISJOINT,Tate_Gallery
GeopoliticalEntity:Mx4rvVjl2pwpEbGdrcN5Y29ycA,MusicalComposition:Mx4rwUwN3ZwpEbGdrcN5Y29ycA,1,DISJOINT,North_Coast
AdministrativeDistrict:Mx4rbFoHaMb1EdmAAAACs6hRjg,Album-CW:Mx4rwLmi3JwpEbGdrcN5Y29ycA,1,DISJOINT,North_Coast
AdministrativeDistrict:Mx4rbFoHaMb1EdmAAAACs6hRjg,MusicalComposition:Mx4rwUwN3ZwpEbGdrcN5Y29ycA,1,DISJOINT,North_Coast
AdministrativeDistrict:Mx4rbFoHaMb1EdmAAAACs6hRjg,ConceptualWork:Mx4rwClAZJwpEbGdrcN5Y29ycA,1,DISJOINT,North_Coast
Album-CW:Mx4rwLmi3JwpEbGdrcN5Y29ycA,GeopoliticalEntity:Mx4rvVjl2pwpEbGdrcN5Y29ycA,1,DISJOINT,North_Coast
ConceptualWork:Mx4rwClAZJwpEbGdrcN5Y29ycA,GeopoliticalEntity:Mx4rvVjl2pwpEbGdrcN5Y29ycA,1,DISJOINT,North_Coast
ConstructionArtifact:Mx4rvVidpZwpEbGdrcN5Y29ycA,TelevisionStation:Mx4rwQCRppwpEbGdrcN5Y29ycA,1,DISJOINT,Tate_Gallery
MuseumStructure:Mx4rvWEnjpwpEbGdrcN5Y29ycA,TelevisionStation:Mx4rwQCRppwpEbGdrcN5Y29ycA,1,DISJOINT,Tate_Gallery
Canal:Mx4rvVjzcZwpEbGdrcN5Y29ycA,Organization:Mx4rvVjVT5wpEbGdrcN5Y29ycA,1,DISJOINT,Birmingham_Canal_Navigations
Building:Mx4rvVj7KJwpEbGdrcN5Y29ycA,MediaOrganization:Mx4rv9YQyZwpEbGdrcN5Y29ycA,1,DISJOINT,Tate_Gallery
Agent-Generic:Mx4rvsaaeJwpEbGdrcN5Y29ycA,Canal:Mx4rvVjzcZwpEbGdrcN5Y29ycA,1,DISJOINT,Birmingham_Canal_Navigations
Building:Mx4rvVj7KJwpEbGdrcN5Y29ycA,TelevisionStation:Mx4rwQCRppwpEbGdrcN5Y29ycA,1,DISJOINT,Tate_Gallery
MusicalCompositionTypeByGenre:Mx4rioU-FHSwEdaAAACgyZzFrg,Person:Mx4rvViAkpwpEbGdrcN5Y29ycA,1,DISJOINT,Background_music
Business:Mx4rvVjQNpwpEbGdrcN5Y29ycA,Canal:Mx4rvVjzcZwpEbGdrcN5Y29ycA,1,DISJOINT,Birmingham_Canal_Navigations
Business:Mx4rvVjQNpwpEbGdrcN5Y29ycA,Stream:Mx4rvVkHdJwpEbGdrcN5Y29ycA,1,DISJOINT,Birmingham_Canal_Navigations
Country:Mx4rvViIeZwpEbGdrcN5Y29ycA,Currency:Mx4rvVjMQpwpEbGdrcN5Y29ycA,1,DISJOINT,Aztec
FacetingCollectionType:Mx4rvprlOZwpEbGdrcN5Y29ycA,Person:Mx4rvViAkpwpEbGdrcN5Y29ycA,1,DISJOINT,Background_music
Country:Mx4rvViIeZwpEbGdrcN5Y29ycA,School-AcademicOrganization:Mx4r3np2ODTxEdqAAAAH6RYvSQ,1,DISJOINT,Al-Qaeda
ConstructionArtifact:Mx4rvVidpZwpEbGdrcN5Y29ycA,Person:Mx4rvViAkpwpEbGdrcN5Y29ycA,1,DISJOINT,North_East_railway_line
Person:Mx4rvViAkpwpEbGdrcN5Y29ycA,Railway:Mx4rvVi-lJwpEbGdrcN5Y29ycA,1,DISJOINT,North_East_railway_line
Organization:Mx4rvVjVT5wpEbGdrcN5Y29ycA,SalesActivity:Mx4rvViP0pwpEbGdrcN5Y29ycA,1,DISJOINT,"State_Administration_of_Radio,_Film,_and_Television"
Business:Mx4rvVjQNpwpEbGdrcN5Y29ycA,SalesActivity:Mx4rvViP0pwpEbGdrcN5Y29ycA,1,DISJOINT,"State_Administration_of_Radio,_Film,_and_Television"
Agent-Generic:Mx4rvsaaeJwpEbGdrcN5Y29ycA,SalesActivity:Mx4rvViP0pwpEbGdrcN5Y29ycA,1,DISJOINT,"State_Administration_of_Radio,_Film,_and_Television"
ElectedOfficial:Mx4r1PJrHNViQdaf4KqKrwDfPQ,Village:Mx4rv33BppwpEbGdrcN5Y29ycA,1,DISJOINT,Tafawa_Balewa
BiologicalSpecies:Mx4rvVjK65wpEbGdrcN5Y29ycA,City:Mx4rvVjnZ5wpEbGdrcN5Y29ycA,1,DISJOINT,American_Beaver
BiologicalSpecies:Mx4rvVjK65wpEbGdrcN5Y29ycA,Village:Mx4rv33BppwpEbGdrcN5Y29ycA,1,DISJOINT,American_Beaver
City:Mx4rvVjnZ5wpEbGdrcN5Y29ycA,EukaryoticOrganism:Mx4rv8gyOpwpEbGdrcN5Y29ycA,1,DISJOINT,American_Beaver
EukaryoticOrganism:Mx4rv8gyOpwpEbGdrcN5Y29ycA,Village:Mx4rv33BppwpEbGdrcN5Y29ycA,1,DISJOINT,American_Beaver
Currency:Mx4rvVjMQpwpEbGdrcN5Y29ycA,Village:Mx4rv33BppwpEbGdrcN5Y29ycA,1,DISJOINT,Lira
Animal:Mx4rvViwMZwpEbGdrcN5Y29ycA,City:Mx4rvVjnZ5wpEbGdrcN5Y29ycA,1,DISJOINT,American_Beaver
Animal:Mx4rvViwMZwpEbGdrcN5Y29ycA,Village:Mx4rv33BppwpEbGdrcN5Y29ycA,1,DISJOINT,American_Beaver
Business:Mx4rvVjQNpwpEbGdrcN5Y29ycA,Country:Mx4rvViIeZwpEbGdrcN5Y29ycA,1,DISJOINT,PHI
ConceptualWork:Mx4rwClAZJwpEbGdrcN5Y29ycA,Organization:Mx4rvVjVT5wpEbGdrcN5Y29ycA,1,DISJOINT,Goodman_School_of_Drama
Village:Mx4rv33BppwpEbGdrcN5Y29ycA,ViticulturalDomain:Mx4rvjsm2ZwpEbGdrcN5Y29ycA,1,DISJOINT,"Centro,_Portugal"
ConceptualWork:Mx4rwClAZJwpEbGdrcN5Y29ycA,Country:Mx4rvViIeZwpEbGdrcN5Y29ycA,1,DISJOINT,Amazonia
Business:Mx4rvVjQNpwpEbGdrcN5Y29ycA,MusicalComposition:Mx4rwUwN3ZwpEbGdrcN5Y29ycA,1,DISJOINT,Mirage_Press
Album-CW:Mx4rwLmi3JwpEbGdrcN5Y29ycA,Business:Mx4rvVjQNpwpEbGdrcN5Y29ycA,1,DISJOINT,Mirage_Press
ConceptualWork:Mx4rwClAZJwpEbGdrcN5Y29ycA,MediaOrganization:Mx4rv9YQyZwpEbGdrcN5Y29ycA,1,DISJOINT,American_Le_Mans_Series
Artist:Mx4rwMcZI5wpEbGdrcN5Y29ycA,BiologicalSpecies:Mx4rvVjK65wpEbGdrcN5Y29ycA,1,DISJOINT,Puppy
Person:Mx4rvViAkpwpEbGdrcN5Y29ycA,SportsLeague:Mx4rvVjbp5wpEbGdrcN5Y29ycA,1,DISJOINT,DEL
AirTransportationVehicle:Mx4rz9o1UoVbQdeGXJ2yLxG0_A,MusicalPerformer:Mx4rvVjqXpwpEbGdrcN5Y29ycA,1,DISJOINT,D
AirTransportationVehicle:Mx4rz9o1UoVbQdeGXJ2yLxG0_A,Artist:Mx4rwMcZI5wpEbGdrcN5Y29ycA,1,DISJOINT,D
MusicalPerformer:Mx4rvVjqXpwpEbGdrcN5Y29ycA,TransportationDevice-Vehicle:Mx4rwLzhaZwpEbGdrcN5Y29ycA,1,DISJOINT,D
Artist:Mx4rwMcZI5wpEbGdrcN5Y29ycA,TransportationDevice-Vehicle:Mx4rwLzhaZwpEbGdrcN5Y29ycA,1,DISJOINT,D
Person:Mx4rvViAkpwpEbGdrcN5Y29ycA,Sport:Mx4rwPySLpwpEbGdrcN5Y29ycA,1,DISJOINT,Track_&_Field
Astronaut:Mx4rvViddZwpEbGdrcN5Y29ycA,TransportationDevice-Vehicle:Mx4rwLzhaZwpEbGdrcN5Y29ycA,1,DISJOINT,T-38_Talon
AirTransportationVehicle:Mx4rz9o1UoVbQdeGXJ2yLxG0_A,Astronaut:Mx4rvViddZwpEbGdrcN5Y29ycA,1,DISJOINT,T-38_Talon
Band-MusicGroup:Mx4rvgEZGJwpEbGdrcN5Y29ycA,Place:Mx4rvVjTtJwpEbGdrcN5Y29ycA,1,DISJOINT,Burmese
Train-TransportationDevice:Mx4rvVjIJZwpEbGdrcN5Y29ycA,Village:Mx4rv33BppwpEbGdrcN5Y29ycA,1,DISJOINT,ALWEG
Band-MusicGroup:Mx4rvgEZGJwpEbGdrcN5Y29ycA,PopulatedPlace:Mx4rrPJDpCTfQdeS8IqP1a0lBw,1,DISJOINT,Burmese
Band-MusicGroup:Mx4rvgEZGJwpEbGdrcN5Y29ycA,Country:Mx4rvViIeZwpEbGdrcN5Y29ycA,1,DISJOINT,Burmese
ComputerLanguage:Mx4rv36oXZwpEbGdrcN5Y29ycA,Organization:Mx4rvVjVT5wpEbGdrcN5Y29ycA,1,DISJOINT,Ajax
ComputerLanguage:Mx4rv36oXZwpEbGdrcN5Y29ycA,SoccerTeam:Mx4rvViLwpwpEbGdrcN5Y29ycA,1,DISJOINT,Ajax
ComputerLanguage:Mx4rv36oXZwpEbGdrcN5Y29ycA,SportsTeam:Mx4rvViwbJwpEbGdrcN5Y29ycA,1,DISJOINT,Ajax
CollegeCoach:Mx4rmy4ToLZbEd2AAAAhm0vLxw,Country:Mx4rvViIeZwpEbGdrcN5Y29ycA,1,DISJOINT,ROM
BiologicalSpecies:Mx4rvVjK65wpEbGdrcN5Y29ycA,InformationManagementUse:Mx4rG2RbunpTQdefUrwS_Ai9Vg,1,DISJOINT,Lynx
Racehorse:Mx4rdDJ92McaEdmAAAACs6hRjg,RecordCompany:Mx4rwNdapZwpEbGdrcN5Y29ycA,1,DISJOINT,Buskin
BiologicalSpecies:Mx4rvVjK65wpEbGdrcN5Y29ycA,PhysicalDevice:Mx4rvVjHL5wpEbGdrcN5Y29ycA,1,DISJOINT,Lynx
Mammal:Mx4rvVimKJwpEbGdrcN5Y29ycA,RecordCompany:Mx4rwNdapZwpEbGdrcN5Y29ycA,1,DISJOINT,Buskin
SoccerTeam:Mx4rvViLwpwpEbGdrcN5Y29ycA,Village:Mx4rv33BppwpEbGdrcN5Y29ycA,1,DISJOINT,"Silves_Municipality,_Portugal"
EukaryoticOrganism:Mx4rv8gyOpwpEbGdrcN5Y29ycA,PhysicalDevice:Mx4rvVjHL5wpEbGdrcN5Y29ycA,1,DISJOINT,Lynx
Animal:Mx4rvViwMZwpEbGdrcN5Y29ycA,FacetingCollectionType:Mx4rvprlOZwpEbGdrcN5Y29ycA,1,DISJOINT,Rhythm
Animal:Mx4rvViwMZwpEbGdrcN5Y29ycA,MusicalCompositionTypeByGenre:Mx4rioU-FHSwEdaAAACgyZzFrg,1,DISJOINT,Rhythm
Mammal:Mx4rvVimKJwpEbGdrcN5Y29ycA,MusicalCompositionTypeByGenre:Mx4rioU-FHSwEdaAAACgyZzFrg,1,DISJOINT,Rhythm
FacetingCollectionType:Mx4rvprlOZwpEbGdrcN5Y29ycA,Racehorse:Mx4rdDJ92McaEdmAAAACs6hRjg,1,DISJOINT,Rhythm
FacetingCollectionType:Mx4rvprlOZwpEbGdrcN5Y29ycA,Mammal:Mx4rvVimKJwpEbGdrcN5Y29ycA,1,DISJOINT,Rhythm
MusicalCompositionTypeByGenre:Mx4rioU-FHSwEdaAAACgyZzFrg,Racehorse:Mx4rdDJ92McaEdmAAAACs6hRjg,1,DISJOINT,Rhythm
Animal:Mx4rvViwMZwpEbGdrcN5Y29ycA,InformationManagementUse:Mx4rG2RbunpTQdefUrwS_Ai9Vg,1,DISJOINT,Lynx
Animal:Mx4rvViwMZwpEbGdrcN5Y29ycA,PhysicalDevice:Mx4rvVjHL5wpEbGdrcN5Y29ycA,1,DISJOINT,Lynx
Color:Mx4rr19QJHStEdaAAACgyZzFrg,Person:Mx4rvViAkpwpEbGdrcN5Y29ycA,1,DISJOINT,Murrey
Color:Mx4rr19QJHStEdaAAACgyZzFrg,SoccerPlayer:Mx4rvVkDmZwpEbGdrcN5Y29ycA,1,DISJOINT,Murrey
Athlete:Mx4rvVi--5wpEbGdrcN5Y29ycA,Color:Mx4rr19QJHStEdaAAACgyZzFrg,1,DISJOINT,Murrey
River:Mx4rvVkHM5wpEbGdrcN5Y29ycA,Village:Mx4rv33BppwpEbGdrcN5Y29ycA,1,DISJOINT,Rain
Country:Mx4rvViIeZwpEbGdrcN5Y29ycA,TransportFacility:Mx4rvWjXAJwpEbGdrcN5Y29ycA,1,DISJOINT,USA
InformationManagementUse:Mx4rG2RbunpTQdefUrwS_Ai9Vg,PopulatedPlace:Mx4rrPJDpCTfQdeS8IqP1a0lBw,1,DISJOINT,SCO
Country:Mx4rvViIeZwpEbGdrcN5Y29ycA,InformationManagementUse:Mx4rG2RbunpTQdefUrwS_Ai9Vg,1,DISJOINT,SCO
Artist:Mx4rwMcZI5wpEbGdrcN5Y29ycA,Place:Mx4rvVjTtJwpEbGdrcN5Y29ycA,1,DISJOINT,Hiram
Artist:Mx4rwMcZI5wpEbGdrcN5Y29ycA,PopulatedPlace:Mx4rrPJDpCTfQdeS8IqP1a0lBw,1,DISJOINT,Hiram
Artist:Mx4rwMcZI5wpEbGdrcN5Y29ycA,Village:Mx4rv33BppwpEbGdrcN5Y29ycA,1,DISJOINT,Hiram
EducationalOrganization:Mx4rvViNQZwpEbGdrcN5Y29ycA,MusicalPerformer:Mx4rvVjqXpwpEbGdrcN5Y29ycA,1,DISJOINT,Bachelor_of_Music
MusicalPerformer:Mx4rvVjqXpwpEbGdrcN5Y29ycA,University:Mx4rvVjjvpwpEbGdrcN5Y29ycA,1,DISJOINT,Bachelor_of_Music
AilmentCondition:Mx4rwQwYVpwpEbGdrcN5Y29ycA,Artist:Mx4rwMcZI5wpEbGdrcN5Y29ycA,1,DISJOINT,Arash_Hejazi
BiologicalSpecies:Mx4rvVjK65wpEbGdrcN5Y29ycA,Food:Mx4rvVi9i5wpEbGdrcN5Y29ycA,1,DISJOINT,Lavender
Animal:Mx4rvViwMZwpEbGdrcN5Y29ycA,Food:Mx4rvVi9i5wpEbGdrcN5Y29ycA,1,DISJOINT,Lavender
SoccerTeam:Mx4rvViLwpwpEbGdrcN5Y29ycA,TransportationDevice-Vehicle:Mx4rwLzhaZwpEbGdrcN5Y29ycA,1,DISJOINT,FSO_Warszawa
Automobile:Mx4rvViVwZwpEbGdrcN5Y29ycA,SoccerTeam:Mx4rvViLwpwpEbGdrcN5Y29ycA,1,DISJOINT,FSO_Warszawa
Automobile:Mx4rvViVwZwpEbGdrcN5Y29ycA,SportsTeam:Mx4rvViwbJwpEbGdrcN5Y29ycA,1,DISJOINT,FSO_Warszawa
SportsTeam:Mx4rvViwbJwpEbGdrcN5Y29ycA,TransportationDevice-Vehicle:Mx4rwLzhaZwpEbGdrcN5Y29ycA,1,DISJOINT,FSO_Warszawa
Album-CW:Mx4rwLmi3JwpEbGdrcN5Y29ycA,MediaOrganization:Mx4rv9YQyZwpEbGdrcN5Y29ycA,1,DISJOINT,TEENick_(block)
AilmentCondition:Mx4rwQwYVpwpEbGdrcN5Y29ycA,ConflictEvent:Mx4rvyEmy5wpEbGdrcN5Y29ycA,1,DISJOINT,Great_Purge
Color:Mx4rr19QJHStEdaAAACgyZzFrg,ConceptualWork:Mx4rwClAZJwpEbGdrcN5Y29ycA,1,DISJOINT,Scarlett
Brain:Mx4rvVjT65wpEbGdrcN5Y29ycA,RecordCompany:Mx4rwNdapZwpEbGdrcN5Y29ycA,1,DISJOINT,Brain
Brain:Mx4rvVjT65wpEbGdrcN5Y29ycA,Business:Mx4rvVjQNpwpEbGdrcN5Y29ycA,1,DISJOINT,Brain
ConceptualWork:Mx4rwClAZJwpEbGdrcN5Y29ycA,Stream:Mx4rvVkHdJwpEbGdrcN5Y29ycA,1,DISJOINT,Daugava
ConceptualWork:Mx4rwClAZJwpEbGdrcN5Y29ycA,River:Mx4rvVkHM5wpEbGdrcN5Y29ycA,1,DISJOINT,Daugava
MusicalComposition:Mx4rwUwN3ZwpEbGdrcN5Y29ycA,Stream:Mx4rvVkHdJwpEbGdrcN5Y29ycA,1,DISJOINT,Daugava
MusicalComposition:Mx4rwUwN3ZwpEbGdrcN5Y29ycA,River:Mx4rvVkHM5wpEbGdrcN5Y29ycA,1,DISJOINT,Daugava
Album-CW:Mx4rwLmi3JwpEbGdrcN5Y29ycA,Stream:Mx4rvVkHdJwpEbGdrcN5Y29ycA,1,DISJOINT,Daugava
Album-CW:Mx4rwLmi3JwpEbGdrcN5Y29ycA,River:Mx4rvVkHM5wpEbGdrcN5Y29ycA,1,DISJOINT,Daugava
Album-CW:Mx4rwLmi3JwpEbGdrcN5Y29ycA,BodyOfWater:Mx4rvViE_JwpEbGdrcN5Y29ycA,1,DISJOINT,Daugava
BodyOfWater:Mx4rvViE_JwpEbGdrcN5Y29ycA,ConceptualWork:Mx4rwClAZJwpEbGdrcN5Y29ycA,1,DISJOINT,Daugava
BodyOfWater:Mx4rvViE_JwpEbGdrcN5Y29ycA,MusicalComposition:Mx4rwUwN3ZwpEbGdrcN5Y29ycA,1,DISJOINT,Daugava
LegislativeOrganization:Mx4rteh8Dh5sQdeGx9CE3Izj5w,Person:Mx4rvViAkpwpEbGdrcN5Y29ycA,1,DISJOINT,Mayor_of_London
Artist:Mx4rwMcZI5wpEbGdrcN5Y29ycA,LegislativeOrganization:Mx4rteh8Dh5sQdeGx9CE3Izj5w,1,DISJOINT,Mayor_of_London
